pair_dir,success,error,returncode,total_changes
/app/data/coming_data/pair_00000,False,"Error: Could not find or load main class fr.inria.sacha.remining.coming.analyzer.Main
Caused by: java.lang.ClassNotFoundException: fr.inria.sacha.remining.coming.analyzer.Main
",1,
/app/data/coming_data/pair_00001,False,"Error: Could not find or load main class fr.inria.sacha.remining.coming.analyzer.Main
Caused by: java.lang.ClassNotFoundException: fr.inria.sacha.remining.coming.analyzer.Main
",1,
/app/data/coming_data/pair_00002,False,"Error: Could not find or load main class fr.inria.sacha.remining.coming.analyzer.Main
Caused by: java.lang.ClassNotFoundException: fr.inria.sacha.remining.coming.analyzer.Main
",1,
/app/data/coming_data/pair_00003,False,"Error: Could not find or load main class fr.inria.sacha.remining.coming.analyzer.Main
Caused by: java.lang.ClassNotFoundException: fr.inria.sacha.remining.coming.analyzer.Main
",1,
/app/data/coming_data/pair_00004,False,"Error: Could not find or load main class fr.inria.sacha.remining.coming.analyzer.Main
Caused by: java.lang.ClassNotFoundException: fr.inria.sacha.remining.coming.analyzer.Main
",1,
/app/data/coming_data/pair_00005,False,"Error: Could not find or load main class fr.inria.sacha.remining.coming.analyzer.Main
Caused by: java.lang.ClassNotFoundException: fr.inria.sacha.remining.coming.analyzer.Main
",1,
/app/data/coming_data/pair_00006,False,"Error: Could not find or load main class fr.inria.sacha.remining.coming.analyzer.Main
Caused by: java.lang.ClassNotFoundException: fr.inria.sacha.remining.coming.analyzer.Main
",1,
/app/data/coming_data/pair_00007,False,"Error: Could not find or load main class fr.inria.sacha.remining.coming.analyzer.Main
Caused by: java.lang.ClassNotFoundException: fr.inria.sacha.remining.coming.analyzer.Main
",1,
/app/data/coming_data/pair_00008,False,"Error: Could not find or load main class fr.inria.sacha.remining.coming.analyzer.Main
Caused by: java.lang.ClassNotFoundException: fr.inria.sacha.remining.coming.analyzer.Main
",1,
/app/data/coming_data/pair_00009,False,"Error: Could not find or load main class fr.inria.sacha.remining.coming.analyzer.Main
Caused by: java.lang.ClassNotFoundException: fr.inria.sacha.remining.coming.analyzer.Main
",1,
/app/data/coming_data/pair_00010,False,"Error: Could not find or load main class fr.inria.sacha.remining.coming.analyzer.Main
Caused by: java.lang.ClassNotFoundException: fr.inria.sacha.remining.coming.analyzer.Main
",1,
/app/data/coming_data/pair_00011,False,"Error: Could not find or load main class fr.inria.sacha.remining.coming.analyzer.Main
Caused by: java.lang.ClassNotFoundException: fr.inria.sacha.remining.coming.analyzer.Main
",1,
/app/data/coming_data/pair_00012,False,"Error: Could not find or load main class fr.inria.sacha.remining.coming.analyzer.Main
Caused by: java.lang.ClassNotFoundException: fr.inria.sacha.remining.coming.analyzer.Main
",1,
/app/data/coming_data/pair_00013,False,"Error: Could not find or load main class fr.inria.sacha.remining.coming.analyzer.Main
Caused by: java.lang.ClassNotFoundException: fr.inria.sacha.remining.coming.analyzer.Main
",1,
/app/data/coming_data/pair_00014,False,"Error: Could not find or load main class fr.inria.sacha.remining.coming.analyzer.Main
Caused by: java.lang.ClassNotFoundException: fr.inria.sacha.remining.coming.analyzer.Main
",1,
/app/data/coming_data/pair_00015,False,"Error: Could not find or load main class fr.inria.sacha.remining.coming.analyzer.Main
Caused by: java.lang.ClassNotFoundException: fr.inria.sacha.remining.coming.analyzer.Main
",1,
/app/data/coming_data/pair_00016,False,"Error: Could not find or load main class fr.inria.sacha.remining.coming.analyzer.Main
Caused by: java.lang.ClassNotFoundException: fr.inria.sacha.remining.coming.analyzer.Main
",1,
/app/data/coming_data/pair_00017,False,"Error: Could not find or load main class fr.inria.sacha.remining.coming.analyzer.Main
Caused by: java.lang.ClassNotFoundException: fr.inria.sacha.remining.coming.analyzer.Main
",1,
/app/data/coming_data/pair_00018,False,"Error: Could not find or load main class fr.inria.sacha.remining.coming.analyzer.Main
Caused by: java.lang.ClassNotFoundException: fr.inria.sacha.remining.coming.analyzer.Main
",1,
/app/data/coming_data/pair_00019,False,"Error: Could not find or load main class fr.inria.sacha.remining.coming.analyzer.Main
Caused by: java.lang.ClassNotFoundException: fr.inria.sacha.remining.coming.analyzer.Main
",1,
/app/data/coming_data/pair_00020,False,"Error: Could not find or load main class fr.inria.sacha.remining.coming.analyzer.Main
Caused by: java.lang.ClassNotFoundException: fr.inria.sacha.remining.coming.analyzer.Main
",1,
/app/data/coming_data/pair_00021,False,"Error: Could not find or load main class fr.inria.sacha.remining.coming.analyzer.Main
Caused by: java.lang.ClassNotFoundException: fr.inria.sacha.remining.coming.analyzer.Main
",1,
/app/data/coming_data/pair_00022,False,"Error: Could not find or load main class fr.inria.sacha.remining.coming.analyzer.Main
Caused by: java.lang.ClassNotFoundException: fr.inria.sacha.remining.coming.analyzer.Main
",1,
/app/data/coming_data/pair_00023,False,"Error: Could not find or load main class fr.inria.sacha.remining.coming.analyzer.Main
Caused by: java.lang.ClassNotFoundException: fr.inria.sacha.remining.coming.analyzer.Main
",1,
/app/data/coming_data/pair_00024,False,"Error: Could not find or load main class fr.inria.sacha.remining.coming.analyzer.Main
Caused by: java.lang.ClassNotFoundException: fr.inria.sacha.remining.coming.analyzer.Main
",1,
/app/data/coming_data/pair_00025,False,"Error: Could not find or load main class fr.inria.sacha.remining.coming.analyzer.Main
Caused by: java.lang.ClassNotFoundException: fr.inria.sacha.remining.coming.analyzer.Main
",1,
/app/data/coming_data/pair_00026,False,"Error: Could not find or load main class fr.inria.sacha.remining.coming.analyzer.Main
Caused by: java.lang.ClassNotFoundException: fr.inria.sacha.remining.coming.analyzer.Main
",1,
/app/data/coming_data/pair_00027,False,"Error: Could not find or load main class fr.inria.sacha.remining.coming.analyzer.Main
Caused by: java.lang.ClassNotFoundException: fr.inria.sacha.remining.coming.analyzer.Main
",1,
/app/data/coming_data/pair_00028,False,"Error: Could not find or load main class fr.inria.sacha.remining.coming.analyzer.Main
Caused by: java.lang.ClassNotFoundException: fr.inria.sacha.remining.coming.analyzer.Main
",1,
/app/data/coming_data/pair_00029,False,"Error: Could not find or load main class fr.inria.sacha.remining.coming.analyzer.Main
Caused by: java.lang.ClassNotFoundException: fr.inria.sacha.remining.coming.analyzer.Main
",1,
/app/data/coming_data/pair_00030,False,"Error: Could not find or load main class fr.inria.sacha.remining.coming.analyzer.Main
Caused by: java.lang.ClassNotFoundException: fr.inria.sacha.remining.coming.analyzer.Main
",1,
/app/data/coming_data/pair_00031,False,"Error: Could not find or load main class fr.inria.sacha.remining.coming.analyzer.Main
Caused by: java.lang.ClassNotFoundException: fr.inria.sacha.remining.coming.analyzer.Main
",1,
/app/data/coming_data/pair_00032,False,"Error: Could not find or load main class fr.inria.sacha.remining.coming.analyzer.Main
Caused by: java.lang.ClassNotFoundException: fr.inria.sacha.remining.coming.analyzer.Main
",1,
/app/data/coming_data/pair_00033,False,"Error: Could not find or load main class fr.inria.sacha.remining.coming.analyzer.Main
Caused by: java.lang.ClassNotFoundException: fr.inria.sacha.remining.coming.analyzer.Main
",1,
/app/data/coming_data/pair_00034,False,"Error: Could not find or load main class fr.inria.sacha.remining.coming.analyzer.Main
Caused by: java.lang.ClassNotFoundException: fr.inria.sacha.remining.coming.analyzer.Main
",1,
/app/data/coming_data/pair_00035,False,"Error: Could not find or load main class fr.inria.sacha.remining.coming.analyzer.Main
Caused by: java.lang.ClassNotFoundException: fr.inria.sacha.remining.coming.analyzer.Main
",1,
/app/data/coming_data/pair_00036,False,"Error: Could not find or load main class fr.inria.sacha.remining.coming.analyzer.Main
Caused by: java.lang.ClassNotFoundException: fr.inria.sacha.remining.coming.analyzer.Main
",1,
/app/data/coming_data/pair_00037,False,"Error: Could not find or load main class fr.inria.sacha.remining.coming.analyzer.Main
Caused by: java.lang.ClassNotFoundException: fr.inria.sacha.remining.coming.analyzer.Main
",1,
/app/data/coming_data/pair_00038,False,"Error: Could not find or load main class fr.inria.sacha.remining.coming.analyzer.Main
Caused by: java.lang.ClassNotFoundException: fr.inria.sacha.remining.coming.analyzer.Main
",1,
/app/data/coming_data/pair_00039,False,"Error: Could not find or load main class fr.inria.sacha.remining.coming.analyzer.Main
Caused by: java.lang.ClassNotFoundException: fr.inria.sacha.remining.coming.analyzer.Main
",1,
/app/data/coming_data/pair_00040,False,"Error: Could not find or load main class fr.inria.sacha.remining.coming.analyzer.Main
Caused by: java.lang.ClassNotFoundException: fr.inria.sacha.remining.coming.analyzer.Main
",1,
/app/data/coming_data/pair_00041,False,"Error: Could not find or load main class fr.inria.sacha.remining.coming.analyzer.Main
Caused by: java.lang.ClassNotFoundException: fr.inria.sacha.remining.coming.analyzer.Main
",1,
/app/data/coming_data/pair_00042,False,"Error: Could not find or load main class fr.inria.sacha.remining.coming.analyzer.Main
Caused by: java.lang.ClassNotFoundException: fr.inria.sacha.remining.coming.analyzer.Main
",1,
/app/data/coming_data/pair_00043,False,"Error: Could not find or load main class fr.inria.sacha.remining.coming.analyzer.Main
Caused by: java.lang.ClassNotFoundException: fr.inria.sacha.remining.coming.analyzer.Main
",1,
/app/data/coming_data/pair_00044,False,"Error: Could not find or load main class fr.inria.sacha.remining.coming.analyzer.Main
Caused by: java.lang.ClassNotFoundException: fr.inria.sacha.remining.coming.analyzer.Main
",1,
/app/data/coming_data/pair_00045,False,"Error: Could not find or load main class fr.inria.sacha.remining.coming.analyzer.Main
Caused by: java.lang.ClassNotFoundException: fr.inria.sacha.remining.coming.analyzer.Main
",1,
/app/data/coming_data/pair_00046,False,"Error: Could not find or load main class fr.inria.sacha.remining.coming.analyzer.Main
Caused by: java.lang.ClassNotFoundException: fr.inria.sacha.remining.coming.analyzer.Main
",1,
/app/data/coming_data/pair_00047,False,"Error: Could not find or load main class fr.inria.sacha.remining.coming.analyzer.Main
Caused by: java.lang.ClassNotFoundException: fr.inria.sacha.remining.coming.analyzer.Main
",1,
/app/data/coming_data/pair_00048,False,"Error: Could not find or load main class fr.inria.sacha.remining.coming.analyzer.Main
Caused by: java.lang.ClassNotFoundException: fr.inria.sacha.remining.coming.analyzer.Main
",1,
/app/data/coming_data/pair_00049,False,"Error: Could not find or load main class fr.inria.sacha.remining.coming.analyzer.Main
Caused by: java.lang.ClassNotFoundException: fr.inria.sacha.remining.coming.analyzer.Main
",1,
/app/data/coming_data/pair_00050,False,"Error: Could not find or load main class fr.inria.sacha.remining.coming.analyzer.Main
Caused by: java.lang.ClassNotFoundException: fr.inria.sacha.remining.coming.analyzer.Main
",1,
/app/data/coming_data/pair_00051,False,"Error: Could not find or load main class fr.inria.sacha.remining.coming.analyzer.Main
Caused by: java.lang.ClassNotFoundException: fr.inria.sacha.remining.coming.analyzer.Main
",1,
/app/data/coming_data/pair_00052,False,"Error: Could not find or load main class fr.inria.sacha.remining.coming.analyzer.Main
Caused by: java.lang.ClassNotFoundException: fr.inria.sacha.remining.coming.analyzer.Main
",1,
/app/data/coming_data/pair_00053,False,"Error: Could not find or load main class fr.inria.sacha.remining.coming.analyzer.Main
Caused by: java.lang.ClassNotFoundException: fr.inria.sacha.remining.coming.analyzer.Main
",1,
/app/data/coming_data/pair_00054,False,"Error: Could not find or load main class fr.inria.sacha.remining.coming.analyzer.Main
Caused by: java.lang.ClassNotFoundException: fr.inria.sacha.remining.coming.analyzer.Main
",1,
/app/data/coming_data/pair_00055,False,"Error: Could not find or load main class fr.inria.sacha.remining.coming.analyzer.Main
Caused by: java.lang.ClassNotFoundException: fr.inria.sacha.remining.coming.analyzer.Main
",1,
/app/data/coming_data/pair_00056,False,"Error: Could not find or load main class fr.inria.sacha.remining.coming.analyzer.Main
Caused by: java.lang.ClassNotFoundException: fr.inria.sacha.remining.coming.analyzer.Main
",1,
/app/data/coming_data/pair_00057,False,"Error: Could not find or load main class fr.inria.sacha.remining.coming.analyzer.Main
Caused by: java.lang.ClassNotFoundException: fr.inria.sacha.remining.coming.analyzer.Main
",1,
/app/data/coming_data/pair_00058,False,"Error: Could not find or load main class fr.inria.sacha.remining.coming.analyzer.Main
Caused by: java.lang.ClassNotFoundException: fr.inria.sacha.remining.coming.analyzer.Main
",1,
/app/data/coming_data/pair_00059,False,"Error: Could not find or load main class fr.inria.sacha.remining.coming.analyzer.Main
Caused by: java.lang.ClassNotFoundException: fr.inria.sacha.remining.coming.analyzer.Main
",1,
/app/data/coming_data/pair_00060,False,"Error: Could not find or load main class fr.inria.sacha.remining.coming.analyzer.Main
Caused by: java.lang.ClassNotFoundException: fr.inria.sacha.remining.coming.analyzer.Main
",1,
/app/data/coming_data/pair_00061,False,"Error: Could not find or load main class fr.inria.sacha.remining.coming.analyzer.Main
Caused by: java.lang.ClassNotFoundException: fr.inria.sacha.remining.coming.analyzer.Main
",1,
/app/data/coming_data/pair_00062,False,"Error: Could not find or load main class fr.inria.sacha.remining.coming.analyzer.Main
Caused by: java.lang.ClassNotFoundException: fr.inria.sacha.remining.coming.analyzer.Main
",1,
/app/data/coming_data/pair_00063,False,"Error: Could not find or load main class fr.inria.sacha.remining.coming.analyzer.Main
Caused by: java.lang.ClassNotFoundException: fr.inria.sacha.remining.coming.analyzer.Main
",1,
/app/data/coming_data/pair_00064,False,"Error: Could not find or load main class fr.inria.sacha.remining.coming.analyzer.Main
Caused by: java.lang.ClassNotFoundException: fr.inria.sacha.remining.coming.analyzer.Main
",1,
/app/data/coming_data/pair_00065,False,"Error: Could not find or load main class fr.inria.sacha.remining.coming.analyzer.Main
Caused by: java.lang.ClassNotFoundException: fr.inria.sacha.remining.coming.analyzer.Main
",1,
/app/data/coming_data/pair_00066,False,"Error: Could not find or load main class fr.inria.sacha.remining.coming.analyzer.Main
Caused by: java.lang.ClassNotFoundException: fr.inria.sacha.remining.coming.analyzer.Main
",1,
/app/data/coming_data/pair_00067,False,"Error: Could not find or load main class fr.inria.sacha.remining.coming.analyzer.Main
Caused by: java.lang.ClassNotFoundException: fr.inria.sacha.remining.coming.analyzer.Main
",1,
/app/data/coming_data/pair_00068,False,"Error: Could not find or load main class fr.inria.sacha.remining.coming.analyzer.Main
Caused by: java.lang.ClassNotFoundException: fr.inria.sacha.remining.coming.analyzer.Main
",1,
/app/data/coming_data/pair_00069,False,"Error: Could not find or load main class fr.inria.sacha.remining.coming.analyzer.Main
Caused by: java.lang.ClassNotFoundException: fr.inria.sacha.remining.coming.analyzer.Main
",1,
/app/data/coming_data/pair_00070,False,"Error: Could not find or load main class fr.inria.sacha.remining.coming.analyzer.Main
Caused by: java.lang.ClassNotFoundException: fr.inria.sacha.remining.coming.analyzer.Main
",1,
/app/data/coming_data/pair_00071,False,"Error: Could not find or load main class fr.inria.sacha.remining.coming.analyzer.Main
Caused by: java.lang.ClassNotFoundException: fr.inria.sacha.remining.coming.analyzer.Main
",1,
/app/data/coming_data/pair_00072,False,"Error: Could not find or load main class fr.inria.sacha.remining.coming.analyzer.Main
Caused by: java.lang.ClassNotFoundException: fr.inria.sacha.remining.coming.analyzer.Main
",1,
/app/data/coming_data/pair_00073,False,"Error: Could not find or load main class fr.inria.sacha.remining.coming.analyzer.Main
Caused by: java.lang.ClassNotFoundException: fr.inria.sacha.remining.coming.analyzer.Main
",1,
/app/data/coming_data/pair_00074,False,"Error: Could not find or load main class fr.inria.sacha.remining.coming.analyzer.Main
Caused by: java.lang.ClassNotFoundException: fr.inria.sacha.remining.coming.analyzer.Main
",1,
/app/data/coming_data/pair_00075,False,"Error: Could not find or load main class fr.inria.sacha.remining.coming.analyzer.Main
Caused by: java.lang.ClassNotFoundException: fr.inria.sacha.remining.coming.analyzer.Main
",1,
/app/data/coming_data/pair_00076,False,"Error: Could not find or load main class fr.inria.sacha.remining.coming.analyzer.Main
Caused by: java.lang.ClassNotFoundException: fr.inria.sacha.remining.coming.analyzer.Main
",1,
/app/data/coming_data/pair_00077,False,"Error: Could not find or load main class fr.inria.sacha.remining.coming.analyzer.Main
Caused by: java.lang.ClassNotFoundException: fr.inria.sacha.remining.coming.analyzer.Main
",1,
/app/data/coming_data/pair_00078,False,"Error: Could not find or load main class fr.inria.sacha.remining.coming.analyzer.Main
Caused by: java.lang.ClassNotFoundException: fr.inria.sacha.remining.coming.analyzer.Main
",1,
/app/data/coming_data/pair_00079,False,"Error: Could not find or load main class fr.inria.sacha.remining.coming.analyzer.Main
Caused by: java.lang.ClassNotFoundException: fr.inria.sacha.remining.coming.analyzer.Main
",1,
/app/data/coming_data/pair_00080,False,"Error: Could not find or load main class fr.inria.sacha.remining.coming.analyzer.Main
Caused by: java.lang.ClassNotFoundException: fr.inria.sacha.remining.coming.analyzer.Main
",1,
/app/data/coming_data/pair_00081,False,"Error: Could not find or load main class fr.inria.sacha.remining.coming.analyzer.Main
Caused by: java.lang.ClassNotFoundException: fr.inria.sacha.remining.coming.analyzer.Main
",1,
/app/data/coming_data/pair_00082,False,"Error: Could not find or load main class fr.inria.sacha.remining.coming.analyzer.Main
Caused by: java.lang.ClassNotFoundException: fr.inria.sacha.remining.coming.analyzer.Main
",1,
/app/data/coming_data/pair_00083,False,"Error: Could not find or load main class fr.inria.sacha.remining.coming.analyzer.Main
Caused by: java.lang.ClassNotFoundException: fr.inria.sacha.remining.coming.analyzer.Main
",1,
/app/data/coming_data/pair_00084,False,"Error: Could not find or load main class fr.inria.sacha.remining.coming.analyzer.Main
Caused by: java.lang.ClassNotFoundException: fr.inria.sacha.remining.coming.analyzer.Main
",1,
/app/data/coming_data/pair_00085,False,"Error: Could not find or load main class fr.inria.sacha.remining.coming.analyzer.Main
Caused by: java.lang.ClassNotFoundException: fr.inria.sacha.remining.coming.analyzer.Main
",1,
/app/data/coming_data/pair_00086,False,"Error: Could not find or load main class fr.inria.sacha.remining.coming.analyzer.Main
Caused by: java.lang.ClassNotFoundException: fr.inria.sacha.remining.coming.analyzer.Main
",1,
/app/data/coming_data/pair_00087,False,"Error: Could not find or load main class fr.inria.sacha.remining.coming.analyzer.Main
Caused by: java.lang.ClassNotFoundException: fr.inria.sacha.remining.coming.analyzer.Main
",1,
/app/data/coming_data/pair_00088,False,"Error: Could not find or load main class fr.inria.sacha.remining.coming.analyzer.Main
Caused by: java.lang.ClassNotFoundException: fr.inria.sacha.remining.coming.analyzer.Main
",1,
/app/data/coming_data/pair_00089,False,"Error: Could not find or load main class fr.inria.sacha.remining.coming.analyzer.Main
Caused by: java.lang.ClassNotFoundException: fr.inria.sacha.remining.coming.analyzer.Main
",1,
/app/data/coming_data/pair_00090,False,"Error: Could not find or load main class fr.inria.sacha.remining.coming.analyzer.Main
Caused by: java.lang.ClassNotFoundException: fr.inria.sacha.remining.coming.analyzer.Main
",1,
/app/data/coming_data/pair_00091,False,"Error: Could not find or load main class fr.inria.sacha.remining.coming.analyzer.Main
Caused by: java.lang.ClassNotFoundException: fr.inria.sacha.remining.coming.analyzer.Main
",1,
/app/data/coming_data/pair_00092,False,"Error: Could not find or load main class fr.inria.sacha.remining.coming.analyzer.Main
Caused by: java.lang.ClassNotFoundException: fr.inria.sacha.remining.coming.analyzer.Main
",1,
/app/data/coming_data/pair_00093,False,"Error: Could not find or load main class fr.inria.sacha.remining.coming.analyzer.Main
Caused by: java.lang.ClassNotFoundException: fr.inria.sacha.remining.coming.analyzer.Main
",1,
/app/data/coming_data/pair_00094,False,"Error: Could not find or load main class fr.inria.sacha.remining.coming.analyzer.Main
Caused by: java.lang.ClassNotFoundException: fr.inria.sacha.remining.coming.analyzer.Main
",1,
/app/data/coming_data/pair_00095,False,"Error: Could not find or load main class fr.inria.sacha.remining.coming.analyzer.Main
Caused by: java.lang.ClassNotFoundException: fr.inria.sacha.remining.coming.analyzer.Main
",1,
/app/data/coming_data/pair_00096,False,"Error: Could not find or load main class fr.inria.sacha.remining.coming.analyzer.Main
Caused by: java.lang.ClassNotFoundException: fr.inria.sacha.remining.coming.analyzer.Main
",1,
/app/data/coming_data/pair_00097,False,"Error: Could not find or load main class fr.inria.sacha.remining.coming.analyzer.Main
Caused by: java.lang.ClassNotFoundException: fr.inria.sacha.remining.coming.analyzer.Main
",1,
/app/data/coming_data/pair_00098,False,"Error: Could not find or load main class fr.inria.sacha.remining.coming.analyzer.Main
Caused by: java.lang.ClassNotFoundException: fr.inria.sacha.remining.coming.analyzer.Main
",1,
/app/data/coming_data/pair_00099,False,"Error: Could not find or load main class fr.inria.sacha.remining.coming.analyzer.Main
Caused by: java.lang.ClassNotFoundException: fr.inria.sacha.remining.coming.analyzer.Main
",1,
/app/data/coming_data/pair_00100,False,"Error: Could not find or load main class fr.inria.sacha.remining.coming.analyzer.Main
Caused by: java.lang.ClassNotFoundException: fr.inria.sacha.remining.coming.analyzer.Main
",1,
/app/data/coming_data/pair_00101,False,"Error: Could not find or load main class fr.inria.sacha.remining.coming.analyzer.Main
Caused by: java.lang.ClassNotFoundException: fr.inria.sacha.remining.coming.analyzer.Main
",1,
/app/data/coming_data/pair_00102,False,"Error: Could not find or load main class fr.inria.sacha.remining.coming.analyzer.Main
Caused by: java.lang.ClassNotFoundException: fr.inria.sacha.remining.coming.analyzer.Main
",1,
/app/data/coming_data/pair_00103,False,"Error: Could not find or load main class fr.inria.sacha.remining.coming.analyzer.Main
Caused by: java.lang.ClassNotFoundException: fr.inria.sacha.remining.coming.analyzer.Main
",1,
/app/data/coming_data/pair_00104,False,"Error: Could not find or load main class fr.inria.sacha.remining.coming.analyzer.Main
Caused by: java.lang.ClassNotFoundException: fr.inria.sacha.remining.coming.analyzer.Main
",1,
/app/data/coming_data/pair_00105,False,"Error: Could not find or load main class fr.inria.sacha.remining.coming.analyzer.Main
Caused by: java.lang.ClassNotFoundException: fr.inria.sacha.remining.coming.analyzer.Main
",1,
/app/data/coming_data/pair_00106,False,"Error: Could not find or load main class fr.inria.sacha.remining.coming.analyzer.Main
Caused by: java.lang.ClassNotFoundException: fr.inria.sacha.remining.coming.analyzer.Main
",1,
/app/data/coming_data/pair_00107,False,"Error: Could not find or load main class fr.inria.sacha.remining.coming.analyzer.Main
Caused by: java.lang.ClassNotFoundException: fr.inria.sacha.remining.coming.analyzer.Main
",1,
/app/data/coming_data/pair_00108,False,"Error: Could not find or load main class fr.inria.sacha.remining.coming.analyzer.Main
Caused by: java.lang.ClassNotFoundException: fr.inria.sacha.remining.coming.analyzer.Main
",1,
/app/data/coming_data/pair_00109,False,"Error: Could not find or load main class fr.inria.sacha.remining.coming.analyzer.Main
Caused by: java.lang.ClassNotFoundException: fr.inria.sacha.remining.coming.analyzer.Main
",1,
/app/data/coming_data/pair_00110,False,"Error: Could not find or load main class fr.inria.sacha.remining.coming.analyzer.Main
Caused by: java.lang.ClassNotFoundException: fr.inria.sacha.remining.coming.analyzer.Main
",1,
/app/data/coming_data/pair_00111,False,"Error: Could not find or load main class fr.inria.sacha.remining.coming.analyzer.Main
Caused by: java.lang.ClassNotFoundException: fr.inria.sacha.remining.coming.analyzer.Main
",1,
/app/data/coming_data/pair_00112,False,"Error: Could not find or load main class fr.inria.sacha.remining.coming.analyzer.Main
Caused by: java.lang.ClassNotFoundException: fr.inria.sacha.remining.coming.analyzer.Main
",1,
/app/data/coming_data/pair_00113,False,"Error: Could not find or load main class fr.inria.sacha.remining.coming.analyzer.Main
Caused by: java.lang.ClassNotFoundException: fr.inria.sacha.remining.coming.analyzer.Main
",1,
/app/data/coming_data/pair_00114,False,"Error: Could not find or load main class fr.inria.sacha.remining.coming.analyzer.Main
Caused by: java.lang.ClassNotFoundException: fr.inria.sacha.remining.coming.analyzer.Main
",1,
/app/data/coming_data/pair_00115,False,"Error: Could not find or load main class fr.inria.sacha.remining.coming.analyzer.Main
Caused by: java.lang.ClassNotFoundException: fr.inria.sacha.remining.coming.analyzer.Main
",1,
/app/data/coming_data/pair_00116,False,"Error: Could not find or load main class fr.inria.sacha.remining.coming.analyzer.Main
Caused by: java.lang.ClassNotFoundException: fr.inria.sacha.remining.coming.analyzer.Main
",1,
/app/data/coming_data/pair_00117,False,"Error: Could not find or load main class fr.inria.sacha.remining.coming.analyzer.Main
Caused by: java.lang.ClassNotFoundException: fr.inria.sacha.remining.coming.analyzer.Main
",1,
/app/data/coming_data/pair_00118,False,"Error: Could not find or load main class fr.inria.sacha.remining.coming.analyzer.Main
Caused by: java.lang.ClassNotFoundException: fr.inria.sacha.remining.coming.analyzer.Main
",1,
/app/data/coming_data/pair_00119,False,"Error: Could not find or load main class fr.inria.sacha.remining.coming.analyzer.Main
Caused by: java.lang.ClassNotFoundException: fr.inria.sacha.remining.coming.analyzer.Main
",1,
/app/data/coming_data/pair_00120,False,"Error: Could not find or load main class fr.inria.sacha.remining.coming.analyzer.Main
Caused by: java.lang.ClassNotFoundException: fr.inria.sacha.remining.coming.analyzer.Main
",1,
/app/data/coming_data/pair_00121,False,"Error: Could not find or load main class fr.inria.sacha.remining.coming.analyzer.Main
Caused by: java.lang.ClassNotFoundException: fr.inria.sacha.remining.coming.analyzer.Main
",1,
/app/data/coming_data/pair_00122,False,"Error: Could not find or load main class fr.inria.sacha.remining.coming.analyzer.Main
Caused by: java.lang.ClassNotFoundException: fr.inria.sacha.remining.coming.analyzer.Main
",1,
/app/data/coming_data/pair_00123,False,"Error: Could not find or load main class fr.inria.sacha.remining.coming.analyzer.Main
Caused by: java.lang.ClassNotFoundException: fr.inria.sacha.remining.coming.analyzer.Main
",1,
/app/data/coming_data/pair_00124,False,"Error: Could not find or load main class fr.inria.sacha.remining.coming.analyzer.Main
Caused by: java.lang.ClassNotFoundException: fr.inria.sacha.remining.coming.analyzer.Main
",1,
/app/data/coming_data/pair_00125,False,"Error: Could not find or load main class fr.inria.sacha.remining.coming.analyzer.Main
Caused by: java.lang.ClassNotFoundException: fr.inria.sacha.remining.coming.analyzer.Main
",1,
/app/data/coming_data/pair_00126,False,"Error: Could not find or load main class fr.inria.sacha.remining.coming.analyzer.Main
Caused by: java.lang.ClassNotFoundException: fr.inria.sacha.remining.coming.analyzer.Main
",1,
/app/data/coming_data/pair_00127,False,"Error: Could not find or load main class fr.inria.sacha.remining.coming.analyzer.Main
Caused by: java.lang.ClassNotFoundException: fr.inria.sacha.remining.coming.analyzer.Main
",1,
/app/data/coming_data/pair_00128,False,"Error: Could not find or load main class fr.inria.sacha.remining.coming.analyzer.Main
Caused by: java.lang.ClassNotFoundException: fr.inria.sacha.remining.coming.analyzer.Main
",1,
/app/data/coming_data/pair_00129,False,"Error: Could not find or load main class fr.inria.sacha.remining.coming.analyzer.Main
Caused by: java.lang.ClassNotFoundException: fr.inria.sacha.remining.coming.analyzer.Main
",1,
/app/data/coming_data/pair_00130,False,"Error: Could not find or load main class fr.inria.sacha.remining.coming.analyzer.Main
Caused by: java.lang.ClassNotFoundException: fr.inria.sacha.remining.coming.analyzer.Main
",1,
/app/data/coming_data/pair_00131,False,"Error: Could not find or load main class fr.inria.sacha.remining.coming.analyzer.Main
Caused by: java.lang.ClassNotFoundException: fr.inria.sacha.remining.coming.analyzer.Main
",1,
/app/data/coming_data/pair_00132,False,"Error: Could not find or load main class fr.inria.sacha.remining.coming.analyzer.Main
Caused by: java.lang.ClassNotFoundException: fr.inria.sacha.remining.coming.analyzer.Main
",1,
/app/data/coming_data/pair_00133,False,"Error: Could not find or load main class fr.inria.sacha.remining.coming.analyzer.Main
Caused by: java.lang.ClassNotFoundException: fr.inria.sacha.remining.coming.analyzer.Main
",1,
/app/data/coming_data/pair_00134,False,"Error: Could not find or load main class fr.inria.sacha.remining.coming.analyzer.Main
Caused by: java.lang.ClassNotFoundException: fr.inria.sacha.remining.coming.analyzer.Main
",1,
/app/data/coming_data/pair_00135,False,"Error: Could not find or load main class fr.inria.sacha.remining.coming.analyzer.Main
Caused by: java.lang.ClassNotFoundException: fr.inria.sacha.remining.coming.analyzer.Main
",1,
/app/data/coming_data/pair_00136,False,"Error: Could not find or load main class fr.inria.sacha.remining.coming.analyzer.Main
Caused by: java.lang.ClassNotFoundException: fr.inria.sacha.remining.coming.analyzer.Main
",1,
/app/data/coming_data/pair_00137,False,"Error: Could not find or load main class fr.inria.sacha.remining.coming.analyzer.Main
Caused by: java.lang.ClassNotFoundException: fr.inria.sacha.remining.coming.analyzer.Main
",1,
/app/data/coming_data/pair_00138,False,"Error: Could not find or load main class fr.inria.sacha.remining.coming.analyzer.Main
Caused by: java.lang.ClassNotFoundException: fr.inria.sacha.remining.coming.analyzer.Main
",1,
/app/data/coming_data/pair_00139,False,"Error: Could not find or load main class fr.inria.sacha.remining.coming.analyzer.Main
Caused by: java.lang.ClassNotFoundException: fr.inria.sacha.remining.coming.analyzer.Main
",1,
/app/data/coming_data/pair_00140,False,"Error: Could not find or load main class fr.inria.sacha.remining.coming.analyzer.Main
Caused by: java.lang.ClassNotFoundException: fr.inria.sacha.remining.coming.analyzer.Main
",1,
/app/data/coming_data/pair_00141,False,"Error: Could not find or load main class fr.inria.sacha.remining.coming.analyzer.Main
Caused by: java.lang.ClassNotFoundException: fr.inria.sacha.remining.coming.analyzer.Main
",1,
/app/data/coming_data/pair_00142,False,"Error: Could not find or load main class fr.inria.sacha.remining.coming.analyzer.Main
Caused by: java.lang.ClassNotFoundException: fr.inria.sacha.remining.coming.analyzer.Main
",1,
/app/data/coming_data/pair_00143,False,"Error: Could not find or load main class fr.inria.sacha.remining.coming.analyzer.Main
Caused by: java.lang.ClassNotFoundException: fr.inria.sacha.remining.coming.analyzer.Main
",1,
/app/data/coming_data/pair_00144,False,"Error: Could not find or load main class fr.inria.sacha.remining.coming.analyzer.Main
Caused by: java.lang.ClassNotFoundException: fr.inria.sacha.remining.coming.analyzer.Main
",1,
/app/data/coming_data/pair_00145,False,"Error: Could not find or load main class fr.inria.sacha.remining.coming.analyzer.Main
Caused by: java.lang.ClassNotFoundException: fr.inria.sacha.remining.coming.analyzer.Main
",1,
/app/data/coming_data/pair_00146,False,"Error: Could not find or load main class fr.inria.sacha.remining.coming.analyzer.Main
Caused by: java.lang.ClassNotFoundException: fr.inria.sacha.remining.coming.analyzer.Main
",1,
/app/data/coming_data/pair_00147,False,"Error: Could not find or load main class fr.inria.sacha.remining.coming.analyzer.Main
Caused by: java.lang.ClassNotFoundException: fr.inria.sacha.remining.coming.analyzer.Main
",1,
/app/data/coming_data/pair_00148,False,"Error: Could not find or load main class fr.inria.sacha.remining.coming.analyzer.Main
Caused by: java.lang.ClassNotFoundException: fr.inria.sacha.remining.coming.analyzer.Main
",1,
/app/data/coming_data/pair_00149,False,"Error: Could not find or load main class fr.inria.sacha.remining.coming.analyzer.Main
Caused by: java.lang.ClassNotFoundException: fr.inria.sacha.remining.coming.analyzer.Main
",1,
/app/data/coming_data/pair_00150,False,"Error: Could not find or load main class fr.inria.sacha.remining.coming.analyzer.Main
Caused by: java.lang.ClassNotFoundException: fr.inria.sacha.remining.coming.analyzer.Main
",1,
/app/data/coming_data/pair_00151,False,"Error: Could not find or load main class fr.inria.sacha.remining.coming.analyzer.Main
Caused by: java.lang.ClassNotFoundException: fr.inria.sacha.remining.coming.analyzer.Main
",1,
/app/data/coming_data/pair_00152,False,"Error: Could not find or load main class fr.inria.sacha.remining.coming.analyzer.Main
Caused by: java.lang.ClassNotFoundException: fr.inria.sacha.remining.coming.analyzer.Main
",1,
/app/data/coming_data/pair_00153,False,"Error: Could not find or load main class fr.inria.sacha.remining.coming.analyzer.Main
Caused by: java.lang.ClassNotFoundException: fr.inria.sacha.remining.coming.analyzer.Main
",1,
/app/data/coming_data/pair_00154,False,"Error: Could not find or load main class fr.inria.sacha.remining.coming.analyzer.Main
Caused by: java.lang.ClassNotFoundException: fr.inria.sacha.remining.coming.analyzer.Main
",1,
/app/data/coming_data/pair_00155,False,"Error: Could not find or load main class fr.inria.sacha.remining.coming.analyzer.Main
Caused by: java.lang.ClassNotFoundException: fr.inria.sacha.remining.coming.analyzer.Main
",1,
/app/data/coming_data/pair_00156,False,"Error: Could not find or load main class fr.inria.sacha.remining.coming.analyzer.Main
Caused by: java.lang.ClassNotFoundException: fr.inria.sacha.remining.coming.analyzer.Main
",1,
/app/data/coming_data/pair_00157,False,"Error: Could not find or load main class fr.inria.sacha.remining.coming.analyzer.Main
Caused by: java.lang.ClassNotFoundException: fr.inria.sacha.remining.coming.analyzer.Main
",1,
/app/data/coming_data/pair_00158,False,"Error: Could not find or load main class fr.inria.sacha.remining.coming.analyzer.Main
Caused by: java.lang.ClassNotFoundException: fr.inria.sacha.remining.coming.analyzer.Main
",1,
/app/data/coming_data/pair_00159,False,"Error: Could not find or load main class fr.inria.sacha.remining.coming.analyzer.Main
Caused by: java.lang.ClassNotFoundException: fr.inria.sacha.remining.coming.analyzer.Main
",1,
/app/data/coming_data/pair_00160,False,"Error: Could not find or load main class fr.inria.sacha.remining.coming.analyzer.Main
Caused by: java.lang.ClassNotFoundException: fr.inria.sacha.remining.coming.analyzer.Main
",1,
/app/data/coming_data/pair_00161,False,"Error: Could not find or load main class fr.inria.sacha.remining.coming.analyzer.Main
Caused by: java.lang.ClassNotFoundException: fr.inria.sacha.remining.coming.analyzer.Main
",1,
/app/data/coming_data/pair_00162,False,"Error: Could not find or load main class fr.inria.sacha.remining.coming.analyzer.Main
Caused by: java.lang.ClassNotFoundException: fr.inria.sacha.remining.coming.analyzer.Main
",1,
/app/data/coming_data/pair_00163,False,"Error: Could not find or load main class fr.inria.sacha.remining.coming.analyzer.Main
Caused by: java.lang.ClassNotFoundException: fr.inria.sacha.remining.coming.analyzer.Main
",1,
/app/data/coming_data/pair_00164,False,"Error: Could not find or load main class fr.inria.sacha.remining.coming.analyzer.Main
Caused by: java.lang.ClassNotFoundException: fr.inria.sacha.remining.coming.analyzer.Main
",1,
/app/data/coming_data/pair_00165,False,"Error: Could not find or load main class fr.inria.sacha.remining.coming.analyzer.Main
Caused by: java.lang.ClassNotFoundException: fr.inria.sacha.remining.coming.analyzer.Main
",1,
/app/data/coming_data/pair_00166,False,"Error: Could not find or load main class fr.inria.sacha.remining.coming.analyzer.Main
Caused by: java.lang.ClassNotFoundException: fr.inria.sacha.remining.coming.analyzer.Main
",1,
/app/data/coming_data/pair_00167,False,"Error: Could not find or load main class fr.inria.sacha.remining.coming.analyzer.Main
Caused by: java.lang.ClassNotFoundException: fr.inria.sacha.remining.coming.analyzer.Main
",1,
/app/data/coming_data/pair_00168,False,"Error: Could not find or load main class fr.inria.sacha.remining.coming.analyzer.Main
Caused by: java.lang.ClassNotFoundException: fr.inria.sacha.remining.coming.analyzer.Main
",1,
/app/data/coming_data/pair_00169,False,"Error: Could not find or load main class fr.inria.sacha.remining.coming.analyzer.Main
Caused by: java.lang.ClassNotFoundException: fr.inria.sacha.remining.coming.analyzer.Main
",1,
/app/data/coming_data/pair_00170,False,"Error: Could not find or load main class fr.inria.sacha.remining.coming.analyzer.Main
Caused by: java.lang.ClassNotFoundException: fr.inria.sacha.remining.coming.analyzer.Main
",1,
/app/data/coming_data/pair_00171,False,"Error: Could not find or load main class fr.inria.sacha.remining.coming.analyzer.Main
Caused by: java.lang.ClassNotFoundException: fr.inria.sacha.remining.coming.analyzer.Main
",1,
/app/data/coming_data/pair_00172,False,"Error: Could not find or load main class fr.inria.sacha.remining.coming.analyzer.Main
Caused by: java.lang.ClassNotFoundException: fr.inria.sacha.remining.coming.analyzer.Main
",1,
/app/data/coming_data/pair_00173,False,"Error: Could not find or load main class fr.inria.sacha.remining.coming.analyzer.Main
Caused by: java.lang.ClassNotFoundException: fr.inria.sacha.remining.coming.analyzer.Main
",1,
/app/data/coming_data/pair_00174,False,"Error: Could not find or load main class fr.inria.sacha.remining.coming.analyzer.Main
Caused by: java.lang.ClassNotFoundException: fr.inria.sacha.remining.coming.analyzer.Main
",1,
/app/data/coming_data/pair_00175,False,"Error: Could not find or load main class fr.inria.sacha.remining.coming.analyzer.Main
Caused by: java.lang.ClassNotFoundException: fr.inria.sacha.remining.coming.analyzer.Main
",1,
/app/data/coming_data/pair_00176,False,"Error: Could not find or load main class fr.inria.sacha.remining.coming.analyzer.Main
Caused by: java.lang.ClassNotFoundException: fr.inria.sacha.remining.coming.analyzer.Main
",1,
/app/data/coming_data/pair_00177,False,"Error: Could not find or load main class fr.inria.sacha.remining.coming.analyzer.Main
Caused by: java.lang.ClassNotFoundException: fr.inria.sacha.remining.coming.analyzer.Main
",1,
/app/data/coming_data/pair_00178,False,"Error: Could not find or load main class fr.inria.sacha.remining.coming.analyzer.Main
Caused by: java.lang.ClassNotFoundException: fr.inria.sacha.remining.coming.analyzer.Main
",1,
/app/data/coming_data/pair_00179,False,"Error: Could not find or load main class fr.inria.sacha.remining.coming.analyzer.Main
Caused by: java.lang.ClassNotFoundException: fr.inria.sacha.remining.coming.analyzer.Main
",1,
/app/data/coming_data/pair_00180,False,"Error: Could not find or load main class fr.inria.sacha.remining.coming.analyzer.Main
Caused by: java.lang.ClassNotFoundException: fr.inria.sacha.remining.coming.analyzer.Main
",1,
/app/data/coming_data/pair_00181,False,"Error: Could not find or load main class fr.inria.sacha.remining.coming.analyzer.Main
Caused by: java.lang.ClassNotFoundException: fr.inria.sacha.remining.coming.analyzer.Main
",1,
/app/data/coming_data/pair_00182,False,"Error: Could not find or load main class fr.inria.sacha.remining.coming.analyzer.Main
Caused by: java.lang.ClassNotFoundException: fr.inria.sacha.remining.coming.analyzer.Main
",1,
/app/data/coming_data/pair_00183,False,"Error: Could not find or load main class fr.inria.sacha.remining.coming.analyzer.Main
Caused by: java.lang.ClassNotFoundException: fr.inria.sacha.remining.coming.analyzer.Main
",1,
/app/data/coming_data/pair_00184,False,"Error: Could not find or load main class fr.inria.sacha.remining.coming.analyzer.Main
Caused by: java.lang.ClassNotFoundException: fr.inria.sacha.remining.coming.analyzer.Main
",1,
/app/data/coming_data/pair_00185,False,"Error: Could not find or load main class fr.inria.sacha.remining.coming.analyzer.Main
Caused by: java.lang.ClassNotFoundException: fr.inria.sacha.remining.coming.analyzer.Main
",1,
/app/data/coming_data/pair_00186,False,"Error: Could not find or load main class fr.inria.sacha.remining.coming.analyzer.Main
Caused by: java.lang.ClassNotFoundException: fr.inria.sacha.remining.coming.analyzer.Main
",1,
/app/data/coming_data/pair_00187,False,"Error: Could not find or load main class fr.inria.sacha.remining.coming.analyzer.Main
Caused by: java.lang.ClassNotFoundException: fr.inria.sacha.remining.coming.analyzer.Main
",1,
/app/data/coming_data/pair_00188,False,"Error: Could not find or load main class fr.inria.sacha.remining.coming.analyzer.Main
Caused by: java.lang.ClassNotFoundException: fr.inria.sacha.remining.coming.analyzer.Main
",1,
/app/data/coming_data/pair_00189,False,"Error: Could not find or load main class fr.inria.sacha.remining.coming.analyzer.Main
Caused by: java.lang.ClassNotFoundException: fr.inria.sacha.remining.coming.analyzer.Main
",1,
/app/data/coming_data/pair_00190,False,"Error: Could not find or load main class fr.inria.sacha.remining.coming.analyzer.Main
Caused by: java.lang.ClassNotFoundException: fr.inria.sacha.remining.coming.analyzer.Main
",1,
/app/data/coming_data/pair_00191,False,"Error: Could not find or load main class fr.inria.sacha.remining.coming.analyzer.Main
Caused by: java.lang.ClassNotFoundException: fr.inria.sacha.remining.coming.analyzer.Main
",1,
/app/data/coming_data/pair_00192,False,"Error: Could not find or load main class fr.inria.sacha.remining.coming.analyzer.Main
Caused by: java.lang.ClassNotFoundException: fr.inria.sacha.remining.coming.analyzer.Main
",1,
/app/data/coming_data/pair_00193,False,"Error: Could not find or load main class fr.inria.sacha.remining.coming.analyzer.Main
Caused by: java.lang.ClassNotFoundException: fr.inria.sacha.remining.coming.analyzer.Main
",1,
/app/data/coming_data/pair_00194,False,"Error: Could not find or load main class fr.inria.sacha.remining.coming.analyzer.Main
Caused by: java.lang.ClassNotFoundException: fr.inria.sacha.remining.coming.analyzer.Main
",1,
/app/data/coming_data/pair_00195,False,"Error: Could not find or load main class fr.inria.sacha.remining.coming.analyzer.Main
Caused by: java.lang.ClassNotFoundException: fr.inria.sacha.remining.coming.analyzer.Main
",1,
/app/data/coming_data/pair_00196,False,"Error: Could not find or load main class fr.inria.sacha.remining.coming.analyzer.Main
Caused by: java.lang.ClassNotFoundException: fr.inria.sacha.remining.coming.analyzer.Main
",1,
/app/data/coming_data/pair_00197,False,"Error: Could not find or load main class fr.inria.sacha.remining.coming.analyzer.Main
Caused by: java.lang.ClassNotFoundException: fr.inria.sacha.remining.coming.analyzer.Main
",1,
/app/data/coming_data/pair_00198,False,"Error: Could not find or load main class fr.inria.sacha.remining.coming.analyzer.Main
Caused by: java.lang.ClassNotFoundException: fr.inria.sacha.remining.coming.analyzer.Main
",1,
/app/data/coming_data/pair_00199,False,"Error: Could not find or load main class fr.inria.sacha.remining.coming.analyzer.Main
Caused by: java.lang.ClassNotFoundException: fr.inria.sacha.remining.coming.analyzer.Main
",1,
/app/data/coming_data/pair_00200,False,"Error: Could not find or load main class fr.inria.sacha.remining.coming.analyzer.Main
Caused by: java.lang.ClassNotFoundException: fr.inria.sacha.remining.coming.analyzer.Main
",1,
/app/data/coming_data/pair_00201,False,"Error: Could not find or load main class fr.inria.sacha.remining.coming.analyzer.Main
Caused by: java.lang.ClassNotFoundException: fr.inria.sacha.remining.coming.analyzer.Main
",1,
/app/data/coming_data/pair_00202,False,"Error: Could not find or load main class fr.inria.sacha.remining.coming.analyzer.Main
Caused by: java.lang.ClassNotFoundException: fr.inria.sacha.remining.coming.analyzer.Main
",1,
/app/data/coming_data/pair_00203,False,"Error: Could not find or load main class fr.inria.sacha.remining.coming.analyzer.Main
Caused by: java.lang.ClassNotFoundException: fr.inria.sacha.remining.coming.analyzer.Main
",1,
/app/data/coming_data/pair_00204,False,"Error: Could not find or load main class fr.inria.sacha.remining.coming.analyzer.Main
Caused by: java.lang.ClassNotFoundException: fr.inria.sacha.remining.coming.analyzer.Main
",1,
/app/data/coming_data/pair_00205,False,"Error: Could not find or load main class fr.inria.sacha.remining.coming.analyzer.Main
Caused by: java.lang.ClassNotFoundException: fr.inria.sacha.remining.coming.analyzer.Main
",1,
/app/data/coming_data/pair_00206,False,"Error: Could not find or load main class fr.inria.sacha.remining.coming.analyzer.Main
Caused by: java.lang.ClassNotFoundException: fr.inria.sacha.remining.coming.analyzer.Main
",1,
/app/data/coming_data/pair_00207,False,"Error: Could not find or load main class fr.inria.sacha.remining.coming.analyzer.Main
Caused by: java.lang.ClassNotFoundException: fr.inria.sacha.remining.coming.analyzer.Main
",1,
/app/data/coming_data/pair_00208,False,"Error: Could not find or load main class fr.inria.sacha.remining.coming.analyzer.Main
Caused by: java.lang.ClassNotFoundException: fr.inria.sacha.remining.coming.analyzer.Main
",1,
/app/data/coming_data/pair_00209,False,"Error: Could not find or load main class fr.inria.sacha.remining.coming.analyzer.Main
Caused by: java.lang.ClassNotFoundException: fr.inria.sacha.remining.coming.analyzer.Main
",1,
/app/data/coming_data/pair_00210,False,"Error: Could not find or load main class fr.inria.sacha.remining.coming.analyzer.Main
Caused by: java.lang.ClassNotFoundException: fr.inria.sacha.remining.coming.analyzer.Main
",1,
/app/data/coming_data/pair_00211,False,"Error: Could not find or load main class fr.inria.sacha.remining.coming.analyzer.Main
Caused by: java.lang.ClassNotFoundException: fr.inria.sacha.remining.coming.analyzer.Main
",1,
/app/data/coming_data/pair_00212,False,"Error: Could not find or load main class fr.inria.sacha.remining.coming.analyzer.Main
Caused by: java.lang.ClassNotFoundException: fr.inria.sacha.remining.coming.analyzer.Main
",1,
/app/data/coming_data/pair_00213,False,"Error: Could not find or load main class fr.inria.sacha.remining.coming.analyzer.Main
Caused by: java.lang.ClassNotFoundException: fr.inria.sacha.remining.coming.analyzer.Main
",1,
/app/data/coming_data/pair_00214,False,"Error: Could not find or load main class fr.inria.sacha.remining.coming.analyzer.Main
Caused by: java.lang.ClassNotFoundException: fr.inria.sacha.remining.coming.analyzer.Main
",1,
/app/data/coming_data/pair_00215,False,"Error: Could not find or load main class fr.inria.sacha.remining.coming.analyzer.Main
Caused by: java.lang.ClassNotFoundException: fr.inria.sacha.remining.coming.analyzer.Main
",1,
/app/data/coming_data/pair_00216,False,"Error: Could not find or load main class fr.inria.sacha.remining.coming.analyzer.Main
Caused by: java.lang.ClassNotFoundException: fr.inria.sacha.remining.coming.analyzer.Main
",1,
/app/data/coming_data/pair_00217,False,"Error: Could not find or load main class fr.inria.sacha.remining.coming.analyzer.Main
Caused by: java.lang.ClassNotFoundException: fr.inria.sacha.remining.coming.analyzer.Main
",1,
/app/data/coming_data/pair_00218,False,"Error: Could not find or load main class fr.inria.sacha.remining.coming.analyzer.Main
Caused by: java.lang.ClassNotFoundException: fr.inria.sacha.remining.coming.analyzer.Main
",1,
/app/data/coming_data/pair_00219,False,"Error: Could not find or load main class fr.inria.sacha.remining.coming.analyzer.Main
Caused by: java.lang.ClassNotFoundException: fr.inria.sacha.remining.coming.analyzer.Main
",1,
/app/data/coming_data/pair_00220,False,"Error: Could not find or load main class fr.inria.sacha.remining.coming.analyzer.Main
Caused by: java.lang.ClassNotFoundException: fr.inria.sacha.remining.coming.analyzer.Main
",1,
/app/data/coming_data/pair_00221,False,"Error: Could not find or load main class fr.inria.sacha.remining.coming.analyzer.Main
Caused by: java.lang.ClassNotFoundException: fr.inria.sacha.remining.coming.analyzer.Main
",1,
/app/data/coming_data/pair_00222,False,"Error: Could not find or load main class fr.inria.sacha.remining.coming.analyzer.Main
Caused by: java.lang.ClassNotFoundException: fr.inria.sacha.remining.coming.analyzer.Main
",1,
/app/data/coming_data/pair_00223,False,"Error: Could not find or load main class fr.inria.sacha.remining.coming.analyzer.Main
Caused by: java.lang.ClassNotFoundException: fr.inria.sacha.remining.coming.analyzer.Main
",1,
/app/data/coming_data/pair_00224,False,"Error: Could not find or load main class fr.inria.sacha.remining.coming.analyzer.Main
Caused by: java.lang.ClassNotFoundException: fr.inria.sacha.remining.coming.analyzer.Main
",1,
/app/data/coming_data/pair_00225,False,"Error: Could not find or load main class fr.inria.sacha.remining.coming.analyzer.Main
Caused by: java.lang.ClassNotFoundException: fr.inria.sacha.remining.coming.analyzer.Main
",1,
/app/data/coming_data/pair_00226,False,"Error: Could not find or load main class fr.inria.sacha.remining.coming.analyzer.Main
Caused by: java.lang.ClassNotFoundException: fr.inria.sacha.remining.coming.analyzer.Main
",1,
/app/data/coming_data/pair_00227,False,"Error: Could not find or load main class fr.inria.sacha.remining.coming.analyzer.Main
Caused by: java.lang.ClassNotFoundException: fr.inria.sacha.remining.coming.analyzer.Main
",1,
/app/data/coming_data/pair_00228,False,"Error: Could not find or load main class fr.inria.sacha.remining.coming.analyzer.Main
Caused by: java.lang.ClassNotFoundException: fr.inria.sacha.remining.coming.analyzer.Main
",1,
/app/data/coming_data/pair_00229,False,"Error: Could not find or load main class fr.inria.sacha.remining.coming.analyzer.Main
Caused by: java.lang.ClassNotFoundException: fr.inria.sacha.remining.coming.analyzer.Main
",1,
/app/data/coming_data/pair_00230,False,"Error: Could not find or load main class fr.inria.sacha.remining.coming.analyzer.Main
Caused by: java.lang.ClassNotFoundException: fr.inria.sacha.remining.coming.analyzer.Main
",1,
/app/data/coming_data/pair_00231,False,"Error: Could not find or load main class fr.inria.sacha.remining.coming.analyzer.Main
Caused by: java.lang.ClassNotFoundException: fr.inria.sacha.remining.coming.analyzer.Main
",1,
/app/data/coming_data/pair_00232,False,"Error: Could not find or load main class fr.inria.sacha.remining.coming.analyzer.Main
Caused by: java.lang.ClassNotFoundException: fr.inria.sacha.remining.coming.analyzer.Main
",1,
/app/data/coming_data/pair_00233,False,"Error: Could not find or load main class fr.inria.sacha.remining.coming.analyzer.Main
Caused by: java.lang.ClassNotFoundException: fr.inria.sacha.remining.coming.analyzer.Main
",1,
/app/data/coming_data/pair_00234,False,"Error: Could not find or load main class fr.inria.sacha.remining.coming.analyzer.Main
Caused by: java.lang.ClassNotFoundException: fr.inria.sacha.remining.coming.analyzer.Main
",1,
/app/data/coming_data/pair_00235,False,"Error: Could not find or load main class fr.inria.sacha.remining.coming.analyzer.Main
Caused by: java.lang.ClassNotFoundException: fr.inria.sacha.remining.coming.analyzer.Main
",1,
/app/data/coming_data/pair_00236,False,"Error: Could not find or load main class fr.inria.sacha.remining.coming.analyzer.Main
Caused by: java.lang.ClassNotFoundException: fr.inria.sacha.remining.coming.analyzer.Main
",1,
/app/data/coming_data/pair_00237,False,"Error: Could not find or load main class fr.inria.sacha.remining.coming.analyzer.Main
Caused by: java.lang.ClassNotFoundException: fr.inria.sacha.remining.coming.analyzer.Main
",1,
/app/data/coming_data/pair_00238,False,"Error: Could not find or load main class fr.inria.sacha.remining.coming.analyzer.Main
Caused by: java.lang.ClassNotFoundException: fr.inria.sacha.remining.coming.analyzer.Main
",1,
/app/data/coming_data/pair_00239,False,"Error: Could not find or load main class fr.inria.sacha.remining.coming.analyzer.Main
Caused by: java.lang.ClassNotFoundException: fr.inria.sacha.remining.coming.analyzer.Main
",1,
/app/data/coming_data/pair_00240,False,"Error: Could not find or load main class fr.inria.sacha.remining.coming.analyzer.Main
Caused by: java.lang.ClassNotFoundException: fr.inria.sacha.remining.coming.analyzer.Main
",1,
/app/data/coming_data/pair_00241,False,"Error: Could not find or load main class fr.inria.sacha.remining.coming.analyzer.Main
Caused by: java.lang.ClassNotFoundException: fr.inria.sacha.remining.coming.analyzer.Main
",1,
/app/data/coming_data/pair_00242,False,"Error: Could not find or load main class fr.inria.sacha.remining.coming.analyzer.Main
Caused by: java.lang.ClassNotFoundException: fr.inria.sacha.remining.coming.analyzer.Main
",1,
/app/data/coming_data/pair_00243,False,"Error: Could not find or load main class fr.inria.sacha.remining.coming.analyzer.Main
Caused by: java.lang.ClassNotFoundException: fr.inria.sacha.remining.coming.analyzer.Main
",1,
/app/data/coming_data/pair_00244,False,"Error: Could not find or load main class fr.inria.sacha.remining.coming.analyzer.Main
Caused by: java.lang.ClassNotFoundException: fr.inria.sacha.remining.coming.analyzer.Main
",1,
/app/data/coming_data/pair_00245,False,"Error: Could not find or load main class fr.inria.sacha.remining.coming.analyzer.Main
Caused by: java.lang.ClassNotFoundException: fr.inria.sacha.remining.coming.analyzer.Main
",1,
/app/data/coming_data/pair_00246,False,"Error: Could not find or load main class fr.inria.sacha.remining.coming.analyzer.Main
Caused by: java.lang.ClassNotFoundException: fr.inria.sacha.remining.coming.analyzer.Main
",1,
/app/data/coming_data/pair_00247,False,"Error: Could not find or load main class fr.inria.sacha.remining.coming.analyzer.Main
Caused by: java.lang.ClassNotFoundException: fr.inria.sacha.remining.coming.analyzer.Main
",1,
/app/data/coming_data/pair_00248,False,"Error: Could not find or load main class fr.inria.sacha.remining.coming.analyzer.Main
Caused by: java.lang.ClassNotFoundException: fr.inria.sacha.remining.coming.analyzer.Main
",1,
/app/data/coming_data/pair_00249,False,"Error: Could not find or load main class fr.inria.sacha.remining.coming.analyzer.Main
Caused by: java.lang.ClassNotFoundException: fr.inria.sacha.remining.coming.analyzer.Main
",1,
/app/data/coming_data/pair_00250,False,"Error: Could not find or load main class fr.inria.sacha.remining.coming.analyzer.Main
Caused by: java.lang.ClassNotFoundException: fr.inria.sacha.remining.coming.analyzer.Main
",1,
/app/data/coming_data/pair_00251,False,"Error: Could not find or load main class fr.inria.sacha.remining.coming.analyzer.Main
Caused by: java.lang.ClassNotFoundException: fr.inria.sacha.remining.coming.analyzer.Main
",1,
/app/data/coming_data/pair_00252,False,"Error: Could not find or load main class fr.inria.sacha.remining.coming.analyzer.Main
Caused by: java.lang.ClassNotFoundException: fr.inria.sacha.remining.coming.analyzer.Main
",1,
/app/data/coming_data/pair_00253,False,"Error: Could not find or load main class fr.inria.sacha.remining.coming.analyzer.Main
Caused by: java.lang.ClassNotFoundException: fr.inria.sacha.remining.coming.analyzer.Main
",1,
/app/data/coming_data/pair_00254,False,"Error: Could not find or load main class fr.inria.sacha.remining.coming.analyzer.Main
Caused by: java.lang.ClassNotFoundException: fr.inria.sacha.remining.coming.analyzer.Main
",1,
/app/data/coming_data/pair_00255,False,"Error: Could not find or load main class fr.inria.sacha.remining.coming.analyzer.Main
Caused by: java.lang.ClassNotFoundException: fr.inria.sacha.remining.coming.analyzer.Main
",1,
/app/data/coming_data/pair_00256,False,"Error: Could not find or load main class fr.inria.sacha.remining.coming.analyzer.Main
Caused by: java.lang.ClassNotFoundException: fr.inria.sacha.remining.coming.analyzer.Main
",1,
/app/data/coming_data/pair_00257,False,"Error: Could not find or load main class fr.inria.sacha.remining.coming.analyzer.Main
Caused by: java.lang.ClassNotFoundException: fr.inria.sacha.remining.coming.analyzer.Main
",1,
/app/data/coming_data/pair_00258,False,"Error: Could not find or load main class fr.inria.sacha.remining.coming.analyzer.Main
Caused by: java.lang.ClassNotFoundException: fr.inria.sacha.remining.coming.analyzer.Main
",1,
/app/data/coming_data/pair_00259,False,"Error: Could not find or load main class fr.inria.sacha.remining.coming.analyzer.Main
Caused by: java.lang.ClassNotFoundException: fr.inria.sacha.remining.coming.analyzer.Main
",1,
/app/data/coming_data/pair_00260,False,"Error: Could not find or load main class fr.inria.sacha.remining.coming.analyzer.Main
Caused by: java.lang.ClassNotFoundException: fr.inria.sacha.remining.coming.analyzer.Main
",1,
/app/data/coming_data/pair_00261,False,"Error: Could not find or load main class fr.inria.sacha.remining.coming.analyzer.Main
Caused by: java.lang.ClassNotFoundException: fr.inria.sacha.remining.coming.analyzer.Main
",1,
/app/data/coming_data/pair_00262,False,"Error: Could not find or load main class fr.inria.sacha.remining.coming.analyzer.Main
Caused by: java.lang.ClassNotFoundException: fr.inria.sacha.remining.coming.analyzer.Main
",1,
/app/data/coming_data/pair_00263,False,"Error: Could not find or load main class fr.inria.sacha.remining.coming.analyzer.Main
Caused by: java.lang.ClassNotFoundException: fr.inria.sacha.remining.coming.analyzer.Main
",1,
/app/data/coming_data/pair_00264,False,"Error: Could not find or load main class fr.inria.sacha.remining.coming.analyzer.Main
Caused by: java.lang.ClassNotFoundException: fr.inria.sacha.remining.coming.analyzer.Main
",1,
/app/data/coming_data/pair_00265,False,"Error: Could not find or load main class fr.inria.sacha.remining.coming.analyzer.Main
Caused by: java.lang.ClassNotFoundException: fr.inria.sacha.remining.coming.analyzer.Main
",1,
/app/data/coming_data/pair_00266,False,"Error: Could not find or load main class fr.inria.sacha.remining.coming.analyzer.Main
Caused by: java.lang.ClassNotFoundException: fr.inria.sacha.remining.coming.analyzer.Main
",1,
/app/data/coming_data/pair_00267,False,"Error: Could not find or load main class fr.inria.sacha.remining.coming.analyzer.Main
Caused by: java.lang.ClassNotFoundException: fr.inria.sacha.remining.coming.analyzer.Main
",1,
/app/data/coming_data/pair_00268,False,"Error: Could not find or load main class fr.inria.sacha.remining.coming.analyzer.Main
Caused by: java.lang.ClassNotFoundException: fr.inria.sacha.remining.coming.analyzer.Main
",1,
/app/data/coming_data/pair_00269,False,"Error: Could not find or load main class fr.inria.sacha.remining.coming.analyzer.Main
Caused by: java.lang.ClassNotFoundException: fr.inria.sacha.remining.coming.analyzer.Main
",1,
/app/data/coming_data/pair_00270,False,"Error: Could not find or load main class fr.inria.sacha.remining.coming.analyzer.Main
Caused by: java.lang.ClassNotFoundException: fr.inria.sacha.remining.coming.analyzer.Main
",1,
/app/data/coming_data/pair_00271,False,"Error: Could not find or load main class fr.inria.sacha.remining.coming.analyzer.Main
Caused by: java.lang.ClassNotFoundException: fr.inria.sacha.remining.coming.analyzer.Main
",1,
/app/data/coming_data/pair_00272,False,"Error: Could not find or load main class fr.inria.sacha.remining.coming.analyzer.Main
Caused by: java.lang.ClassNotFoundException: fr.inria.sacha.remining.coming.analyzer.Main
",1,
/app/data/coming_data/pair_00273,False,"Error: Could not find or load main class fr.inria.sacha.remining.coming.analyzer.Main
Caused by: java.lang.ClassNotFoundException: fr.inria.sacha.remining.coming.analyzer.Main
",1,
/app/data/coming_data/pair_00274,False,"Error: Could not find or load main class fr.inria.sacha.remining.coming.analyzer.Main
Caused by: java.lang.ClassNotFoundException: fr.inria.sacha.remining.coming.analyzer.Main
",1,
/app/data/coming_data/pair_00275,False,"Error: Could not find or load main class fr.inria.sacha.remining.coming.analyzer.Main
Caused by: java.lang.ClassNotFoundException: fr.inria.sacha.remining.coming.analyzer.Main
",1,
/app/data/coming_data/pair_00276,False,"Error: Could not find or load main class fr.inria.sacha.remining.coming.analyzer.Main
Caused by: java.lang.ClassNotFoundException: fr.inria.sacha.remining.coming.analyzer.Main
",1,
/app/data/coming_data/pair_00277,False,"Error: Could not find or load main class fr.inria.sacha.remining.coming.analyzer.Main
Caused by: java.lang.ClassNotFoundException: fr.inria.sacha.remining.coming.analyzer.Main
",1,
/app/data/coming_data/pair_00278,False,"Error: Could not find or load main class fr.inria.sacha.remining.coming.analyzer.Main
Caused by: java.lang.ClassNotFoundException: fr.inria.sacha.remining.coming.analyzer.Main
",1,
/app/data/coming_data/pair_00279,False,"Error: Could not find or load main class fr.inria.sacha.remining.coming.analyzer.Main
Caused by: java.lang.ClassNotFoundException: fr.inria.sacha.remining.coming.analyzer.Main
",1,
/app/data/coming_data/pair_00280,False,"Error: Could not find or load main class fr.inria.sacha.remining.coming.analyzer.Main
Caused by: java.lang.ClassNotFoundException: fr.inria.sacha.remining.coming.analyzer.Main
",1,
/app/data/coming_data/pair_00281,False,"Error: Could not find or load main class fr.inria.sacha.remining.coming.analyzer.Main
Caused by: java.lang.ClassNotFoundException: fr.inria.sacha.remining.coming.analyzer.Main
",1,
/app/data/coming_data/pair_00282,False,"Error: Could not find or load main class fr.inria.sacha.remining.coming.analyzer.Main
Caused by: java.lang.ClassNotFoundException: fr.inria.sacha.remining.coming.analyzer.Main
",1,
/app/data/coming_data/pair_00283,False,"Error: Could not find or load main class fr.inria.sacha.remining.coming.analyzer.Main
Caused by: java.lang.ClassNotFoundException: fr.inria.sacha.remining.coming.analyzer.Main
",1,
/app/data/coming_data/pair_00284,False,"Error: Could not find or load main class fr.inria.sacha.remining.coming.analyzer.Main
Caused by: java.lang.ClassNotFoundException: fr.inria.sacha.remining.coming.analyzer.Main
",1,
/app/data/coming_data/pair_00285,False,"Error: Could not find or load main class fr.inria.sacha.remining.coming.analyzer.Main
Caused by: java.lang.ClassNotFoundException: fr.inria.sacha.remining.coming.analyzer.Main
",1,
/app/data/coming_data/pair_00286,False,"Error: Could not find or load main class fr.inria.sacha.remining.coming.analyzer.Main
Caused by: java.lang.ClassNotFoundException: fr.inria.sacha.remining.coming.analyzer.Main
",1,
/app/data/coming_data/pair_00287,False,"Error: Could not find or load main class fr.inria.sacha.remining.coming.analyzer.Main
Caused by: java.lang.ClassNotFoundException: fr.inria.sacha.remining.coming.analyzer.Main
",1,
/app/data/coming_data/pair_00288,False,"Error: Could not find or load main class fr.inria.sacha.remining.coming.analyzer.Main
Caused by: java.lang.ClassNotFoundException: fr.inria.sacha.remining.coming.analyzer.Main
",1,
/app/data/coming_data/pair_00289,False,"Error: Could not find or load main class fr.inria.sacha.remining.coming.analyzer.Main
Caused by: java.lang.ClassNotFoundException: fr.inria.sacha.remining.coming.analyzer.Main
",1,
/app/data/coming_data/pair_00290,False,"Error: Could not find or load main class fr.inria.sacha.remining.coming.analyzer.Main
Caused by: java.lang.ClassNotFoundException: fr.inria.sacha.remining.coming.analyzer.Main
",1,
/app/data/coming_data/pair_00291,False,"Error: Could not find or load main class fr.inria.sacha.remining.coming.analyzer.Main
Caused by: java.lang.ClassNotFoundException: fr.inria.sacha.remining.coming.analyzer.Main
",1,
/app/data/coming_data/pair_00292,False,"Error: Could not find or load main class fr.inria.sacha.remining.coming.analyzer.Main
Caused by: java.lang.ClassNotFoundException: fr.inria.sacha.remining.coming.analyzer.Main
",1,
/app/data/coming_data/pair_00293,False,"Error: Could not find or load main class fr.inria.sacha.remining.coming.analyzer.Main
Caused by: java.lang.ClassNotFoundException: fr.inria.sacha.remining.coming.analyzer.Main
",1,
/app/data/coming_data/pair_00294,False,"Error: Could not find or load main class fr.inria.sacha.remining.coming.analyzer.Main
Caused by: java.lang.ClassNotFoundException: fr.inria.sacha.remining.coming.analyzer.Main
",1,
/app/data/coming_data/pair_00295,False,"Error: Could not find or load main class fr.inria.sacha.remining.coming.analyzer.Main
Caused by: java.lang.ClassNotFoundException: fr.inria.sacha.remining.coming.analyzer.Main
",1,
/app/data/coming_data/pair_00296,False,"Error: Could not find or load main class fr.inria.sacha.remining.coming.analyzer.Main
Caused by: java.lang.ClassNotFoundException: fr.inria.sacha.remining.coming.analyzer.Main
",1,
/app/data/coming_data/pair_00297,False,"Error: Could not find or load main class fr.inria.sacha.remining.coming.analyzer.Main
Caused by: java.lang.ClassNotFoundException: fr.inria.sacha.remining.coming.analyzer.Main
",1,
/app/data/coming_data/pair_00298,False,"Error: Could not find or load main class fr.inria.sacha.remining.coming.analyzer.Main
Caused by: java.lang.ClassNotFoundException: fr.inria.sacha.remining.coming.analyzer.Main
",1,
/app/data/coming_data/pair_00299,False,"Error: Could not find or load main class fr.inria.sacha.remining.coming.analyzer.Main
Caused by: java.lang.ClassNotFoundException: fr.inria.sacha.remining.coming.analyzer.Main
",1,
/app/data/coming_data/pair_00300,False,"Error: Could not find or load main class fr.inria.sacha.remining.coming.analyzer.Main
Caused by: java.lang.ClassNotFoundException: fr.inria.sacha.remining.coming.analyzer.Main
",1,
/app/data/coming_data/pair_00301,False,"Error: Could not find or load main class fr.inria.sacha.remining.coming.analyzer.Main
Caused by: java.lang.ClassNotFoundException: fr.inria.sacha.remining.coming.analyzer.Main
",1,
/app/data/coming_data/pair_00302,False,"Error: Could not find or load main class fr.inria.sacha.remining.coming.analyzer.Main
Caused by: java.lang.ClassNotFoundException: fr.inria.sacha.remining.coming.analyzer.Main
",1,
/app/data/coming_data/pair_00303,False,"Error: Could not find or load main class fr.inria.sacha.remining.coming.analyzer.Main
Caused by: java.lang.ClassNotFoundException: fr.inria.sacha.remining.coming.analyzer.Main
",1,
/app/data/coming_data/pair_00304,False,"Error: Could not find or load main class fr.inria.sacha.remining.coming.analyzer.Main
Caused by: java.lang.ClassNotFoundException: fr.inria.sacha.remining.coming.analyzer.Main
",1,
/app/data/coming_data/pair_00305,False,"Error: Could not find or load main class fr.inria.sacha.remining.coming.analyzer.Main
Caused by: java.lang.ClassNotFoundException: fr.inria.sacha.remining.coming.analyzer.Main
",1,
/app/data/coming_data/pair_00306,False,"Error: Could not find or load main class fr.inria.sacha.remining.coming.analyzer.Main
Caused by: java.lang.ClassNotFoundException: fr.inria.sacha.remining.coming.analyzer.Main
",1,
/app/data/coming_data/pair_00307,False,"Error: Could not find or load main class fr.inria.sacha.remining.coming.analyzer.Main
Caused by: java.lang.ClassNotFoundException: fr.inria.sacha.remining.coming.analyzer.Main
",1,
/app/data/coming_data/pair_00308,False,"Error: Could not find or load main class fr.inria.sacha.remining.coming.analyzer.Main
Caused by: java.lang.ClassNotFoundException: fr.inria.sacha.remining.coming.analyzer.Main
",1,
/app/data/coming_data/pair_00309,False,"Error: Could not find or load main class fr.inria.sacha.remining.coming.analyzer.Main
Caused by: java.lang.ClassNotFoundException: fr.inria.sacha.remining.coming.analyzer.Main
",1,
/app/data/coming_data/pair_00310,False,"Error: Could not find or load main class fr.inria.sacha.remining.coming.analyzer.Main
Caused by: java.lang.ClassNotFoundException: fr.inria.sacha.remining.coming.analyzer.Main
",1,
/app/data/coming_data/pair_00311,False,"Error: Could not find or load main class fr.inria.sacha.remining.coming.analyzer.Main
Caused by: java.lang.ClassNotFoundException: fr.inria.sacha.remining.coming.analyzer.Main
",1,
/app/data/coming_data/pair_00312,False,"Error: Could not find or load main class fr.inria.sacha.remining.coming.analyzer.Main
Caused by: java.lang.ClassNotFoundException: fr.inria.sacha.remining.coming.analyzer.Main
",1,
/app/data/coming_data/pair_00313,False,"Error: Could not find or load main class fr.inria.sacha.remining.coming.analyzer.Main
Caused by: java.lang.ClassNotFoundException: fr.inria.sacha.remining.coming.analyzer.Main
",1,
/app/data/coming_data/pair_00314,False,"Error: Could not find or load main class fr.inria.sacha.remining.coming.analyzer.Main
Caused by: java.lang.ClassNotFoundException: fr.inria.sacha.remining.coming.analyzer.Main
",1,
/app/data/coming_data/pair_00315,False,"Error: Could not find or load main class fr.inria.sacha.remining.coming.analyzer.Main
Caused by: java.lang.ClassNotFoundException: fr.inria.sacha.remining.coming.analyzer.Main
",1,
/app/data/coming_data/pair_00316,False,"Error: Could not find or load main class fr.inria.sacha.remining.coming.analyzer.Main
Caused by: java.lang.ClassNotFoundException: fr.inria.sacha.remining.coming.analyzer.Main
",1,
/app/data/coming_data/pair_00317,False,"Error: Could not find or load main class fr.inria.sacha.remining.coming.analyzer.Main
Caused by: java.lang.ClassNotFoundException: fr.inria.sacha.remining.coming.analyzer.Main
",1,
/app/data/coming_data/pair_00318,False,"Error: Could not find or load main class fr.inria.sacha.remining.coming.analyzer.Main
Caused by: java.lang.ClassNotFoundException: fr.inria.sacha.remining.coming.analyzer.Main
",1,
/app/data/coming_data/pair_00319,False,"Error: Could not find or load main class fr.inria.sacha.remining.coming.analyzer.Main
Caused by: java.lang.ClassNotFoundException: fr.inria.sacha.remining.coming.analyzer.Main
",1,
/app/data/coming_data/pair_00320,False,"Error: Could not find or load main class fr.inria.sacha.remining.coming.analyzer.Main
Caused by: java.lang.ClassNotFoundException: fr.inria.sacha.remining.coming.analyzer.Main
",1,
/app/data/coming_data/pair_00321,False,"Error: Could not find or load main class fr.inria.sacha.remining.coming.analyzer.Main
Caused by: java.lang.ClassNotFoundException: fr.inria.sacha.remining.coming.analyzer.Main
",1,
/app/data/coming_data/pair_00322,False,"Error: Could not find or load main class fr.inria.sacha.remining.coming.analyzer.Main
Caused by: java.lang.ClassNotFoundException: fr.inria.sacha.remining.coming.analyzer.Main
",1,
/app/data/coming_data/pair_00323,False,"Error: Could not find or load main class fr.inria.sacha.remining.coming.analyzer.Main
Caused by: java.lang.ClassNotFoundException: fr.inria.sacha.remining.coming.analyzer.Main
",1,
/app/data/coming_data/pair_00324,False,"Error: Could not find or load main class fr.inria.sacha.remining.coming.analyzer.Main
Caused by: java.lang.ClassNotFoundException: fr.inria.sacha.remining.coming.analyzer.Main
",1,
/app/data/coming_data/pair_00325,False,"Error: Could not find or load main class fr.inria.sacha.remining.coming.analyzer.Main
Caused by: java.lang.ClassNotFoundException: fr.inria.sacha.remining.coming.analyzer.Main
",1,
/app/data/coming_data/pair_00326,False,"Error: Could not find or load main class fr.inria.sacha.remining.coming.analyzer.Main
Caused by: java.lang.ClassNotFoundException: fr.inria.sacha.remining.coming.analyzer.Main
",1,
/app/data/coming_data/pair_00327,False,"Error: Could not find or load main class fr.inria.sacha.remining.coming.analyzer.Main
Caused by: java.lang.ClassNotFoundException: fr.inria.sacha.remining.coming.analyzer.Main
",1,
/app/data/coming_data/pair_00328,False,"Error: Could not find or load main class fr.inria.sacha.remining.coming.analyzer.Main
Caused by: java.lang.ClassNotFoundException: fr.inria.sacha.remining.coming.analyzer.Main
",1,
/app/data/coming_data/pair_00329,False,"Error: Could not find or load main class fr.inria.sacha.remining.coming.analyzer.Main
Caused by: java.lang.ClassNotFoundException: fr.inria.sacha.remining.coming.analyzer.Main
",1,
/app/data/coming_data/pair_00330,False,"Error: Could not find or load main class fr.inria.sacha.remining.coming.analyzer.Main
Caused by: java.lang.ClassNotFoundException: fr.inria.sacha.remining.coming.analyzer.Main
",1,
/app/data/coming_data/pair_00331,False,"Error: Could not find or load main class fr.inria.sacha.remining.coming.analyzer.Main
Caused by: java.lang.ClassNotFoundException: fr.inria.sacha.remining.coming.analyzer.Main
",1,
/app/data/coming_data/pair_00332,False,"Error: Could not find or load main class fr.inria.sacha.remining.coming.analyzer.Main
Caused by: java.lang.ClassNotFoundException: fr.inria.sacha.remining.coming.analyzer.Main
",1,
/app/data/coming_data/pair_00333,False,"Error: Could not find or load main class fr.inria.sacha.remining.coming.analyzer.Main
Caused by: java.lang.ClassNotFoundException: fr.inria.sacha.remining.coming.analyzer.Main
",1,
/app/data/coming_data/pair_00334,False,"Error: Could not find or load main class fr.inria.sacha.remining.coming.analyzer.Main
Caused by: java.lang.ClassNotFoundException: fr.inria.sacha.remining.coming.analyzer.Main
",1,
/app/data/coming_data/pair_00335,False,"Error: Could not find or load main class fr.inria.sacha.remining.coming.analyzer.Main
Caused by: java.lang.ClassNotFoundException: fr.inria.sacha.remining.coming.analyzer.Main
",1,
/app/data/coming_data/pair_00336,False,"Error: Could not find or load main class fr.inria.sacha.remining.coming.analyzer.Main
Caused by: java.lang.ClassNotFoundException: fr.inria.sacha.remining.coming.analyzer.Main
",1,
/app/data/coming_data/pair_00337,False,"Error: Could not find or load main class fr.inria.sacha.remining.coming.analyzer.Main
Caused by: java.lang.ClassNotFoundException: fr.inria.sacha.remining.coming.analyzer.Main
",1,
/app/data/coming_data/pair_00338,False,"Error: Could not find or load main class fr.inria.sacha.remining.coming.analyzer.Main
Caused by: java.lang.ClassNotFoundException: fr.inria.sacha.remining.coming.analyzer.Main
",1,
/app/data/coming_data/pair_00339,False,"Error: Could not find or load main class fr.inria.sacha.remining.coming.analyzer.Main
Caused by: java.lang.ClassNotFoundException: fr.inria.sacha.remining.coming.analyzer.Main
",1,
/app/data/coming_data/pair_00340,False,"Error: Could not find or load main class fr.inria.sacha.remining.coming.analyzer.Main
Caused by: java.lang.ClassNotFoundException: fr.inria.sacha.remining.coming.analyzer.Main
",1,
/app/data/coming_data/pair_00341,False,"Error: Could not find or load main class fr.inria.sacha.remining.coming.analyzer.Main
Caused by: java.lang.ClassNotFoundException: fr.inria.sacha.remining.coming.analyzer.Main
",1,
/app/data/coming_data/pair_00342,False,"Error: Could not find or load main class fr.inria.sacha.remining.coming.analyzer.Main
Caused by: java.lang.ClassNotFoundException: fr.inria.sacha.remining.coming.analyzer.Main
",1,
/app/data/coming_data/pair_00343,False,"Error: Could not find or load main class fr.inria.sacha.remining.coming.analyzer.Main
Caused by: java.lang.ClassNotFoundException: fr.inria.sacha.remining.coming.analyzer.Main
",1,
/app/data/coming_data/pair_00344,False,"Error: Could not find or load main class fr.inria.sacha.remining.coming.analyzer.Main
Caused by: java.lang.ClassNotFoundException: fr.inria.sacha.remining.coming.analyzer.Main
",1,
/app/data/coming_data/pair_00345,False,"Error: Could not find or load main class fr.inria.sacha.remining.coming.analyzer.Main
Caused by: java.lang.ClassNotFoundException: fr.inria.sacha.remining.coming.analyzer.Main
",1,
/app/data/coming_data/pair_00346,False,"Error: Could not find or load main class fr.inria.sacha.remining.coming.analyzer.Main
Caused by: java.lang.ClassNotFoundException: fr.inria.sacha.remining.coming.analyzer.Main
",1,
/app/data/coming_data/pair_00347,False,"Error: Could not find or load main class fr.inria.sacha.remining.coming.analyzer.Main
Caused by: java.lang.ClassNotFoundException: fr.inria.sacha.remining.coming.analyzer.Main
",1,
/app/data/coming_data/pair_00348,False,"Error: Could not find or load main class fr.inria.sacha.remining.coming.analyzer.Main
Caused by: java.lang.ClassNotFoundException: fr.inria.sacha.remining.coming.analyzer.Main
",1,
/app/data/coming_data/pair_00349,False,"Error: Could not find or load main class fr.inria.sacha.remining.coming.analyzer.Main
Caused by: java.lang.ClassNotFoundException: fr.inria.sacha.remining.coming.analyzer.Main
",1,
/app/data/coming_data/pair_00350,False,"Error: Could not find or load main class fr.inria.sacha.remining.coming.analyzer.Main
Caused by: java.lang.ClassNotFoundException: fr.inria.sacha.remining.coming.analyzer.Main
",1,
/app/data/coming_data/pair_00351,False,"Error: Could not find or load main class fr.inria.sacha.remining.coming.analyzer.Main
Caused by: java.lang.ClassNotFoundException: fr.inria.sacha.remining.coming.analyzer.Main
",1,
/app/data/coming_data/pair_00352,False,"Error: Could not find or load main class fr.inria.sacha.remining.coming.analyzer.Main
Caused by: java.lang.ClassNotFoundException: fr.inria.sacha.remining.coming.analyzer.Main
",1,
/app/data/coming_data/pair_00353,False,"Error: Could not find or load main class fr.inria.sacha.remining.coming.analyzer.Main
Caused by: java.lang.ClassNotFoundException: fr.inria.sacha.remining.coming.analyzer.Main
",1,
/app/data/coming_data/pair_00354,False,"Error: Could not find or load main class fr.inria.sacha.remining.coming.analyzer.Main
Caused by: java.lang.ClassNotFoundException: fr.inria.sacha.remining.coming.analyzer.Main
",1,
/app/data/coming_data/pair_00355,False,"Error: Could not find or load main class fr.inria.sacha.remining.coming.analyzer.Main
Caused by: java.lang.ClassNotFoundException: fr.inria.sacha.remining.coming.analyzer.Main
",1,
/app/data/coming_data/pair_00356,False,"Error: Could not find or load main class fr.inria.sacha.remining.coming.analyzer.Main
Caused by: java.lang.ClassNotFoundException: fr.inria.sacha.remining.coming.analyzer.Main
",1,
/app/data/coming_data/pair_00357,False,"Error: Could not find or load main class fr.inria.sacha.remining.coming.analyzer.Main
Caused by: java.lang.ClassNotFoundException: fr.inria.sacha.remining.coming.analyzer.Main
",1,
/app/data/coming_data/pair_00358,False,"Error: Could not find or load main class fr.inria.sacha.remining.coming.analyzer.Main
Caused by: java.lang.ClassNotFoundException: fr.inria.sacha.remining.coming.analyzer.Main
",1,
/app/data/coming_data/pair_00359,False,"Error: Could not find or load main class fr.inria.sacha.remining.coming.analyzer.Main
Caused by: java.lang.ClassNotFoundException: fr.inria.sacha.remining.coming.analyzer.Main
",1,
/app/data/coming_data/pair_00360,False,"Error: Could not find or load main class fr.inria.sacha.remining.coming.analyzer.Main
Caused by: java.lang.ClassNotFoundException: fr.inria.sacha.remining.coming.analyzer.Main
",1,
/app/data/coming_data/pair_00361,False,"Error: Could not find or load main class fr.inria.sacha.remining.coming.analyzer.Main
Caused by: java.lang.ClassNotFoundException: fr.inria.sacha.remining.coming.analyzer.Main
",1,
/app/data/coming_data/pair_00362,False,"Error: Could not find or load main class fr.inria.sacha.remining.coming.analyzer.Main
Caused by: java.lang.ClassNotFoundException: fr.inria.sacha.remining.coming.analyzer.Main
",1,
/app/data/coming_data/pair_00363,False,"Error: Could not find or load main class fr.inria.sacha.remining.coming.analyzer.Main
Caused by: java.lang.ClassNotFoundException: fr.inria.sacha.remining.coming.analyzer.Main
",1,
/app/data/coming_data/pair_00364,False,"Error: Could not find or load main class fr.inria.sacha.remining.coming.analyzer.Main
Caused by: java.lang.ClassNotFoundException: fr.inria.sacha.remining.coming.analyzer.Main
",1,
/app/data/coming_data/pair_00365,False,"Error: Could not find or load main class fr.inria.sacha.remining.coming.analyzer.Main
Caused by: java.lang.ClassNotFoundException: fr.inria.sacha.remining.coming.analyzer.Main
",1,
/app/data/coming_data/pair_00366,False,"Error: Could not find or load main class fr.inria.sacha.remining.coming.analyzer.Main
Caused by: java.lang.ClassNotFoundException: fr.inria.sacha.remining.coming.analyzer.Main
",1,
/app/data/coming_data/pair_00367,False,"Error: Could not find or load main class fr.inria.sacha.remining.coming.analyzer.Main
Caused by: java.lang.ClassNotFoundException: fr.inria.sacha.remining.coming.analyzer.Main
",1,
/app/data/coming_data/pair_00368,False,"Error: Could not find or load main class fr.inria.sacha.remining.coming.analyzer.Main
Caused by: java.lang.ClassNotFoundException: fr.inria.sacha.remining.coming.analyzer.Main
",1,
/app/data/coming_data/pair_00369,False,"Error: Could not find or load main class fr.inria.sacha.remining.coming.analyzer.Main
Caused by: java.lang.ClassNotFoundException: fr.inria.sacha.remining.coming.analyzer.Main
",1,
/app/data/coming_data/pair_00370,False,"Error: Could not find or load main class fr.inria.sacha.remining.coming.analyzer.Main
Caused by: java.lang.ClassNotFoundException: fr.inria.sacha.remining.coming.analyzer.Main
",1,
/app/data/coming_data/pair_00371,False,"Error: Could not find or load main class fr.inria.sacha.remining.coming.analyzer.Main
Caused by: java.lang.ClassNotFoundException: fr.inria.sacha.remining.coming.analyzer.Main
",1,
/app/data/coming_data/pair_00372,False,"Error: Could not find or load main class fr.inria.sacha.remining.coming.analyzer.Main
Caused by: java.lang.ClassNotFoundException: fr.inria.sacha.remining.coming.analyzer.Main
",1,
/app/data/coming_data/pair_00373,False,"Error: Could not find or load main class fr.inria.sacha.remining.coming.analyzer.Main
Caused by: java.lang.ClassNotFoundException: fr.inria.sacha.remining.coming.analyzer.Main
",1,
/app/data/coming_data/pair_00374,False,"Error: Could not find or load main class fr.inria.sacha.remining.coming.analyzer.Main
Caused by: java.lang.ClassNotFoundException: fr.inria.sacha.remining.coming.analyzer.Main
",1,
/app/data/coming_data/pair_00375,False,"Error: Could not find or load main class fr.inria.sacha.remining.coming.analyzer.Main
Caused by: java.lang.ClassNotFoundException: fr.inria.sacha.remining.coming.analyzer.Main
",1,
/app/data/coming_data/pair_00376,False,"Error: Could not find or load main class fr.inria.sacha.remining.coming.analyzer.Main
Caused by: java.lang.ClassNotFoundException: fr.inria.sacha.remining.coming.analyzer.Main
",1,
/app/data/coming_data/pair_00377,False,"Error: Could not find or load main class fr.inria.sacha.remining.coming.analyzer.Main
Caused by: java.lang.ClassNotFoundException: fr.inria.sacha.remining.coming.analyzer.Main
",1,
/app/data/coming_data/pair_00378,False,"Error: Could not find or load main class fr.inria.sacha.remining.coming.analyzer.Main
Caused by: java.lang.ClassNotFoundException: fr.inria.sacha.remining.coming.analyzer.Main
",1,
/app/data/coming_data/pair_00379,False,"Error: Could not find or load main class fr.inria.sacha.remining.coming.analyzer.Main
Caused by: java.lang.ClassNotFoundException: fr.inria.sacha.remining.coming.analyzer.Main
",1,
/app/data/coming_data/pair_00380,False,"Error: Could not find or load main class fr.inria.sacha.remining.coming.analyzer.Main
Caused by: java.lang.ClassNotFoundException: fr.inria.sacha.remining.coming.analyzer.Main
",1,
/app/data/coming_data/pair_00381,False,"Error: Could not find or load main class fr.inria.sacha.remining.coming.analyzer.Main
Caused by: java.lang.ClassNotFoundException: fr.inria.sacha.remining.coming.analyzer.Main
",1,
/app/data/coming_data/pair_00382,False,"Error: Could not find or load main class fr.inria.sacha.remining.coming.analyzer.Main
Caused by: java.lang.ClassNotFoundException: fr.inria.sacha.remining.coming.analyzer.Main
",1,
/app/data/coming_data/pair_00383,False,"Error: Could not find or load main class fr.inria.sacha.remining.coming.analyzer.Main
Caused by: java.lang.ClassNotFoundException: fr.inria.sacha.remining.coming.analyzer.Main
",1,
/app/data/coming_data/pair_00384,False,"Error: Could not find or load main class fr.inria.sacha.remining.coming.analyzer.Main
Caused by: java.lang.ClassNotFoundException: fr.inria.sacha.remining.coming.analyzer.Main
",1,
/app/data/coming_data/pair_00385,False,"Error: Could not find or load main class fr.inria.sacha.remining.coming.analyzer.Main
Caused by: java.lang.ClassNotFoundException: fr.inria.sacha.remining.coming.analyzer.Main
",1,
/app/data/coming_data/pair_00386,False,"Error: Could not find or load main class fr.inria.sacha.remining.coming.analyzer.Main
Caused by: java.lang.ClassNotFoundException: fr.inria.sacha.remining.coming.analyzer.Main
",1,
/app/data/coming_data/pair_00387,False,"Error: Could not find or load main class fr.inria.sacha.remining.coming.analyzer.Main
Caused by: java.lang.ClassNotFoundException: fr.inria.sacha.remining.coming.analyzer.Main
",1,
/app/data/coming_data/pair_00388,False,"Error: Could not find or load main class fr.inria.sacha.remining.coming.analyzer.Main
Caused by: java.lang.ClassNotFoundException: fr.inria.sacha.remining.coming.analyzer.Main
",1,
/app/data/coming_data/pair_00389,False,"Error: Could not find or load main class fr.inria.sacha.remining.coming.analyzer.Main
Caused by: java.lang.ClassNotFoundException: fr.inria.sacha.remining.coming.analyzer.Main
",1,
/app/data/coming_data/pair_00390,False,"Error: Could not find or load main class fr.inria.sacha.remining.coming.analyzer.Main
Caused by: java.lang.ClassNotFoundException: fr.inria.sacha.remining.coming.analyzer.Main
",1,
/app/data/coming_data/pair_00391,False,"Error: Could not find or load main class fr.inria.sacha.remining.coming.analyzer.Main
Caused by: java.lang.ClassNotFoundException: fr.inria.sacha.remining.coming.analyzer.Main
",1,
/app/data/coming_data/pair_00392,False,"Error: Could not find or load main class fr.inria.sacha.remining.coming.analyzer.Main
Caused by: java.lang.ClassNotFoundException: fr.inria.sacha.remining.coming.analyzer.Main
",1,
/app/data/coming_data/pair_00393,False,"Error: Could not find or load main class fr.inria.sacha.remining.coming.analyzer.Main
Caused by: java.lang.ClassNotFoundException: fr.inria.sacha.remining.coming.analyzer.Main
",1,
/app/data/coming_data/pair_00394,False,"Error: Could not find or load main class fr.inria.sacha.remining.coming.analyzer.Main
Caused by: java.lang.ClassNotFoundException: fr.inria.sacha.remining.coming.analyzer.Main
",1,
/app/data/coming_data/pair_00395,False,"Error: Could not find or load main class fr.inria.sacha.remining.coming.analyzer.Main
Caused by: java.lang.ClassNotFoundException: fr.inria.sacha.remining.coming.analyzer.Main
",1,
/app/data/coming_data/pair_00396,False,"Error: Could not find or load main class fr.inria.sacha.remining.coming.analyzer.Main
Caused by: java.lang.ClassNotFoundException: fr.inria.sacha.remining.coming.analyzer.Main
",1,
/app/data/coming_data/pair_00397,False,"Error: Could not find or load main class fr.inria.sacha.remining.coming.analyzer.Main
Caused by: java.lang.ClassNotFoundException: fr.inria.sacha.remining.coming.analyzer.Main
",1,
/app/data/coming_data/pair_00398,False,"Error: Could not find or load main class fr.inria.sacha.remining.coming.analyzer.Main
Caused by: java.lang.ClassNotFoundException: fr.inria.sacha.remining.coming.analyzer.Main
",1,
/app/data/coming_data/pair_00399,False,"Error: Could not find or load main class fr.inria.sacha.remining.coming.analyzer.Main
Caused by: java.lang.ClassNotFoundException: fr.inria.sacha.remining.coming.analyzer.Main
",1,
/app/data/coming_data/pair_00400,False,"Error: Could not find or load main class fr.inria.sacha.remining.coming.analyzer.Main
Caused by: java.lang.ClassNotFoundException: fr.inria.sacha.remining.coming.analyzer.Main
",1,
/app/data/coming_data/pair_00401,False,"Error: Could not find or load main class fr.inria.sacha.remining.coming.analyzer.Main
Caused by: java.lang.ClassNotFoundException: fr.inria.sacha.remining.coming.analyzer.Main
",1,
/app/data/coming_data/pair_00402,False,"Error: Could not find or load main class fr.inria.sacha.remining.coming.analyzer.Main
Caused by: java.lang.ClassNotFoundException: fr.inria.sacha.remining.coming.analyzer.Main
",1,
/app/data/coming_data/pair_00403,False,"Error: Could not find or load main class fr.inria.sacha.remining.coming.analyzer.Main
Caused by: java.lang.ClassNotFoundException: fr.inria.sacha.remining.coming.analyzer.Main
",1,
/app/data/coming_data/pair_00404,False,"Error: Could not find or load main class fr.inria.sacha.remining.coming.analyzer.Main
Caused by: java.lang.ClassNotFoundException: fr.inria.sacha.remining.coming.analyzer.Main
",1,
/app/data/coming_data/pair_00405,False,"Error: Could not find or load main class fr.inria.sacha.remining.coming.analyzer.Main
Caused by: java.lang.ClassNotFoundException: fr.inria.sacha.remining.coming.analyzer.Main
",1,
/app/data/coming_data/pair_00406,False,"Error: Could not find or load main class fr.inria.sacha.remining.coming.analyzer.Main
Caused by: java.lang.ClassNotFoundException: fr.inria.sacha.remining.coming.analyzer.Main
",1,
/app/data/coming_data/pair_00407,False,"Error: Could not find or load main class fr.inria.sacha.remining.coming.analyzer.Main
Caused by: java.lang.ClassNotFoundException: fr.inria.sacha.remining.coming.analyzer.Main
",1,
/app/data/coming_data/pair_00408,False,"Error: Could not find or load main class fr.inria.sacha.remining.coming.analyzer.Main
Caused by: java.lang.ClassNotFoundException: fr.inria.sacha.remining.coming.analyzer.Main
",1,
/app/data/coming_data/pair_00409,False,"Error: Could not find or load main class fr.inria.sacha.remining.coming.analyzer.Main
Caused by: java.lang.ClassNotFoundException: fr.inria.sacha.remining.coming.analyzer.Main
",1,
/app/data/coming_data/pair_00410,False,"Error: Could not find or load main class fr.inria.sacha.remining.coming.analyzer.Main
Caused by: java.lang.ClassNotFoundException: fr.inria.sacha.remining.coming.analyzer.Main
",1,
/app/data/coming_data/pair_00411,False,"Error: Could not find or load main class fr.inria.sacha.remining.coming.analyzer.Main
Caused by: java.lang.ClassNotFoundException: fr.inria.sacha.remining.coming.analyzer.Main
",1,
/app/data/coming_data/pair_00412,False,"Error: Could not find or load main class fr.inria.sacha.remining.coming.analyzer.Main
Caused by: java.lang.ClassNotFoundException: fr.inria.sacha.remining.coming.analyzer.Main
",1,
/app/data/coming_data/pair_00413,False,"Error: Could not find or load main class fr.inria.sacha.remining.coming.analyzer.Main
Caused by: java.lang.ClassNotFoundException: fr.inria.sacha.remining.coming.analyzer.Main
",1,
/app/data/coming_data/pair_00414,False,"Error: Could not find or load main class fr.inria.sacha.remining.coming.analyzer.Main
Caused by: java.lang.ClassNotFoundException: fr.inria.sacha.remining.coming.analyzer.Main
",1,
/app/data/coming_data/pair_00415,False,"Error: Could not find or load main class fr.inria.sacha.remining.coming.analyzer.Main
Caused by: java.lang.ClassNotFoundException: fr.inria.sacha.remining.coming.analyzer.Main
",1,
/app/data/coming_data/pair_00416,False,"Error: Could not find or load main class fr.inria.sacha.remining.coming.analyzer.Main
Caused by: java.lang.ClassNotFoundException: fr.inria.sacha.remining.coming.analyzer.Main
",1,
/app/data/coming_data/pair_00417,False,"Error: Could not find or load main class fr.inria.sacha.remining.coming.analyzer.Main
Caused by: java.lang.ClassNotFoundException: fr.inria.sacha.remining.coming.analyzer.Main
",1,
/app/data/coming_data/pair_00418,False,"Error: Could not find or load main class fr.inria.sacha.remining.coming.analyzer.Main
Caused by: java.lang.ClassNotFoundException: fr.inria.sacha.remining.coming.analyzer.Main
",1,
/app/data/coming_data/pair_00419,False,"Error: Could not find or load main class fr.inria.sacha.remining.coming.analyzer.Main
Caused by: java.lang.ClassNotFoundException: fr.inria.sacha.remining.coming.analyzer.Main
",1,
/app/data/coming_data/pair_00420,False,"Error: Could not find or load main class fr.inria.sacha.remining.coming.analyzer.Main
Caused by: java.lang.ClassNotFoundException: fr.inria.sacha.remining.coming.analyzer.Main
",1,
/app/data/coming_data/pair_00421,False,"Error: Could not find or load main class fr.inria.sacha.remining.coming.analyzer.Main
Caused by: java.lang.ClassNotFoundException: fr.inria.sacha.remining.coming.analyzer.Main
",1,
/app/data/coming_data/pair_00422,False,"Error: Could not find or load main class fr.inria.sacha.remining.coming.analyzer.Main
Caused by: java.lang.ClassNotFoundException: fr.inria.sacha.remining.coming.analyzer.Main
",1,
/app/data/coming_data/pair_00423,False,"Error: Could not find or load main class fr.inria.sacha.remining.coming.analyzer.Main
Caused by: java.lang.ClassNotFoundException: fr.inria.sacha.remining.coming.analyzer.Main
",1,
/app/data/coming_data/pair_00424,False,"Error: Could not find or load main class fr.inria.sacha.remining.coming.analyzer.Main
Caused by: java.lang.ClassNotFoundException: fr.inria.sacha.remining.coming.analyzer.Main
",1,
/app/data/coming_data/pair_00425,False,"Error: Could not find or load main class fr.inria.sacha.remining.coming.analyzer.Main
Caused by: java.lang.ClassNotFoundException: fr.inria.sacha.remining.coming.analyzer.Main
",1,
/app/data/coming_data/pair_00426,False,"Error: Could not find or load main class fr.inria.sacha.remining.coming.analyzer.Main
Caused by: java.lang.ClassNotFoundException: fr.inria.sacha.remining.coming.analyzer.Main
",1,
/app/data/coming_data/pair_00427,False,"Error: Could not find or load main class fr.inria.sacha.remining.coming.analyzer.Main
Caused by: java.lang.ClassNotFoundException: fr.inria.sacha.remining.coming.analyzer.Main
",1,
/app/data/coming_data/pair_00428,False,"Error: Could not find or load main class fr.inria.sacha.remining.coming.analyzer.Main
Caused by: java.lang.ClassNotFoundException: fr.inria.sacha.remining.coming.analyzer.Main
",1,
/app/data/coming_data/pair_00429,False,"Error: Could not find or load main class fr.inria.sacha.remining.coming.analyzer.Main
Caused by: java.lang.ClassNotFoundException: fr.inria.sacha.remining.coming.analyzer.Main
",1,
/app/data/coming_data/pair_00430,False,"Error: Could not find or load main class fr.inria.sacha.remining.coming.analyzer.Main
Caused by: java.lang.ClassNotFoundException: fr.inria.sacha.remining.coming.analyzer.Main
",1,
/app/data/coming_data/pair_00431,False,"Error: Could not find or load main class fr.inria.sacha.remining.coming.analyzer.Main
Caused by: java.lang.ClassNotFoundException: fr.inria.sacha.remining.coming.analyzer.Main
",1,
/app/data/coming_data/pair_00432,False,"Error: Could not find or load main class fr.inria.sacha.remining.coming.analyzer.Main
Caused by: java.lang.ClassNotFoundException: fr.inria.sacha.remining.coming.analyzer.Main
",1,
/app/data/coming_data/pair_00433,False,"Error: Could not find or load main class fr.inria.sacha.remining.coming.analyzer.Main
Caused by: java.lang.ClassNotFoundException: fr.inria.sacha.remining.coming.analyzer.Main
",1,
/app/data/coming_data/pair_00434,False,"Error: Could not find or load main class fr.inria.sacha.remining.coming.analyzer.Main
Caused by: java.lang.ClassNotFoundException: fr.inria.sacha.remining.coming.analyzer.Main
",1,
/app/data/coming_data/pair_00435,False,"Error: Could not find or load main class fr.inria.sacha.remining.coming.analyzer.Main
Caused by: java.lang.ClassNotFoundException: fr.inria.sacha.remining.coming.analyzer.Main
",1,
/app/data/coming_data/pair_00436,False,"Error: Could not find or load main class fr.inria.sacha.remining.coming.analyzer.Main
Caused by: java.lang.ClassNotFoundException: fr.inria.sacha.remining.coming.analyzer.Main
",1,
/app/data/coming_data/pair_00437,False,"Error: Could not find or load main class fr.inria.sacha.remining.coming.analyzer.Main
Caused by: java.lang.ClassNotFoundException: fr.inria.sacha.remining.coming.analyzer.Main
",1,
/app/data/coming_data/pair_00438,False,"Error: Could not find or load main class fr.inria.sacha.remining.coming.analyzer.Main
Caused by: java.lang.ClassNotFoundException: fr.inria.sacha.remining.coming.analyzer.Main
",1,
/app/data/coming_data/pair_00439,False,"Error: Could not find or load main class fr.inria.sacha.remining.coming.analyzer.Main
Caused by: java.lang.ClassNotFoundException: fr.inria.sacha.remining.coming.analyzer.Main
",1,
/app/data/coming_data/pair_00440,False,"Error: Could not find or load main class fr.inria.sacha.remining.coming.analyzer.Main
Caused by: java.lang.ClassNotFoundException: fr.inria.sacha.remining.coming.analyzer.Main
",1,
/app/data/coming_data/pair_00441,False,"Error: Could not find or load main class fr.inria.sacha.remining.coming.analyzer.Main
Caused by: java.lang.ClassNotFoundException: fr.inria.sacha.remining.coming.analyzer.Main
",1,
/app/data/coming_data/pair_00442,False,"Error: Could not find or load main class fr.inria.sacha.remining.coming.analyzer.Main
Caused by: java.lang.ClassNotFoundException: fr.inria.sacha.remining.coming.analyzer.Main
",1,
/app/data/coming_data/pair_00443,False,"Error: Could not find or load main class fr.inria.sacha.remining.coming.analyzer.Main
Caused by: java.lang.ClassNotFoundException: fr.inria.sacha.remining.coming.analyzer.Main
",1,
/app/data/coming_data/pair_00444,False,"Error: Could not find or load main class fr.inria.sacha.remining.coming.analyzer.Main
Caused by: java.lang.ClassNotFoundException: fr.inria.sacha.remining.coming.analyzer.Main
",1,
/app/data/coming_data/pair_00445,False,"Error: Could not find or load main class fr.inria.sacha.remining.coming.analyzer.Main
Caused by: java.lang.ClassNotFoundException: fr.inria.sacha.remining.coming.analyzer.Main
",1,
/app/data/coming_data/pair_00446,False,"Error: Could not find or load main class fr.inria.sacha.remining.coming.analyzer.Main
Caused by: java.lang.ClassNotFoundException: fr.inria.sacha.remining.coming.analyzer.Main
",1,
/app/data/coming_data/pair_00447,False,"Error: Could not find or load main class fr.inria.sacha.remining.coming.analyzer.Main
Caused by: java.lang.ClassNotFoundException: fr.inria.sacha.remining.coming.analyzer.Main
",1,
/app/data/coming_data/pair_00448,False,"Error: Could not find or load main class fr.inria.sacha.remining.coming.analyzer.Main
Caused by: java.lang.ClassNotFoundException: fr.inria.sacha.remining.coming.analyzer.Main
",1,
/app/data/coming_data/pair_00449,False,"Error: Could not find or load main class fr.inria.sacha.remining.coming.analyzer.Main
Caused by: java.lang.ClassNotFoundException: fr.inria.sacha.remining.coming.analyzer.Main
",1,
/app/data/coming_data/pair_00450,False,"Error: Could not find or load main class fr.inria.sacha.remining.coming.analyzer.Main
Caused by: java.lang.ClassNotFoundException: fr.inria.sacha.remining.coming.analyzer.Main
",1,
/app/data/coming_data/pair_00451,False,"Error: Could not find or load main class fr.inria.sacha.remining.coming.analyzer.Main
Caused by: java.lang.ClassNotFoundException: fr.inria.sacha.remining.coming.analyzer.Main
",1,
/app/data/coming_data/pair_00452,False,"Error: Could not find or load main class fr.inria.sacha.remining.coming.analyzer.Main
Caused by: java.lang.ClassNotFoundException: fr.inria.sacha.remining.coming.analyzer.Main
",1,
/app/data/coming_data/pair_00453,False,"Error: Could not find or load main class fr.inria.sacha.remining.coming.analyzer.Main
Caused by: java.lang.ClassNotFoundException: fr.inria.sacha.remining.coming.analyzer.Main
",1,
/app/data/coming_data/pair_00454,False,"Error: Could not find or load main class fr.inria.sacha.remining.coming.analyzer.Main
Caused by: java.lang.ClassNotFoundException: fr.inria.sacha.remining.coming.analyzer.Main
",1,
/app/data/coming_data/pair_00455,False,"Error: Could not find or load main class fr.inria.sacha.remining.coming.analyzer.Main
Caused by: java.lang.ClassNotFoundException: fr.inria.sacha.remining.coming.analyzer.Main
",1,
/app/data/coming_data/pair_00456,False,"Error: Could not find or load main class fr.inria.sacha.remining.coming.analyzer.Main
Caused by: java.lang.ClassNotFoundException: fr.inria.sacha.remining.coming.analyzer.Main
",1,
/app/data/coming_data/pair_00457,False,"Error: Could not find or load main class fr.inria.sacha.remining.coming.analyzer.Main
Caused by: java.lang.ClassNotFoundException: fr.inria.sacha.remining.coming.analyzer.Main
",1,
/app/data/coming_data/pair_00458,False,"Error: Could not find or load main class fr.inria.sacha.remining.coming.analyzer.Main
Caused by: java.lang.ClassNotFoundException: fr.inria.sacha.remining.coming.analyzer.Main
",1,
/app/data/coming_data/pair_00459,False,"Error: Could not find or load main class fr.inria.sacha.remining.coming.analyzer.Main
Caused by: java.lang.ClassNotFoundException: fr.inria.sacha.remining.coming.analyzer.Main
",1,
/app/data/coming_data/pair_00460,False,"Error: Could not find or load main class fr.inria.sacha.remining.coming.analyzer.Main
Caused by: java.lang.ClassNotFoundException: fr.inria.sacha.remining.coming.analyzer.Main
",1,
/app/data/coming_data/pair_00461,False,"Error: Could not find or load main class fr.inria.sacha.remining.coming.analyzer.Main
Caused by: java.lang.ClassNotFoundException: fr.inria.sacha.remining.coming.analyzer.Main
",1,
/app/data/coming_data/pair_00462,False,"Error: Could not find or load main class fr.inria.sacha.remining.coming.analyzer.Main
Caused by: java.lang.ClassNotFoundException: fr.inria.sacha.remining.coming.analyzer.Main
",1,
/app/data/coming_data/pair_00463,False,"Error: Could not find or load main class fr.inria.sacha.remining.coming.analyzer.Main
Caused by: java.lang.ClassNotFoundException: fr.inria.sacha.remining.coming.analyzer.Main
",1,
/app/data/coming_data/pair_00464,False,"Error: Could not find or load main class fr.inria.sacha.remining.coming.analyzer.Main
Caused by: java.lang.ClassNotFoundException: fr.inria.sacha.remining.coming.analyzer.Main
",1,
/app/data/coming_data/pair_00465,False,"Error: Could not find or load main class fr.inria.sacha.remining.coming.analyzer.Main
Caused by: java.lang.ClassNotFoundException: fr.inria.sacha.remining.coming.analyzer.Main
",1,
/app/data/coming_data/pair_00466,False,"Error: Could not find or load main class fr.inria.sacha.remining.coming.analyzer.Main
Caused by: java.lang.ClassNotFoundException: fr.inria.sacha.remining.coming.analyzer.Main
",1,
/app/data/coming_data/pair_00467,False,"Error: Could not find or load main class fr.inria.sacha.remining.coming.analyzer.Main
Caused by: java.lang.ClassNotFoundException: fr.inria.sacha.remining.coming.analyzer.Main
",1,
/app/data/coming_data/pair_00468,False,"Error: Could not find or load main class fr.inria.sacha.remining.coming.analyzer.Main
Caused by: java.lang.ClassNotFoundException: fr.inria.sacha.remining.coming.analyzer.Main
",1,
/app/data/coming_data/pair_00469,False,"Error: Could not find or load main class fr.inria.sacha.remining.coming.analyzer.Main
Caused by: java.lang.ClassNotFoundException: fr.inria.sacha.remining.coming.analyzer.Main
",1,
/app/data/coming_data/pair_00470,False,"Error: Could not find or load main class fr.inria.sacha.remining.coming.analyzer.Main
Caused by: java.lang.ClassNotFoundException: fr.inria.sacha.remining.coming.analyzer.Main
",1,
/app/data/coming_data/pair_00471,False,"Error: Could not find or load main class fr.inria.sacha.remining.coming.analyzer.Main
Caused by: java.lang.ClassNotFoundException: fr.inria.sacha.remining.coming.analyzer.Main
",1,
/app/data/coming_data/pair_00472,False,"Error: Could not find or load main class fr.inria.sacha.remining.coming.analyzer.Main
Caused by: java.lang.ClassNotFoundException: fr.inria.sacha.remining.coming.analyzer.Main
",1,
/app/data/coming_data/pair_00473,False,"Error: Could not find or load main class fr.inria.sacha.remining.coming.analyzer.Main
Caused by: java.lang.ClassNotFoundException: fr.inria.sacha.remining.coming.analyzer.Main
",1,
/app/data/coming_data/pair_00474,False,"Error: Could not find or load main class fr.inria.sacha.remining.coming.analyzer.Main
Caused by: java.lang.ClassNotFoundException: fr.inria.sacha.remining.coming.analyzer.Main
",1,
/app/data/coming_data/pair_00475,False,"Error: Could not find or load main class fr.inria.sacha.remining.coming.analyzer.Main
Caused by: java.lang.ClassNotFoundException: fr.inria.sacha.remining.coming.analyzer.Main
",1,
/app/data/coming_data/pair_00476,False,"Error: Could not find or load main class fr.inria.sacha.remining.coming.analyzer.Main
Caused by: java.lang.ClassNotFoundException: fr.inria.sacha.remining.coming.analyzer.Main
",1,
/app/data/coming_data/pair_00477,False,"Error: Could not find or load main class fr.inria.sacha.remining.coming.analyzer.Main
Caused by: java.lang.ClassNotFoundException: fr.inria.sacha.remining.coming.analyzer.Main
",1,
/app/data/coming_data/pair_00478,False,"Error: Could not find or load main class fr.inria.sacha.remining.coming.analyzer.Main
Caused by: java.lang.ClassNotFoundException: fr.inria.sacha.remining.coming.analyzer.Main
",1,
/app/data/coming_data/pair_00479,False,"Error: Could not find or load main class fr.inria.sacha.remining.coming.analyzer.Main
Caused by: java.lang.ClassNotFoundException: fr.inria.sacha.remining.coming.analyzer.Main
",1,
/app/data/coming_data/pair_00480,False,"Error: Could not find or load main class fr.inria.sacha.remining.coming.analyzer.Main
Caused by: java.lang.ClassNotFoundException: fr.inria.sacha.remining.coming.analyzer.Main
",1,
/app/data/coming_data/pair_00481,False,"Error: Could not find or load main class fr.inria.sacha.remining.coming.analyzer.Main
Caused by: java.lang.ClassNotFoundException: fr.inria.sacha.remining.coming.analyzer.Main
",1,
/app/data/coming_data/pair_00482,False,"Error: Could not find or load main class fr.inria.sacha.remining.coming.analyzer.Main
Caused by: java.lang.ClassNotFoundException: fr.inria.sacha.remining.coming.analyzer.Main
",1,
/app/data/coming_data/pair_00483,False,"Error: Could not find or load main class fr.inria.sacha.remining.coming.analyzer.Main
Caused by: java.lang.ClassNotFoundException: fr.inria.sacha.remining.coming.analyzer.Main
",1,
/app/data/coming_data/pair_00484,False,"Error: Could not find or load main class fr.inria.sacha.remining.coming.analyzer.Main
Caused by: java.lang.ClassNotFoundException: fr.inria.sacha.remining.coming.analyzer.Main
",1,
/app/data/coming_data/pair_00485,False,"Error: Could not find or load main class fr.inria.sacha.remining.coming.analyzer.Main
Caused by: java.lang.ClassNotFoundException: fr.inria.sacha.remining.coming.analyzer.Main
",1,
/app/data/coming_data/pair_00486,False,"Error: Could not find or load main class fr.inria.sacha.remining.coming.analyzer.Main
Caused by: java.lang.ClassNotFoundException: fr.inria.sacha.remining.coming.analyzer.Main
",1,
/app/data/coming_data/pair_00487,False,"Error: Could not find or load main class fr.inria.sacha.remining.coming.analyzer.Main
Caused by: java.lang.ClassNotFoundException: fr.inria.sacha.remining.coming.analyzer.Main
",1,
/app/data/coming_data/pair_00488,False,"Error: Could not find or load main class fr.inria.sacha.remining.coming.analyzer.Main
Caused by: java.lang.ClassNotFoundException: fr.inria.sacha.remining.coming.analyzer.Main
",1,
/app/data/coming_data/pair_00489,False,"Error: Could not find or load main class fr.inria.sacha.remining.coming.analyzer.Main
Caused by: java.lang.ClassNotFoundException: fr.inria.sacha.remining.coming.analyzer.Main
",1,
/app/data/coming_data/pair_00490,False,"Error: Could not find or load main class fr.inria.sacha.remining.coming.analyzer.Main
Caused by: java.lang.ClassNotFoundException: fr.inria.sacha.remining.coming.analyzer.Main
",1,
/app/data/coming_data/pair_00491,False,"Error: Could not find or load main class fr.inria.sacha.remining.coming.analyzer.Main
Caused by: java.lang.ClassNotFoundException: fr.inria.sacha.remining.coming.analyzer.Main
",1,
/app/data/coming_data/pair_00492,False,"Error: Could not find or load main class fr.inria.sacha.remining.coming.analyzer.Main
Caused by: java.lang.ClassNotFoundException: fr.inria.sacha.remining.coming.analyzer.Main
",1,
/app/data/coming_data/pair_00493,False,"Error: Could not find or load main class fr.inria.sacha.remining.coming.analyzer.Main
Caused by: java.lang.ClassNotFoundException: fr.inria.sacha.remining.coming.analyzer.Main
",1,
/app/data/coming_data/pair_00494,False,"Error: Could not find or load main class fr.inria.sacha.remining.coming.analyzer.Main
Caused by: java.lang.ClassNotFoundException: fr.inria.sacha.remining.coming.analyzer.Main
",1,
/app/data/coming_data/pair_00495,False,"Error: Could not find or load main class fr.inria.sacha.remining.coming.analyzer.Main
Caused by: java.lang.ClassNotFoundException: fr.inria.sacha.remining.coming.analyzer.Main
",1,
/app/data/coming_data/pair_00496,False,"Error: Could not find or load main class fr.inria.sacha.remining.coming.analyzer.Main
Caused by: java.lang.ClassNotFoundException: fr.inria.sacha.remining.coming.analyzer.Main
",1,
/app/data/coming_data/pair_00497,False,"Error: Could not find or load main class fr.inria.sacha.remining.coming.analyzer.Main
Caused by: java.lang.ClassNotFoundException: fr.inria.sacha.remining.coming.analyzer.Main
",1,
/app/data/coming_data/pair_00498,False,"Error: Could not find or load main class fr.inria.sacha.remining.coming.analyzer.Main
Caused by: java.lang.ClassNotFoundException: fr.inria.sacha.remining.coming.analyzer.Main
",1,
/app/data/coming_data/pair_00499,False,"Error: Could not find or load main class fr.inria.sacha.remining.coming.analyzer.Main
Caused by: java.lang.ClassNotFoundException: fr.inria.sacha.remining.coming.analyzer.Main
",1,
/app/data/coming_data/pair_00500,False,"Error: Could not find or load main class fr.inria.sacha.remining.coming.analyzer.Main
Caused by: java.lang.ClassNotFoundException: fr.inria.sacha.remining.coming.analyzer.Main
",1,
/app/data/coming_data/pair_00501,False,"Error: Could not find or load main class fr.inria.sacha.remining.coming.analyzer.Main
Caused by: java.lang.ClassNotFoundException: fr.inria.sacha.remining.coming.analyzer.Main
",1,
/app/data/coming_data/pair_00502,False,"Error: Could not find or load main class fr.inria.sacha.remining.coming.analyzer.Main
Caused by: java.lang.ClassNotFoundException: fr.inria.sacha.remining.coming.analyzer.Main
",1,
/app/data/coming_data/pair_00503,False,"Error: Could not find or load main class fr.inria.sacha.remining.coming.analyzer.Main
Caused by: java.lang.ClassNotFoundException: fr.inria.sacha.remining.coming.analyzer.Main
",1,
/app/data/coming_data/pair_00504,False,"Error: Could not find or load main class fr.inria.sacha.remining.coming.analyzer.Main
Caused by: java.lang.ClassNotFoundException: fr.inria.sacha.remining.coming.analyzer.Main
",1,
/app/data/coming_data/pair_00505,False,"Error: Could not find or load main class fr.inria.sacha.remining.coming.analyzer.Main
Caused by: java.lang.ClassNotFoundException: fr.inria.sacha.remining.coming.analyzer.Main
",1,
/app/data/coming_data/pair_00506,False,"Error: Could not find or load main class fr.inria.sacha.remining.coming.analyzer.Main
Caused by: java.lang.ClassNotFoundException: fr.inria.sacha.remining.coming.analyzer.Main
",1,
/app/data/coming_data/pair_00507,False,"Error: Could not find or load main class fr.inria.sacha.remining.coming.analyzer.Main
Caused by: java.lang.ClassNotFoundException: fr.inria.sacha.remining.coming.analyzer.Main
",1,
/app/data/coming_data/pair_00508,False,"Error: Could not find or load main class fr.inria.sacha.remining.coming.analyzer.Main
Caused by: java.lang.ClassNotFoundException: fr.inria.sacha.remining.coming.analyzer.Main
",1,
/app/data/coming_data/pair_00509,False,"Error: Could not find or load main class fr.inria.sacha.remining.coming.analyzer.Main
Caused by: java.lang.ClassNotFoundException: fr.inria.sacha.remining.coming.analyzer.Main
",1,
/app/data/coming_data/pair_00510,False,"Error: Could not find or load main class fr.inria.sacha.remining.coming.analyzer.Main
Caused by: java.lang.ClassNotFoundException: fr.inria.sacha.remining.coming.analyzer.Main
",1,
/app/data/coming_data/pair_00511,False,"Error: Could not find or load main class fr.inria.sacha.remining.coming.analyzer.Main
Caused by: java.lang.ClassNotFoundException: fr.inria.sacha.remining.coming.analyzer.Main
",1,
/app/data/coming_data/pair_00512,False,"Error: Could not find or load main class fr.inria.sacha.remining.coming.analyzer.Main
Caused by: java.lang.ClassNotFoundException: fr.inria.sacha.remining.coming.analyzer.Main
",1,
/app/data/coming_data/pair_00513,False,"Error: Could not find or load main class fr.inria.sacha.remining.coming.analyzer.Main
Caused by: java.lang.ClassNotFoundException: fr.inria.sacha.remining.coming.analyzer.Main
",1,
/app/data/coming_data/pair_00514,False,"Error: Could not find or load main class fr.inria.sacha.remining.coming.analyzer.Main
Caused by: java.lang.ClassNotFoundException: fr.inria.sacha.remining.coming.analyzer.Main
",1,
/app/data/coming_data/pair_00515,False,"Error: Could not find or load main class fr.inria.sacha.remining.coming.analyzer.Main
Caused by: java.lang.ClassNotFoundException: fr.inria.sacha.remining.coming.analyzer.Main
",1,
/app/data/coming_data/pair_00516,False,"Error: Could not find or load main class fr.inria.sacha.remining.coming.analyzer.Main
Caused by: java.lang.ClassNotFoundException: fr.inria.sacha.remining.coming.analyzer.Main
",1,
/app/data/coming_data/pair_00517,False,"Error: Could not find or load main class fr.inria.sacha.remining.coming.analyzer.Main
Caused by: java.lang.ClassNotFoundException: fr.inria.sacha.remining.coming.analyzer.Main
",1,
/app/data/coming_data/pair_00518,False,"Error: Could not find or load main class fr.inria.sacha.remining.coming.analyzer.Main
Caused by: java.lang.ClassNotFoundException: fr.inria.sacha.remining.coming.analyzer.Main
",1,
/app/data/coming_data/pair_00519,False,"Error: Could not find or load main class fr.inria.sacha.remining.coming.analyzer.Main
Caused by: java.lang.ClassNotFoundException: fr.inria.sacha.remining.coming.analyzer.Main
",1,
/app/data/coming_data/pair_00520,False,"Error: Could not find or load main class fr.inria.sacha.remining.coming.analyzer.Main
Caused by: java.lang.ClassNotFoundException: fr.inria.sacha.remining.coming.analyzer.Main
",1,
/app/data/coming_data/pair_00521,False,"Error: Could not find or load main class fr.inria.sacha.remining.coming.analyzer.Main
Caused by: java.lang.ClassNotFoundException: fr.inria.sacha.remining.coming.analyzer.Main
",1,
/app/data/coming_data/pair_00522,False,"Error: Could not find or load main class fr.inria.sacha.remining.coming.analyzer.Main
Caused by: java.lang.ClassNotFoundException: fr.inria.sacha.remining.coming.analyzer.Main
",1,
/app/data/coming_data/pair_00523,False,"Error: Could not find or load main class fr.inria.sacha.remining.coming.analyzer.Main
Caused by: java.lang.ClassNotFoundException: fr.inria.sacha.remining.coming.analyzer.Main
",1,
/app/data/coming_data/pair_00524,False,"Error: Could not find or load main class fr.inria.sacha.remining.coming.analyzer.Main
Caused by: java.lang.ClassNotFoundException: fr.inria.sacha.remining.coming.analyzer.Main
",1,
/app/data/coming_data/pair_00525,False,"Error: Could not find or load main class fr.inria.sacha.remining.coming.analyzer.Main
Caused by: java.lang.ClassNotFoundException: fr.inria.sacha.remining.coming.analyzer.Main
",1,
/app/data/coming_data/pair_00526,False,"Error: Could not find or load main class fr.inria.sacha.remining.coming.analyzer.Main
Caused by: java.lang.ClassNotFoundException: fr.inria.sacha.remining.coming.analyzer.Main
",1,
/app/data/coming_data/pair_00527,False,"Error: Could not find or load main class fr.inria.sacha.remining.coming.analyzer.Main
Caused by: java.lang.ClassNotFoundException: fr.inria.sacha.remining.coming.analyzer.Main
",1,
/app/data/coming_data/pair_00528,False,"Error: Could not find or load main class fr.inria.sacha.remining.coming.analyzer.Main
Caused by: java.lang.ClassNotFoundException: fr.inria.sacha.remining.coming.analyzer.Main
",1,
/app/data/coming_data/pair_00529,False,"Error: Could not find or load main class fr.inria.sacha.remining.coming.analyzer.Main
Caused by: java.lang.ClassNotFoundException: fr.inria.sacha.remining.coming.analyzer.Main
",1,
/app/data/coming_data/pair_00530,False,"Error: Could not find or load main class fr.inria.sacha.remining.coming.analyzer.Main
Caused by: java.lang.ClassNotFoundException: fr.inria.sacha.remining.coming.analyzer.Main
",1,
/app/data/coming_data/pair_00531,False,"Error: Could not find or load main class fr.inria.sacha.remining.coming.analyzer.Main
Caused by: java.lang.ClassNotFoundException: fr.inria.sacha.remining.coming.analyzer.Main
",1,
/app/data/coming_data/pair_00532,False,"Error: Could not find or load main class fr.inria.sacha.remining.coming.analyzer.Main
Caused by: java.lang.ClassNotFoundException: fr.inria.sacha.remining.coming.analyzer.Main
",1,
/app/data/coming_data/pair_00533,False,"Error: Could not find or load main class fr.inria.sacha.remining.coming.analyzer.Main
Caused by: java.lang.ClassNotFoundException: fr.inria.sacha.remining.coming.analyzer.Main
",1,
/app/data/coming_data/pair_00534,False,"Error: Could not find or load main class fr.inria.sacha.remining.coming.analyzer.Main
Caused by: java.lang.ClassNotFoundException: fr.inria.sacha.remining.coming.analyzer.Main
",1,
/app/data/coming_data/pair_00535,False,"Error: Could not find or load main class fr.inria.sacha.remining.coming.analyzer.Main
Caused by: java.lang.ClassNotFoundException: fr.inria.sacha.remining.coming.analyzer.Main
",1,
/app/data/coming_data/pair_00536,False,"Error: Could not find or load main class fr.inria.sacha.remining.coming.analyzer.Main
Caused by: java.lang.ClassNotFoundException: fr.inria.sacha.remining.coming.analyzer.Main
",1,
/app/data/coming_data/pair_00537,False,"Error: Could not find or load main class fr.inria.sacha.remining.coming.analyzer.Main
Caused by: java.lang.ClassNotFoundException: fr.inria.sacha.remining.coming.analyzer.Main
",1,
/app/data/coming_data/pair_00538,False,"Error: Could not find or load main class fr.inria.sacha.remining.coming.analyzer.Main
Caused by: java.lang.ClassNotFoundException: fr.inria.sacha.remining.coming.analyzer.Main
",1,
/app/data/coming_data/pair_00539,False,"Error: Could not find or load main class fr.inria.sacha.remining.coming.analyzer.Main
Caused by: java.lang.ClassNotFoundException: fr.inria.sacha.remining.coming.analyzer.Main
",1,
/app/data/coming_data/pair_00540,False,"Error: Could not find or load main class fr.inria.sacha.remining.coming.analyzer.Main
Caused by: java.lang.ClassNotFoundException: fr.inria.sacha.remining.coming.analyzer.Main
",1,
/app/data/coming_data/pair_00541,False,"Error: Could not find or load main class fr.inria.sacha.remining.coming.analyzer.Main
Caused by: java.lang.ClassNotFoundException: fr.inria.sacha.remining.coming.analyzer.Main
",1,
/app/data/coming_data/pair_00542,False,"Error: Could not find or load main class fr.inria.sacha.remining.coming.analyzer.Main
Caused by: java.lang.ClassNotFoundException: fr.inria.sacha.remining.coming.analyzer.Main
",1,
/app/data/coming_data/pair_00543,False,"Error: Could not find or load main class fr.inria.sacha.remining.coming.analyzer.Main
Caused by: java.lang.ClassNotFoundException: fr.inria.sacha.remining.coming.analyzer.Main
",1,
/app/data/coming_data/pair_00544,False,"Error: Could not find or load main class fr.inria.sacha.remining.coming.analyzer.Main
Caused by: java.lang.ClassNotFoundException: fr.inria.sacha.remining.coming.analyzer.Main
",1,
/app/data/coming_data/pair_00545,False,"Error: Could not find or load main class fr.inria.sacha.remining.coming.analyzer.Main
Caused by: java.lang.ClassNotFoundException: fr.inria.sacha.remining.coming.analyzer.Main
",1,
/app/data/coming_data/pair_00546,False,"Error: Could not find or load main class fr.inria.sacha.remining.coming.analyzer.Main
Caused by: java.lang.ClassNotFoundException: fr.inria.sacha.remining.coming.analyzer.Main
",1,
/app/data/coming_data/pair_00547,False,"Error: Could not find or load main class fr.inria.sacha.remining.coming.analyzer.Main
Caused by: java.lang.ClassNotFoundException: fr.inria.sacha.remining.coming.analyzer.Main
",1,
/app/data/coming_data/pair_00548,False,"Error: Could not find or load main class fr.inria.sacha.remining.coming.analyzer.Main
Caused by: java.lang.ClassNotFoundException: fr.inria.sacha.remining.coming.analyzer.Main
",1,
/app/data/coming_data/pair_00549,False,"Error: Could not find or load main class fr.inria.sacha.remining.coming.analyzer.Main
Caused by: java.lang.ClassNotFoundException: fr.inria.sacha.remining.coming.analyzer.Main
",1,
/app/data/coming_data/pair_00550,False,"Error: Could not find or load main class fr.inria.sacha.remining.coming.analyzer.Main
Caused by: java.lang.ClassNotFoundException: fr.inria.sacha.remining.coming.analyzer.Main
",1,
/app/data/coming_data/pair_00551,False,"Error: Could not find or load main class fr.inria.sacha.remining.coming.analyzer.Main
Caused by: java.lang.ClassNotFoundException: fr.inria.sacha.remining.coming.analyzer.Main
",1,
/app/data/coming_data/pair_00552,False,"Error: Could not find or load main class fr.inria.sacha.remining.coming.analyzer.Main
Caused by: java.lang.ClassNotFoundException: fr.inria.sacha.remining.coming.analyzer.Main
",1,
/app/data/coming_data/pair_00553,False,"Error: Could not find or load main class fr.inria.sacha.remining.coming.analyzer.Main
Caused by: java.lang.ClassNotFoundException: fr.inria.sacha.remining.coming.analyzer.Main
",1,
/app/data/coming_data/pair_00554,False,"Error: Could not find or load main class fr.inria.sacha.remining.coming.analyzer.Main
Caused by: java.lang.ClassNotFoundException: fr.inria.sacha.remining.coming.analyzer.Main
",1,
/app/data/coming_data/pair_00555,False,"Error: Could not find or load main class fr.inria.sacha.remining.coming.analyzer.Main
Caused by: java.lang.ClassNotFoundException: fr.inria.sacha.remining.coming.analyzer.Main
",1,
/app/data/coming_data/pair_00556,False,"Error: Could not find or load main class fr.inria.sacha.remining.coming.analyzer.Main
Caused by: java.lang.ClassNotFoundException: fr.inria.sacha.remining.coming.analyzer.Main
",1,
/app/data/coming_data/pair_00557,False,"Error: Could not find or load main class fr.inria.sacha.remining.coming.analyzer.Main
Caused by: java.lang.ClassNotFoundException: fr.inria.sacha.remining.coming.analyzer.Main
",1,
/app/data/coming_data/pair_00558,False,"Error: Could not find or load main class fr.inria.sacha.remining.coming.analyzer.Main
Caused by: java.lang.ClassNotFoundException: fr.inria.sacha.remining.coming.analyzer.Main
",1,
/app/data/coming_data/pair_00559,False,"Error: Could not find or load main class fr.inria.sacha.remining.coming.analyzer.Main
Caused by: java.lang.ClassNotFoundException: fr.inria.sacha.remining.coming.analyzer.Main
",1,
/app/data/coming_data/pair_00560,False,"Error: Could not find or load main class fr.inria.sacha.remining.coming.analyzer.Main
Caused by: java.lang.ClassNotFoundException: fr.inria.sacha.remining.coming.analyzer.Main
",1,
/app/data/coming_data/pair_00561,False,"Error: Could not find or load main class fr.inria.sacha.remining.coming.analyzer.Main
Caused by: java.lang.ClassNotFoundException: fr.inria.sacha.remining.coming.analyzer.Main
",1,
/app/data/coming_data/pair_00562,False,"Error: Could not find or load main class fr.inria.sacha.remining.coming.analyzer.Main
Caused by: java.lang.ClassNotFoundException: fr.inria.sacha.remining.coming.analyzer.Main
",1,
/app/data/coming_data/pair_00563,False,"Error: Could not find or load main class fr.inria.sacha.remining.coming.analyzer.Main
Caused by: java.lang.ClassNotFoundException: fr.inria.sacha.remining.coming.analyzer.Main
",1,
/app/data/coming_data/pair_00564,False,"Error: Could not find or load main class fr.inria.sacha.remining.coming.analyzer.Main
Caused by: java.lang.ClassNotFoundException: fr.inria.sacha.remining.coming.analyzer.Main
",1,
/app/data/coming_data/pair_00565,False,"Error: Could not find or load main class fr.inria.sacha.remining.coming.analyzer.Main
Caused by: java.lang.ClassNotFoundException: fr.inria.sacha.remining.coming.analyzer.Main
",1,
/app/data/coming_data/pair_00566,False,"Error: Could not find or load main class fr.inria.sacha.remining.coming.analyzer.Main
Caused by: java.lang.ClassNotFoundException: fr.inria.sacha.remining.coming.analyzer.Main
",1,
/app/data/coming_data/pair_00567,False,"Error: Could not find or load main class fr.inria.sacha.remining.coming.analyzer.Main
Caused by: java.lang.ClassNotFoundException: fr.inria.sacha.remining.coming.analyzer.Main
",1,
/app/data/coming_data/pair_00568,False,"Error: Could not find or load main class fr.inria.sacha.remining.coming.analyzer.Main
Caused by: java.lang.ClassNotFoundException: fr.inria.sacha.remining.coming.analyzer.Main
",1,
/app/data/coming_data/pair_00569,False,"Error: Could not find or load main class fr.inria.sacha.remining.coming.analyzer.Main
Caused by: java.lang.ClassNotFoundException: fr.inria.sacha.remining.coming.analyzer.Main
",1,
/app/data/coming_data/pair_00570,False,"Error: Could not find or load main class fr.inria.sacha.remining.coming.analyzer.Main
Caused by: java.lang.ClassNotFoundException: fr.inria.sacha.remining.coming.analyzer.Main
",1,
/app/data/coming_data/pair_00571,False,"Error: Could not find or load main class fr.inria.sacha.remining.coming.analyzer.Main
Caused by: java.lang.ClassNotFoundException: fr.inria.sacha.remining.coming.analyzer.Main
",1,
/app/data/coming_data/pair_00572,False,"Error: Could not find or load main class fr.inria.sacha.remining.coming.analyzer.Main
Caused by: java.lang.ClassNotFoundException: fr.inria.sacha.remining.coming.analyzer.Main
",1,
/app/data/coming_data/pair_00573,False,"Error: Could not find or load main class fr.inria.sacha.remining.coming.analyzer.Main
Caused by: java.lang.ClassNotFoundException: fr.inria.sacha.remining.coming.analyzer.Main
",1,
/app/data/coming_data/pair_00574,False,"Error: Could not find or load main class fr.inria.sacha.remining.coming.analyzer.Main
Caused by: java.lang.ClassNotFoundException: fr.inria.sacha.remining.coming.analyzer.Main
",1,
/app/data/coming_data/pair_00575,False,"Error: Could not find or load main class fr.inria.sacha.remining.coming.analyzer.Main
Caused by: java.lang.ClassNotFoundException: fr.inria.sacha.remining.coming.analyzer.Main
",1,
/app/data/coming_data/pair_00576,False,"Error: Could not find or load main class fr.inria.sacha.remining.coming.analyzer.Main
Caused by: java.lang.ClassNotFoundException: fr.inria.sacha.remining.coming.analyzer.Main
",1,
/app/data/coming_data/pair_00577,False,"Error: Could not find or load main class fr.inria.sacha.remining.coming.analyzer.Main
Caused by: java.lang.ClassNotFoundException: fr.inria.sacha.remining.coming.analyzer.Main
",1,
/app/data/coming_data/pair_00578,False,"Error: Could not find or load main class fr.inria.sacha.remining.coming.analyzer.Main
Caused by: java.lang.ClassNotFoundException: fr.inria.sacha.remining.coming.analyzer.Main
",1,
/app/data/coming_data/pair_00579,False,"Error: Could not find or load main class fr.inria.sacha.remining.coming.analyzer.Main
Caused by: java.lang.ClassNotFoundException: fr.inria.sacha.remining.coming.analyzer.Main
",1,
/app/data/coming_data/pair_00580,False,"Error: Could not find or load main class fr.inria.sacha.remining.coming.analyzer.Main
Caused by: java.lang.ClassNotFoundException: fr.inria.sacha.remining.coming.analyzer.Main
",1,
/app/data/coming_data/pair_00581,False,"Error: Could not find or load main class fr.inria.sacha.remining.coming.analyzer.Main
Caused by: java.lang.ClassNotFoundException: fr.inria.sacha.remining.coming.analyzer.Main
",1,
/app/data/coming_data/pair_00582,False,"Error: Could not find or load main class fr.inria.sacha.remining.coming.analyzer.Main
Caused by: java.lang.ClassNotFoundException: fr.inria.sacha.remining.coming.analyzer.Main
",1,
/app/data/coming_data/pair_00583,False,"Error: Could not find or load main class fr.inria.sacha.remining.coming.analyzer.Main
Caused by: java.lang.ClassNotFoundException: fr.inria.sacha.remining.coming.analyzer.Main
",1,
/app/data/coming_data/pair_00584,False,"Error: Could not find or load main class fr.inria.sacha.remining.coming.analyzer.Main
Caused by: java.lang.ClassNotFoundException: fr.inria.sacha.remining.coming.analyzer.Main
",1,
/app/data/coming_data/pair_00585,False,"Error: Could not find or load main class fr.inria.sacha.remining.coming.analyzer.Main
Caused by: java.lang.ClassNotFoundException: fr.inria.sacha.remining.coming.analyzer.Main
",1,
/app/data/coming_data/pair_00586,False,"Error: Could not find or load main class fr.inria.sacha.remining.coming.analyzer.Main
Caused by: java.lang.ClassNotFoundException: fr.inria.sacha.remining.coming.analyzer.Main
",1,
/app/data/coming_data/pair_00587,False,"Error: Could not find or load main class fr.inria.sacha.remining.coming.analyzer.Main
Caused by: java.lang.ClassNotFoundException: fr.inria.sacha.remining.coming.analyzer.Main
",1,
/app/data/coming_data/pair_00588,False,"Error: Could not find or load main class fr.inria.sacha.remining.coming.analyzer.Main
Caused by: java.lang.ClassNotFoundException: fr.inria.sacha.remining.coming.analyzer.Main
",1,
/app/data/coming_data/pair_00589,False,"Error: Could not find or load main class fr.inria.sacha.remining.coming.analyzer.Main
Caused by: java.lang.ClassNotFoundException: fr.inria.sacha.remining.coming.analyzer.Main
",1,
/app/data/coming_data/pair_00590,False,"Error: Could not find or load main class fr.inria.sacha.remining.coming.analyzer.Main
Caused by: java.lang.ClassNotFoundException: fr.inria.sacha.remining.coming.analyzer.Main
",1,
/app/data/coming_data/pair_00591,False,"Error: Could not find or load main class fr.inria.sacha.remining.coming.analyzer.Main
Caused by: java.lang.ClassNotFoundException: fr.inria.sacha.remining.coming.analyzer.Main
",1,
/app/data/coming_data/pair_00592,False,"Error: Could not find or load main class fr.inria.sacha.remining.coming.analyzer.Main
Caused by: java.lang.ClassNotFoundException: fr.inria.sacha.remining.coming.analyzer.Main
",1,
/app/data/coming_data/pair_00593,False,"Error: Could not find or load main class fr.inria.sacha.remining.coming.analyzer.Main
Caused by: java.lang.ClassNotFoundException: fr.inria.sacha.remining.coming.analyzer.Main
",1,
/app/data/coming_data/pair_00594,False,"Error: Could not find or load main class fr.inria.sacha.remining.coming.analyzer.Main
Caused by: java.lang.ClassNotFoundException: fr.inria.sacha.remining.coming.analyzer.Main
",1,
/app/data/coming_data/pair_00595,False,"Error: Could not find or load main class fr.inria.sacha.remining.coming.analyzer.Main
Caused by: java.lang.ClassNotFoundException: fr.inria.sacha.remining.coming.analyzer.Main
",1,
/app/data/coming_data/pair_00596,False,"Error: Could not find or load main class fr.inria.sacha.remining.coming.analyzer.Main
Caused by: java.lang.ClassNotFoundException: fr.inria.sacha.remining.coming.analyzer.Main
",1,
/app/data/coming_data/pair_00597,False,"Error: Could not find or load main class fr.inria.sacha.remining.coming.analyzer.Main
Caused by: java.lang.ClassNotFoundException: fr.inria.sacha.remining.coming.analyzer.Main
",1,
/app/data/coming_data/pair_00598,False,"Error: Could not find or load main class fr.inria.sacha.remining.coming.analyzer.Main
Caused by: java.lang.ClassNotFoundException: fr.inria.sacha.remining.coming.analyzer.Main
",1,
/app/data/coming_data/pair_00599,False,"Error: Could not find or load main class fr.inria.sacha.remining.coming.analyzer.Main
Caused by: java.lang.ClassNotFoundException: fr.inria.sacha.remining.coming.analyzer.Main
",1,
/app/data/coming_data/pair_00600,False,"Error: Could not find or load main class fr.inria.sacha.remining.coming.analyzer.Main
Caused by: java.lang.ClassNotFoundException: fr.inria.sacha.remining.coming.analyzer.Main
",1,
/app/data/coming_data/pair_00601,False,"Error: Could not find or load main class fr.inria.sacha.remining.coming.analyzer.Main
Caused by: java.lang.ClassNotFoundException: fr.inria.sacha.remining.coming.analyzer.Main
",1,
/app/data/coming_data/pair_00602,False,"Error: Could not find or load main class fr.inria.sacha.remining.coming.analyzer.Main
Caused by: java.lang.ClassNotFoundException: fr.inria.sacha.remining.coming.analyzer.Main
",1,
/app/data/coming_data/pair_00603,False,"Error: Could not find or load main class fr.inria.sacha.remining.coming.analyzer.Main
Caused by: java.lang.ClassNotFoundException: fr.inria.sacha.remining.coming.analyzer.Main
",1,
/app/data/coming_data/pair_00604,False,"Error: Could not find or load main class fr.inria.sacha.remining.coming.analyzer.Main
Caused by: java.lang.ClassNotFoundException: fr.inria.sacha.remining.coming.analyzer.Main
",1,
/app/data/coming_data/pair_00605,False,"Error: Could not find or load main class fr.inria.sacha.remining.coming.analyzer.Main
Caused by: java.lang.ClassNotFoundException: fr.inria.sacha.remining.coming.analyzer.Main
",1,
/app/data/coming_data/pair_00606,False,"Error: Could not find or load main class fr.inria.sacha.remining.coming.analyzer.Main
Caused by: java.lang.ClassNotFoundException: fr.inria.sacha.remining.coming.analyzer.Main
",1,
/app/data/coming_data/pair_00607,False,"Error: Could not find or load main class fr.inria.sacha.remining.coming.analyzer.Main
Caused by: java.lang.ClassNotFoundException: fr.inria.sacha.remining.coming.analyzer.Main
",1,
/app/data/coming_data/pair_00608,False,"Error: Could not find or load main class fr.inria.sacha.remining.coming.analyzer.Main
Caused by: java.lang.ClassNotFoundException: fr.inria.sacha.remining.coming.analyzer.Main
",1,
/app/data/coming_data/pair_00609,False,"Error: Could not find or load main class fr.inria.sacha.remining.coming.analyzer.Main
Caused by: java.lang.ClassNotFoundException: fr.inria.sacha.remining.coming.analyzer.Main
",1,
/app/data/coming_data/pair_00610,False,"Error: Could not find or load main class fr.inria.sacha.remining.coming.analyzer.Main
Caused by: java.lang.ClassNotFoundException: fr.inria.sacha.remining.coming.analyzer.Main
",1,
/app/data/coming_data/pair_00611,False,"Error: Could not find or load main class fr.inria.sacha.remining.coming.analyzer.Main
Caused by: java.lang.ClassNotFoundException: fr.inria.sacha.remining.coming.analyzer.Main
",1,
/app/data/coming_data/pair_00612,False,"Error: Could not find or load main class fr.inria.sacha.remining.coming.analyzer.Main
Caused by: java.lang.ClassNotFoundException: fr.inria.sacha.remining.coming.analyzer.Main
",1,
/app/data/coming_data/pair_00613,False,"Error: Could not find or load main class fr.inria.sacha.remining.coming.analyzer.Main
Caused by: java.lang.ClassNotFoundException: fr.inria.sacha.remining.coming.analyzer.Main
",1,
/app/data/coming_data/pair_00614,False,"Error: Could not find or load main class fr.inria.sacha.remining.coming.analyzer.Main
Caused by: java.lang.ClassNotFoundException: fr.inria.sacha.remining.coming.analyzer.Main
",1,
/app/data/coming_data/pair_00615,False,"Error: Could not find or load main class fr.inria.sacha.remining.coming.analyzer.Main
Caused by: java.lang.ClassNotFoundException: fr.inria.sacha.remining.coming.analyzer.Main
",1,
/app/data/coming_data/pair_00616,False,"Error: Could not find or load main class fr.inria.sacha.remining.coming.analyzer.Main
Caused by: java.lang.ClassNotFoundException: fr.inria.sacha.remining.coming.analyzer.Main
",1,
/app/data/coming_data/pair_00617,False,"Error: Could not find or load main class fr.inria.sacha.remining.coming.analyzer.Main
Caused by: java.lang.ClassNotFoundException: fr.inria.sacha.remining.coming.analyzer.Main
",1,
/app/data/coming_data/pair_00618,False,"Error: Could not find or load main class fr.inria.sacha.remining.coming.analyzer.Main
Caused by: java.lang.ClassNotFoundException: fr.inria.sacha.remining.coming.analyzer.Main
",1,
/app/data/coming_data/pair_00619,False,"Error: Could not find or load main class fr.inria.sacha.remining.coming.analyzer.Main
Caused by: java.lang.ClassNotFoundException: fr.inria.sacha.remining.coming.analyzer.Main
",1,
/app/data/coming_data/pair_00620,False,"Error: Could not find or load main class fr.inria.sacha.remining.coming.analyzer.Main
Caused by: java.lang.ClassNotFoundException: fr.inria.sacha.remining.coming.analyzer.Main
",1,
/app/data/coming_data/pair_00621,False,"Error: Could not find or load main class fr.inria.sacha.remining.coming.analyzer.Main
Caused by: java.lang.ClassNotFoundException: fr.inria.sacha.remining.coming.analyzer.Main
",1,
/app/data/coming_data/pair_00622,False,"Error: Could not find or load main class fr.inria.sacha.remining.coming.analyzer.Main
Caused by: java.lang.ClassNotFoundException: fr.inria.sacha.remining.coming.analyzer.Main
",1,
/app/data/coming_data/pair_00623,False,"Error: Could not find or load main class fr.inria.sacha.remining.coming.analyzer.Main
Caused by: java.lang.ClassNotFoundException: fr.inria.sacha.remining.coming.analyzer.Main
",1,
/app/data/coming_data/pair_00624,False,"Error: Could not find or load main class fr.inria.sacha.remining.coming.analyzer.Main
Caused by: java.lang.ClassNotFoundException: fr.inria.sacha.remining.coming.analyzer.Main
",1,
/app/data/coming_data/pair_00625,False,"Error: Could not find or load main class fr.inria.sacha.remining.coming.analyzer.Main
Caused by: java.lang.ClassNotFoundException: fr.inria.sacha.remining.coming.analyzer.Main
",1,
/app/data/coming_data/pair_00626,False,"Error: Could not find or load main class fr.inria.sacha.remining.coming.analyzer.Main
Caused by: java.lang.ClassNotFoundException: fr.inria.sacha.remining.coming.analyzer.Main
",1,
/app/data/coming_data/pair_00627,False,"Error: Could not find or load main class fr.inria.sacha.remining.coming.analyzer.Main
Caused by: java.lang.ClassNotFoundException: fr.inria.sacha.remining.coming.analyzer.Main
",1,
/app/data/coming_data/pair_00628,False,"Error: Could not find or load main class fr.inria.sacha.remining.coming.analyzer.Main
Caused by: java.lang.ClassNotFoundException: fr.inria.sacha.remining.coming.analyzer.Main
",1,
/app/data/coming_data/pair_00629,False,"Error: Could not find or load main class fr.inria.sacha.remining.coming.analyzer.Main
Caused by: java.lang.ClassNotFoundException: fr.inria.sacha.remining.coming.analyzer.Main
",1,
/app/data/coming_data/pair_00630,False,"Error: Could not find or load main class fr.inria.sacha.remining.coming.analyzer.Main
Caused by: java.lang.ClassNotFoundException: fr.inria.sacha.remining.coming.analyzer.Main
",1,
/app/data/coming_data/pair_00631,False,"Error: Could not find or load main class fr.inria.sacha.remining.coming.analyzer.Main
Caused by: java.lang.ClassNotFoundException: fr.inria.sacha.remining.coming.analyzer.Main
",1,
/app/data/coming_data/pair_00632,False,"Error: Could not find or load main class fr.inria.sacha.remining.coming.analyzer.Main
Caused by: java.lang.ClassNotFoundException: fr.inria.sacha.remining.coming.analyzer.Main
",1,
/app/data/coming_data/pair_00633,False,"Error: Could not find or load main class fr.inria.sacha.remining.coming.analyzer.Main
Caused by: java.lang.ClassNotFoundException: fr.inria.sacha.remining.coming.analyzer.Main
",1,
/app/data/coming_data/pair_00634,False,"Error: Could not find or load main class fr.inria.sacha.remining.coming.analyzer.Main
Caused by: java.lang.ClassNotFoundException: fr.inria.sacha.remining.coming.analyzer.Main
",1,
/app/data/coming_data/pair_00635,False,"Error: Could not find or load main class fr.inria.sacha.remining.coming.analyzer.Main
Caused by: java.lang.ClassNotFoundException: fr.inria.sacha.remining.coming.analyzer.Main
",1,
/app/data/coming_data/pair_00636,False,"Error: Could not find or load main class fr.inria.sacha.remining.coming.analyzer.Main
Caused by: java.lang.ClassNotFoundException: fr.inria.sacha.remining.coming.analyzer.Main
",1,
/app/data/coming_data/pair_00637,False,"Error: Could not find or load main class fr.inria.sacha.remining.coming.analyzer.Main
Caused by: java.lang.ClassNotFoundException: fr.inria.sacha.remining.coming.analyzer.Main
",1,
/app/data/coming_data/pair_00638,False,"Error: Could not find or load main class fr.inria.sacha.remining.coming.analyzer.Main
Caused by: java.lang.ClassNotFoundException: fr.inria.sacha.remining.coming.analyzer.Main
",1,
/app/data/coming_data/pair_00639,False,"Error: Could not find or load main class fr.inria.sacha.remining.coming.analyzer.Main
Caused by: java.lang.ClassNotFoundException: fr.inria.sacha.remining.coming.analyzer.Main
",1,
/app/data/coming_data/pair_00640,False,"Error: Could not find or load main class fr.inria.sacha.remining.coming.analyzer.Main
Caused by: java.lang.ClassNotFoundException: fr.inria.sacha.remining.coming.analyzer.Main
",1,
/app/data/coming_data/pair_00641,False,"Error: Could not find or load main class fr.inria.sacha.remining.coming.analyzer.Main
Caused by: java.lang.ClassNotFoundException: fr.inria.sacha.remining.coming.analyzer.Main
",1,
/app/data/coming_data/pair_00642,False,"Error: Could not find or load main class fr.inria.sacha.remining.coming.analyzer.Main
Caused by: java.lang.ClassNotFoundException: fr.inria.sacha.remining.coming.analyzer.Main
",1,
/app/data/coming_data/pair_00643,False,"Error: Could not find or load main class fr.inria.sacha.remining.coming.analyzer.Main
Caused by: java.lang.ClassNotFoundException: fr.inria.sacha.remining.coming.analyzer.Main
",1,
/app/data/coming_data/pair_00644,False,"Error: Could not find or load main class fr.inria.sacha.remining.coming.analyzer.Main
Caused by: java.lang.ClassNotFoundException: fr.inria.sacha.remining.coming.analyzer.Main
",1,
/app/data/coming_data/pair_00645,False,"Error: Could not find or load main class fr.inria.sacha.remining.coming.analyzer.Main
Caused by: java.lang.ClassNotFoundException: fr.inria.sacha.remining.coming.analyzer.Main
",1,
/app/data/coming_data/pair_00646,False,"Error: Could not find or load main class fr.inria.sacha.remining.coming.analyzer.Main
Caused by: java.lang.ClassNotFoundException: fr.inria.sacha.remining.coming.analyzer.Main
",1,
/app/data/coming_data/pair_00647,False,"Error: Could not find or load main class fr.inria.sacha.remining.coming.analyzer.Main
Caused by: java.lang.ClassNotFoundException: fr.inria.sacha.remining.coming.analyzer.Main
",1,
/app/data/coming_data/pair_00648,False,"Error: Could not find or load main class fr.inria.sacha.remining.coming.analyzer.Main
Caused by: java.lang.ClassNotFoundException: fr.inria.sacha.remining.coming.analyzer.Main
",1,
/app/data/coming_data/pair_00649,False,"Error: Could not find or load main class fr.inria.sacha.remining.coming.analyzer.Main
Caused by: java.lang.ClassNotFoundException: fr.inria.sacha.remining.coming.analyzer.Main
",1,
/app/data/coming_data/pair_00650,False,"Error: Could not find or load main class fr.inria.sacha.remining.coming.analyzer.Main
Caused by: java.lang.ClassNotFoundException: fr.inria.sacha.remining.coming.analyzer.Main
",1,
/app/data/coming_data/pair_00651,False,"Error: Could not find or load main class fr.inria.sacha.remining.coming.analyzer.Main
Caused by: java.lang.ClassNotFoundException: fr.inria.sacha.remining.coming.analyzer.Main
",1,
/app/data/coming_data/pair_00652,False,"Error: Could not find or load main class fr.inria.sacha.remining.coming.analyzer.Main
Caused by: java.lang.ClassNotFoundException: fr.inria.sacha.remining.coming.analyzer.Main
",1,
/app/data/coming_data/pair_00653,False,"Error: Could not find or load main class fr.inria.sacha.remining.coming.analyzer.Main
Caused by: java.lang.ClassNotFoundException: fr.inria.sacha.remining.coming.analyzer.Main
",1,
/app/data/coming_data/pair_00654,False,"Error: Could not find or load main class fr.inria.sacha.remining.coming.analyzer.Main
Caused by: java.lang.ClassNotFoundException: fr.inria.sacha.remining.coming.analyzer.Main
",1,
/app/data/coming_data/pair_00655,False,"Error: Could not find or load main class fr.inria.sacha.remining.coming.analyzer.Main
Caused by: java.lang.ClassNotFoundException: fr.inria.sacha.remining.coming.analyzer.Main
",1,
/app/data/coming_data/pair_00656,False,"Error: Could not find or load main class fr.inria.sacha.remining.coming.analyzer.Main
Caused by: java.lang.ClassNotFoundException: fr.inria.sacha.remining.coming.analyzer.Main
",1,
/app/data/coming_data/pair_00657,False,"Error: Could not find or load main class fr.inria.sacha.remining.coming.analyzer.Main
Caused by: java.lang.ClassNotFoundException: fr.inria.sacha.remining.coming.analyzer.Main
",1,
/app/data/coming_data/pair_00658,False,"Error: Could not find or load main class fr.inria.sacha.remining.coming.analyzer.Main
Caused by: java.lang.ClassNotFoundException: fr.inria.sacha.remining.coming.analyzer.Main
",1,
/app/data/coming_data/pair_00659,False,"Error: Could not find or load main class fr.inria.sacha.remining.coming.analyzer.Main
Caused by: java.lang.ClassNotFoundException: fr.inria.sacha.remining.coming.analyzer.Main
",1,
/app/data/coming_data/pair_00660,False,"Error: Could not find or load main class fr.inria.sacha.remining.coming.analyzer.Main
Caused by: java.lang.ClassNotFoundException: fr.inria.sacha.remining.coming.analyzer.Main
",1,
/app/data/coming_data/pair_00661,False,"Error: Could not find or load main class fr.inria.sacha.remining.coming.analyzer.Main
Caused by: java.lang.ClassNotFoundException: fr.inria.sacha.remining.coming.analyzer.Main
",1,
/app/data/coming_data/pair_00662,False,"Error: Could not find or load main class fr.inria.sacha.remining.coming.analyzer.Main
Caused by: java.lang.ClassNotFoundException: fr.inria.sacha.remining.coming.analyzer.Main
",1,
/app/data/coming_data/pair_00663,False,"Error: Could not find or load main class fr.inria.sacha.remining.coming.analyzer.Main
Caused by: java.lang.ClassNotFoundException: fr.inria.sacha.remining.coming.analyzer.Main
",1,
/app/data/coming_data/pair_00664,False,"Error: Could not find or load main class fr.inria.sacha.remining.coming.analyzer.Main
Caused by: java.lang.ClassNotFoundException: fr.inria.sacha.remining.coming.analyzer.Main
",1,
/app/data/coming_data/pair_00665,False,"Error: Could not find or load main class fr.inria.sacha.remining.coming.analyzer.Main
Caused by: java.lang.ClassNotFoundException: fr.inria.sacha.remining.coming.analyzer.Main
",1,
/app/data/coming_data/pair_00666,False,"Error: Could not find or load main class fr.inria.sacha.remining.coming.analyzer.Main
Caused by: java.lang.ClassNotFoundException: fr.inria.sacha.remining.coming.analyzer.Main
",1,
/app/data/coming_data/pair_00667,False,"Error: Could not find or load main class fr.inria.sacha.remining.coming.analyzer.Main
Caused by: java.lang.ClassNotFoundException: fr.inria.sacha.remining.coming.analyzer.Main
",1,
/app/data/coming_data/pair_00668,False,"Error: Could not find or load main class fr.inria.sacha.remining.coming.analyzer.Main
Caused by: java.lang.ClassNotFoundException: fr.inria.sacha.remining.coming.analyzer.Main
",1,
/app/data/coming_data/pair_00669,False,"Error: Could not find or load main class fr.inria.sacha.remining.coming.analyzer.Main
Caused by: java.lang.ClassNotFoundException: fr.inria.sacha.remining.coming.analyzer.Main
",1,
/app/data/coming_data/pair_00670,False,"Error: Could not find or load main class fr.inria.sacha.remining.coming.analyzer.Main
Caused by: java.lang.ClassNotFoundException: fr.inria.sacha.remining.coming.analyzer.Main
",1,
/app/data/coming_data/pair_00671,False,"Error: Could not find or load main class fr.inria.sacha.remining.coming.analyzer.Main
Caused by: java.lang.ClassNotFoundException: fr.inria.sacha.remining.coming.analyzer.Main
",1,
/app/data/coming_data/pair_00672,False,"Error: Could not find or load main class fr.inria.sacha.remining.coming.analyzer.Main
Caused by: java.lang.ClassNotFoundException: fr.inria.sacha.remining.coming.analyzer.Main
",1,
/app/data/coming_data/pair_00673,False,"Error: Could not find or load main class fr.inria.sacha.remining.coming.analyzer.Main
Caused by: java.lang.ClassNotFoundException: fr.inria.sacha.remining.coming.analyzer.Main
",1,
/app/data/coming_data/pair_00674,False,"Error: Could not find or load main class fr.inria.sacha.remining.coming.analyzer.Main
Caused by: java.lang.ClassNotFoundException: fr.inria.sacha.remining.coming.analyzer.Main
",1,
/app/data/coming_data/pair_00675,False,"Error: Could not find or load main class fr.inria.sacha.remining.coming.analyzer.Main
Caused by: java.lang.ClassNotFoundException: fr.inria.sacha.remining.coming.analyzer.Main
",1,
/app/data/coming_data/pair_00676,False,"Error: Could not find or load main class fr.inria.sacha.remining.coming.analyzer.Main
Caused by: java.lang.ClassNotFoundException: fr.inria.sacha.remining.coming.analyzer.Main
",1,
/app/data/coming_data/pair_00677,False,"Error: Could not find or load main class fr.inria.sacha.remining.coming.analyzer.Main
Caused by: java.lang.ClassNotFoundException: fr.inria.sacha.remining.coming.analyzer.Main
",1,
/app/data/coming_data/pair_00678,False,"Error: Could not find or load main class fr.inria.sacha.remining.coming.analyzer.Main
Caused by: java.lang.ClassNotFoundException: fr.inria.sacha.remining.coming.analyzer.Main
",1,
/app/data/coming_data/pair_00679,False,"Error: Could not find or load main class fr.inria.sacha.remining.coming.analyzer.Main
Caused by: java.lang.ClassNotFoundException: fr.inria.sacha.remining.coming.analyzer.Main
",1,
/app/data/coming_data/pair_00680,False,"Error: Could not find or load main class fr.inria.sacha.remining.coming.analyzer.Main
Caused by: java.lang.ClassNotFoundException: fr.inria.sacha.remining.coming.analyzer.Main
",1,
/app/data/coming_data/pair_00681,False,"Error: Could not find or load main class fr.inria.sacha.remining.coming.analyzer.Main
Caused by: java.lang.ClassNotFoundException: fr.inria.sacha.remining.coming.analyzer.Main
",1,
/app/data/coming_data/pair_00682,False,"Error: Could not find or load main class fr.inria.sacha.remining.coming.analyzer.Main
Caused by: java.lang.ClassNotFoundException: fr.inria.sacha.remining.coming.analyzer.Main
",1,
/app/data/coming_data/pair_00683,False,"Error: Could not find or load main class fr.inria.sacha.remining.coming.analyzer.Main
Caused by: java.lang.ClassNotFoundException: fr.inria.sacha.remining.coming.analyzer.Main
",1,
/app/data/coming_data/pair_00684,False,"Error: Could not find or load main class fr.inria.sacha.remining.coming.analyzer.Main
Caused by: java.lang.ClassNotFoundException: fr.inria.sacha.remining.coming.analyzer.Main
",1,
/app/data/coming_data/pair_00685,False,"Error: Could not find or load main class fr.inria.sacha.remining.coming.analyzer.Main
Caused by: java.lang.ClassNotFoundException: fr.inria.sacha.remining.coming.analyzer.Main
",1,
/app/data/coming_data/pair_00686,False,"Error: Could not find or load main class fr.inria.sacha.remining.coming.analyzer.Main
Caused by: java.lang.ClassNotFoundException: fr.inria.sacha.remining.coming.analyzer.Main
",1,
/app/data/coming_data/pair_00687,False,"Error: Could not find or load main class fr.inria.sacha.remining.coming.analyzer.Main
Caused by: java.lang.ClassNotFoundException: fr.inria.sacha.remining.coming.analyzer.Main
",1,
/app/data/coming_data/pair_00688,False,"Error: Could not find or load main class fr.inria.sacha.remining.coming.analyzer.Main
Caused by: java.lang.ClassNotFoundException: fr.inria.sacha.remining.coming.analyzer.Main
",1,
/app/data/coming_data/pair_00689,False,"Error: Could not find or load main class fr.inria.sacha.remining.coming.analyzer.Main
Caused by: java.lang.ClassNotFoundException: fr.inria.sacha.remining.coming.analyzer.Main
",1,
/app/data/coming_data/pair_00690,False,"Error: Could not find or load main class fr.inria.sacha.remining.coming.analyzer.Main
Caused by: java.lang.ClassNotFoundException: fr.inria.sacha.remining.coming.analyzer.Main
",1,
/app/data/coming_data/pair_00691,False,"Error: Could not find or load main class fr.inria.sacha.remining.coming.analyzer.Main
Caused by: java.lang.ClassNotFoundException: fr.inria.sacha.remining.coming.analyzer.Main
",1,
/app/data/coming_data/pair_00692,False,"Error: Could not find or load main class fr.inria.sacha.remining.coming.analyzer.Main
Caused by: java.lang.ClassNotFoundException: fr.inria.sacha.remining.coming.analyzer.Main
",1,
/app/data/coming_data/pair_00693,False,"Error: Could not find or load main class fr.inria.sacha.remining.coming.analyzer.Main
Caused by: java.lang.ClassNotFoundException: fr.inria.sacha.remining.coming.analyzer.Main
",1,
/app/data/coming_data/pair_00694,False,"Error: Could not find or load main class fr.inria.sacha.remining.coming.analyzer.Main
Caused by: java.lang.ClassNotFoundException: fr.inria.sacha.remining.coming.analyzer.Main
",1,
/app/data/coming_data/pair_00695,False,"Error: Could not find or load main class fr.inria.sacha.remining.coming.analyzer.Main
Caused by: java.lang.ClassNotFoundException: fr.inria.sacha.remining.coming.analyzer.Main
",1,
/app/data/coming_data/pair_00696,False,"Error: Could not find or load main class fr.inria.sacha.remining.coming.analyzer.Main
Caused by: java.lang.ClassNotFoundException: fr.inria.sacha.remining.coming.analyzer.Main
",1,
/app/data/coming_data/pair_00697,False,"Error: Could not find or load main class fr.inria.sacha.remining.coming.analyzer.Main
Caused by: java.lang.ClassNotFoundException: fr.inria.sacha.remining.coming.analyzer.Main
",1,
/app/data/coming_data/pair_00698,False,"Error: Could not find or load main class fr.inria.sacha.remining.coming.analyzer.Main
Caused by: java.lang.ClassNotFoundException: fr.inria.sacha.remining.coming.analyzer.Main
",1,
/app/data/coming_data/pair_00699,False,"Error: Could not find or load main class fr.inria.sacha.remining.coming.analyzer.Main
Caused by: java.lang.ClassNotFoundException: fr.inria.sacha.remining.coming.analyzer.Main
",1,
/app/data/coming_data/pair_00700,False,"Error: Could not find or load main class fr.inria.sacha.remining.coming.analyzer.Main
Caused by: java.lang.ClassNotFoundException: fr.inria.sacha.remining.coming.analyzer.Main
",1,
/app/data/coming_data/pair_00701,False,"Error: Could not find or load main class fr.inria.sacha.remining.coming.analyzer.Main
Caused by: java.lang.ClassNotFoundException: fr.inria.sacha.remining.coming.analyzer.Main
",1,
/app/data/coming_data/pair_00702,False,"Error: Could not find or load main class fr.inria.sacha.remining.coming.analyzer.Main
Caused by: java.lang.ClassNotFoundException: fr.inria.sacha.remining.coming.analyzer.Main
",1,
/app/data/coming_data/pair_00703,False,"Error: Could not find or load main class fr.inria.sacha.remining.coming.analyzer.Main
Caused by: java.lang.ClassNotFoundException: fr.inria.sacha.remining.coming.analyzer.Main
",1,
/app/data/coming_data/pair_00704,False,"Error: Could not find or load main class fr.inria.sacha.remining.coming.analyzer.Main
Caused by: java.lang.ClassNotFoundException: fr.inria.sacha.remining.coming.analyzer.Main
",1,
/app/data/coming_data/pair_00705,False,"Error: Could not find or load main class fr.inria.sacha.remining.coming.analyzer.Main
Caused by: java.lang.ClassNotFoundException: fr.inria.sacha.remining.coming.analyzer.Main
",1,
/app/data/coming_data/pair_00706,False,"Error: Could not find or load main class fr.inria.sacha.remining.coming.analyzer.Main
Caused by: java.lang.ClassNotFoundException: fr.inria.sacha.remining.coming.analyzer.Main
",1,
/app/data/coming_data/pair_00707,False,"Error: Could not find or load main class fr.inria.sacha.remining.coming.analyzer.Main
Caused by: java.lang.ClassNotFoundException: fr.inria.sacha.remining.coming.analyzer.Main
",1,
/app/data/coming_data/pair_00708,False,"Error: Could not find or load main class fr.inria.sacha.remining.coming.analyzer.Main
Caused by: java.lang.ClassNotFoundException: fr.inria.sacha.remining.coming.analyzer.Main
",1,
/app/data/coming_data/pair_00709,False,"Error: Could not find or load main class fr.inria.sacha.remining.coming.analyzer.Main
Caused by: java.lang.ClassNotFoundException: fr.inria.sacha.remining.coming.analyzer.Main
",1,
/app/data/coming_data/pair_00710,False,"Error: Could not find or load main class fr.inria.sacha.remining.coming.analyzer.Main
Caused by: java.lang.ClassNotFoundException: fr.inria.sacha.remining.coming.analyzer.Main
",1,
/app/data/coming_data/pair_00711,False,"Error: Could not find or load main class fr.inria.sacha.remining.coming.analyzer.Main
Caused by: java.lang.ClassNotFoundException: fr.inria.sacha.remining.coming.analyzer.Main
",1,
/app/data/coming_data/pair_00712,False,"Error: Could not find or load main class fr.inria.sacha.remining.coming.analyzer.Main
Caused by: java.lang.ClassNotFoundException: fr.inria.sacha.remining.coming.analyzer.Main
",1,
/app/data/coming_data/pair_00713,False,"Error: Could not find or load main class fr.inria.sacha.remining.coming.analyzer.Main
Caused by: java.lang.ClassNotFoundException: fr.inria.sacha.remining.coming.analyzer.Main
",1,
/app/data/coming_data/pair_00714,False,"Error: Could not find or load main class fr.inria.sacha.remining.coming.analyzer.Main
Caused by: java.lang.ClassNotFoundException: fr.inria.sacha.remining.coming.analyzer.Main
",1,
/app/data/coming_data/pair_00715,False,"Error: Could not find or load main class fr.inria.sacha.remining.coming.analyzer.Main
Caused by: java.lang.ClassNotFoundException: fr.inria.sacha.remining.coming.analyzer.Main
",1,
/app/data/coming_data/pair_00716,False,"Error: Could not find or load main class fr.inria.sacha.remining.coming.analyzer.Main
Caused by: java.lang.ClassNotFoundException: fr.inria.sacha.remining.coming.analyzer.Main
",1,
/app/data/coming_data/pair_00717,False,"Error: Could not find or load main class fr.inria.sacha.remining.coming.analyzer.Main
Caused by: java.lang.ClassNotFoundException: fr.inria.sacha.remining.coming.analyzer.Main
",1,
/app/data/coming_data/pair_00718,False,"Error: Could not find or load main class fr.inria.sacha.remining.coming.analyzer.Main
Caused by: java.lang.ClassNotFoundException: fr.inria.sacha.remining.coming.analyzer.Main
",1,
/app/data/coming_data/pair_00719,False,"Error: Could not find or load main class fr.inria.sacha.remining.coming.analyzer.Main
Caused by: java.lang.ClassNotFoundException: fr.inria.sacha.remining.coming.analyzer.Main
",1,
/app/data/coming_data/pair_00720,False,"Error: Could not find or load main class fr.inria.sacha.remining.coming.analyzer.Main
Caused by: java.lang.ClassNotFoundException: fr.inria.sacha.remining.coming.analyzer.Main
",1,
/app/data/coming_data/pair_00721,False,"Error: Could not find or load main class fr.inria.sacha.remining.coming.analyzer.Main
Caused by: java.lang.ClassNotFoundException: fr.inria.sacha.remining.coming.analyzer.Main
",1,
/app/data/coming_data/pair_00722,False,"Error: Could not find or load main class fr.inria.sacha.remining.coming.analyzer.Main
Caused by: java.lang.ClassNotFoundException: fr.inria.sacha.remining.coming.analyzer.Main
",1,
/app/data/coming_data/pair_00723,False,"Error: Could not find or load main class fr.inria.sacha.remining.coming.analyzer.Main
Caused by: java.lang.ClassNotFoundException: fr.inria.sacha.remining.coming.analyzer.Main
",1,
/app/data/coming_data/pair_00724,False,"Error: Could not find or load main class fr.inria.sacha.remining.coming.analyzer.Main
Caused by: java.lang.ClassNotFoundException: fr.inria.sacha.remining.coming.analyzer.Main
",1,
/app/data/coming_data/pair_00725,False,"Error: Could not find or load main class fr.inria.sacha.remining.coming.analyzer.Main
Caused by: java.lang.ClassNotFoundException: fr.inria.sacha.remining.coming.analyzer.Main
",1,
/app/data/coming_data/pair_00726,False,"Error: Could not find or load main class fr.inria.sacha.remining.coming.analyzer.Main
Caused by: java.lang.ClassNotFoundException: fr.inria.sacha.remining.coming.analyzer.Main
",1,
/app/data/coming_data/pair_00727,False,"Error: Could not find or load main class fr.inria.sacha.remining.coming.analyzer.Main
Caused by: java.lang.ClassNotFoundException: fr.inria.sacha.remining.coming.analyzer.Main
",1,
/app/data/coming_data/pair_00728,False,"Error: Could not find or load main class fr.inria.sacha.remining.coming.analyzer.Main
Caused by: java.lang.ClassNotFoundException: fr.inria.sacha.remining.coming.analyzer.Main
",1,
/app/data/coming_data/pair_00729,False,"Error: Could not find or load main class fr.inria.sacha.remining.coming.analyzer.Main
Caused by: java.lang.ClassNotFoundException: fr.inria.sacha.remining.coming.analyzer.Main
",1,
/app/data/coming_data/pair_00730,False,"Error: Could not find or load main class fr.inria.sacha.remining.coming.analyzer.Main
Caused by: java.lang.ClassNotFoundException: fr.inria.sacha.remining.coming.analyzer.Main
",1,
/app/data/coming_data/pair_00731,False,"Error: Could not find or load main class fr.inria.sacha.remining.coming.analyzer.Main
Caused by: java.lang.ClassNotFoundException: fr.inria.sacha.remining.coming.analyzer.Main
",1,
/app/data/coming_data/pair_00732,False,"Error: Could not find or load main class fr.inria.sacha.remining.coming.analyzer.Main
Caused by: java.lang.ClassNotFoundException: fr.inria.sacha.remining.coming.analyzer.Main
",1,
/app/data/coming_data/pair_00733,False,"Error: Could not find or load main class fr.inria.sacha.remining.coming.analyzer.Main
Caused by: java.lang.ClassNotFoundException: fr.inria.sacha.remining.coming.analyzer.Main
",1,
/app/data/coming_data/pair_00734,False,"Error: Could not find or load main class fr.inria.sacha.remining.coming.analyzer.Main
Caused by: java.lang.ClassNotFoundException: fr.inria.sacha.remining.coming.analyzer.Main
",1,
/app/data/coming_data/pair_00735,False,"Error: Could not find or load main class fr.inria.sacha.remining.coming.analyzer.Main
Caused by: java.lang.ClassNotFoundException: fr.inria.sacha.remining.coming.analyzer.Main
",1,
/app/data/coming_data/pair_00736,False,"Error: Could not find or load main class fr.inria.sacha.remining.coming.analyzer.Main
Caused by: java.lang.ClassNotFoundException: fr.inria.sacha.remining.coming.analyzer.Main
",1,
/app/data/coming_data/pair_00737,False,"Error: Could not find or load main class fr.inria.sacha.remining.coming.analyzer.Main
Caused by: java.lang.ClassNotFoundException: fr.inria.sacha.remining.coming.analyzer.Main
",1,
/app/data/coming_data/pair_00738,False,"Error: Could not find or load main class fr.inria.sacha.remining.coming.analyzer.Main
Caused by: java.lang.ClassNotFoundException: fr.inria.sacha.remining.coming.analyzer.Main
",1,
/app/data/coming_data/pair_00739,False,"Error: Could not find or load main class fr.inria.sacha.remining.coming.analyzer.Main
Caused by: java.lang.ClassNotFoundException: fr.inria.sacha.remining.coming.analyzer.Main
",1,
/app/data/coming_data/pair_00740,False,"Error: Could not find or load main class fr.inria.sacha.remining.coming.analyzer.Main
Caused by: java.lang.ClassNotFoundException: fr.inria.sacha.remining.coming.analyzer.Main
",1,
/app/data/coming_data/pair_00741,False,"Error: Could not find or load main class fr.inria.sacha.remining.coming.analyzer.Main
Caused by: java.lang.ClassNotFoundException: fr.inria.sacha.remining.coming.analyzer.Main
",1,
/app/data/coming_data/pair_00742,False,"Error: Could not find or load main class fr.inria.sacha.remining.coming.analyzer.Main
Caused by: java.lang.ClassNotFoundException: fr.inria.sacha.remining.coming.analyzer.Main
",1,
/app/data/coming_data/pair_00743,False,"Error: Could not find or load main class fr.inria.sacha.remining.coming.analyzer.Main
Caused by: java.lang.ClassNotFoundException: fr.inria.sacha.remining.coming.analyzer.Main
",1,
/app/data/coming_data/pair_00744,False,"Error: Could not find or load main class fr.inria.sacha.remining.coming.analyzer.Main
Caused by: java.lang.ClassNotFoundException: fr.inria.sacha.remining.coming.analyzer.Main
",1,
/app/data/coming_data/pair_00745,False,"Error: Could not find or load main class fr.inria.sacha.remining.coming.analyzer.Main
Caused by: java.lang.ClassNotFoundException: fr.inria.sacha.remining.coming.analyzer.Main
",1,
/app/data/coming_data/pair_00746,False,"Error: Could not find or load main class fr.inria.sacha.remining.coming.analyzer.Main
Caused by: java.lang.ClassNotFoundException: fr.inria.sacha.remining.coming.analyzer.Main
",1,
/app/data/coming_data/pair_00747,False,"Error: Could not find or load main class fr.inria.sacha.remining.coming.analyzer.Main
Caused by: java.lang.ClassNotFoundException: fr.inria.sacha.remining.coming.analyzer.Main
",1,
/app/data/coming_data/pair_00748,False,"Error: Could not find or load main class fr.inria.sacha.remining.coming.analyzer.Main
Caused by: java.lang.ClassNotFoundException: fr.inria.sacha.remining.coming.analyzer.Main
",1,
/app/data/coming_data/pair_00749,False,"Error: Could not find or load main class fr.inria.sacha.remining.coming.analyzer.Main
Caused by: java.lang.ClassNotFoundException: fr.inria.sacha.remining.coming.analyzer.Main
",1,
/app/data/coming_data/pair_00750,False,"Error: Could not find or load main class fr.inria.sacha.remining.coming.analyzer.Main
Caused by: java.lang.ClassNotFoundException: fr.inria.sacha.remining.coming.analyzer.Main
",1,
/app/data/coming_data/pair_00751,False,"Error: Could not find or load main class fr.inria.sacha.remining.coming.analyzer.Main
Caused by: java.lang.ClassNotFoundException: fr.inria.sacha.remining.coming.analyzer.Main
",1,
/app/data/coming_data/pair_00752,False,"Error: Could not find or load main class fr.inria.sacha.remining.coming.analyzer.Main
Caused by: java.lang.ClassNotFoundException: fr.inria.sacha.remining.coming.analyzer.Main
",1,
/app/data/coming_data/pair_00753,False,"Error: Could not find or load main class fr.inria.sacha.remining.coming.analyzer.Main
Caused by: java.lang.ClassNotFoundException: fr.inria.sacha.remining.coming.analyzer.Main
",1,
/app/data/coming_data/pair_00754,False,"Error: Could not find or load main class fr.inria.sacha.remining.coming.analyzer.Main
Caused by: java.lang.ClassNotFoundException: fr.inria.sacha.remining.coming.analyzer.Main
",1,
/app/data/coming_data/pair_00755,False,"Error: Could not find or load main class fr.inria.sacha.remining.coming.analyzer.Main
Caused by: java.lang.ClassNotFoundException: fr.inria.sacha.remining.coming.analyzer.Main
",1,
/app/data/coming_data/pair_00756,False,"Error: Could not find or load main class fr.inria.sacha.remining.coming.analyzer.Main
Caused by: java.lang.ClassNotFoundException: fr.inria.sacha.remining.coming.analyzer.Main
",1,
/app/data/coming_data/pair_00757,False,"Error: Could not find or load main class fr.inria.sacha.remining.coming.analyzer.Main
Caused by: java.lang.ClassNotFoundException: fr.inria.sacha.remining.coming.analyzer.Main
",1,
/app/data/coming_data/pair_00758,False,"Error: Could not find or load main class fr.inria.sacha.remining.coming.analyzer.Main
Caused by: java.lang.ClassNotFoundException: fr.inria.sacha.remining.coming.analyzer.Main
",1,
/app/data/coming_data/pair_00759,False,"Error: Could not find or load main class fr.inria.sacha.remining.coming.analyzer.Main
Caused by: java.lang.ClassNotFoundException: fr.inria.sacha.remining.coming.analyzer.Main
",1,
/app/data/coming_data/pair_00760,False,"Error: Could not find or load main class fr.inria.sacha.remining.coming.analyzer.Main
Caused by: java.lang.ClassNotFoundException: fr.inria.sacha.remining.coming.analyzer.Main
",1,
/app/data/coming_data/pair_00761,False,"Error: Could not find or load main class fr.inria.sacha.remining.coming.analyzer.Main
Caused by: java.lang.ClassNotFoundException: fr.inria.sacha.remining.coming.analyzer.Main
",1,
/app/data/coming_data/pair_00762,False,"Error: Could not find or load main class fr.inria.sacha.remining.coming.analyzer.Main
Caused by: java.lang.ClassNotFoundException: fr.inria.sacha.remining.coming.analyzer.Main
",1,
/app/data/coming_data/pair_00763,False,"Error: Could not find or load main class fr.inria.sacha.remining.coming.analyzer.Main
Caused by: java.lang.ClassNotFoundException: fr.inria.sacha.remining.coming.analyzer.Main
",1,
/app/data/coming_data/pair_00764,False,"Error: Could not find or load main class fr.inria.sacha.remining.coming.analyzer.Main
Caused by: java.lang.ClassNotFoundException: fr.inria.sacha.remining.coming.analyzer.Main
",1,
/app/data/coming_data/pair_00765,False,"Error: Could not find or load main class fr.inria.sacha.remining.coming.analyzer.Main
Caused by: java.lang.ClassNotFoundException: fr.inria.sacha.remining.coming.analyzer.Main
",1,
/app/data/coming_data/pair_00766,False,"Error: Could not find or load main class fr.inria.sacha.remining.coming.analyzer.Main
Caused by: java.lang.ClassNotFoundException: fr.inria.sacha.remining.coming.analyzer.Main
",1,
/app/data/coming_data/pair_00767,False,"Error: Could not find or load main class fr.inria.sacha.remining.coming.analyzer.Main
Caused by: java.lang.ClassNotFoundException: fr.inria.sacha.remining.coming.analyzer.Main
",1,
/app/data/coming_data/pair_00768,False,"Error: Could not find or load main class fr.inria.sacha.remining.coming.analyzer.Main
Caused by: java.lang.ClassNotFoundException: fr.inria.sacha.remining.coming.analyzer.Main
",1,
/app/data/coming_data/pair_00769,False,"Error: Could not find or load main class fr.inria.sacha.remining.coming.analyzer.Main
Caused by: java.lang.ClassNotFoundException: fr.inria.sacha.remining.coming.analyzer.Main
",1,
/app/data/coming_data/pair_00770,False,"Error: Could not find or load main class fr.inria.sacha.remining.coming.analyzer.Main
Caused by: java.lang.ClassNotFoundException: fr.inria.sacha.remining.coming.analyzer.Main
",1,
/app/data/coming_data/pair_00771,False,"Error: Could not find or load main class fr.inria.sacha.remining.coming.analyzer.Main
Caused by: java.lang.ClassNotFoundException: fr.inria.sacha.remining.coming.analyzer.Main
",1,
/app/data/coming_data/pair_00772,False,"Error: Could not find or load main class fr.inria.sacha.remining.coming.analyzer.Main
Caused by: java.lang.ClassNotFoundException: fr.inria.sacha.remining.coming.analyzer.Main
",1,
/app/data/coming_data/pair_00773,False,"Error: Could not find or load main class fr.inria.sacha.remining.coming.analyzer.Main
Caused by: java.lang.ClassNotFoundException: fr.inria.sacha.remining.coming.analyzer.Main
",1,
/app/data/coming_data/pair_00774,False,"Error: Could not find or load main class fr.inria.sacha.remining.coming.analyzer.Main
Caused by: java.lang.ClassNotFoundException: fr.inria.sacha.remining.coming.analyzer.Main
",1,
/app/data/coming_data/pair_00775,False,"Error: Could not find or load main class fr.inria.sacha.remining.coming.analyzer.Main
Caused by: java.lang.ClassNotFoundException: fr.inria.sacha.remining.coming.analyzer.Main
",1,
/app/data/coming_data/pair_00776,False,"Error: Could not find or load main class fr.inria.sacha.remining.coming.analyzer.Main
Caused by: java.lang.ClassNotFoundException: fr.inria.sacha.remining.coming.analyzer.Main
",1,
/app/data/coming_data/pair_00777,False,"Error: Could not find or load main class fr.inria.sacha.remining.coming.analyzer.Main
Caused by: java.lang.ClassNotFoundException: fr.inria.sacha.remining.coming.analyzer.Main
",1,
/app/data/coming_data/pair_00778,False,"Error: Could not find or load main class fr.inria.sacha.remining.coming.analyzer.Main
Caused by: java.lang.ClassNotFoundException: fr.inria.sacha.remining.coming.analyzer.Main
",1,
/app/data/coming_data/pair_00779,False,"Error: Could not find or load main class fr.inria.sacha.remining.coming.analyzer.Main
Caused by: java.lang.ClassNotFoundException: fr.inria.sacha.remining.coming.analyzer.Main
",1,
/app/data/coming_data/pair_00780,False,"Error: Could not find or load main class fr.inria.sacha.remining.coming.analyzer.Main
Caused by: java.lang.ClassNotFoundException: fr.inria.sacha.remining.coming.analyzer.Main
",1,
/app/data/coming_data/pair_00781,False,"Error: Could not find or load main class fr.inria.sacha.remining.coming.analyzer.Main
Caused by: java.lang.ClassNotFoundException: fr.inria.sacha.remining.coming.analyzer.Main
",1,
/app/data/coming_data/pair_00782,False,"Error: Could not find or load main class fr.inria.sacha.remining.coming.analyzer.Main
Caused by: java.lang.ClassNotFoundException: fr.inria.sacha.remining.coming.analyzer.Main
",1,
/app/data/coming_data/pair_00783,False,"Error: Could not find or load main class fr.inria.sacha.remining.coming.analyzer.Main
Caused by: java.lang.ClassNotFoundException: fr.inria.sacha.remining.coming.analyzer.Main
",1,
/app/data/coming_data/pair_00784,False,"Error: Could not find or load main class fr.inria.sacha.remining.coming.analyzer.Main
Caused by: java.lang.ClassNotFoundException: fr.inria.sacha.remining.coming.analyzer.Main
",1,
/app/data/coming_data/pair_00785,False,"Error: Could not find or load main class fr.inria.sacha.remining.coming.analyzer.Main
Caused by: java.lang.ClassNotFoundException: fr.inria.sacha.remining.coming.analyzer.Main
",1,
/app/data/coming_data/pair_00786,False,"Error: Could not find or load main class fr.inria.sacha.remining.coming.analyzer.Main
Caused by: java.lang.ClassNotFoundException: fr.inria.sacha.remining.coming.analyzer.Main
",1,
/app/data/coming_data/pair_00787,False,"Error: Could not find or load main class fr.inria.sacha.remining.coming.analyzer.Main
Caused by: java.lang.ClassNotFoundException: fr.inria.sacha.remining.coming.analyzer.Main
",1,
/app/data/coming_data/pair_00788,False,"Error: Could not find or load main class fr.inria.sacha.remining.coming.analyzer.Main
Caused by: java.lang.ClassNotFoundException: fr.inria.sacha.remining.coming.analyzer.Main
",1,
/app/data/coming_data/pair_00789,False,"Error: Could not find or load main class fr.inria.sacha.remining.coming.analyzer.Main
Caused by: java.lang.ClassNotFoundException: fr.inria.sacha.remining.coming.analyzer.Main
",1,
/app/data/coming_data/pair_00790,False,"Error: Could not find or load main class fr.inria.sacha.remining.coming.analyzer.Main
Caused by: java.lang.ClassNotFoundException: fr.inria.sacha.remining.coming.analyzer.Main
",1,
/app/data/coming_data/pair_00791,False,"Error: Could not find or load main class fr.inria.sacha.remining.coming.analyzer.Main
Caused by: java.lang.ClassNotFoundException: fr.inria.sacha.remining.coming.analyzer.Main
",1,
/app/data/coming_data/pair_00792,False,"Error: Could not find or load main class fr.inria.sacha.remining.coming.analyzer.Main
Caused by: java.lang.ClassNotFoundException: fr.inria.sacha.remining.coming.analyzer.Main
",1,
/app/data/coming_data/pair_00793,False,"Error: Could not find or load main class fr.inria.sacha.remining.coming.analyzer.Main
Caused by: java.lang.ClassNotFoundException: fr.inria.sacha.remining.coming.analyzer.Main
",1,
/app/data/coming_data/pair_00794,False,"Error: Could not find or load main class fr.inria.sacha.remining.coming.analyzer.Main
Caused by: java.lang.ClassNotFoundException: fr.inria.sacha.remining.coming.analyzer.Main
",1,
/app/data/coming_data/pair_00795,False,"Error: Could not find or load main class fr.inria.sacha.remining.coming.analyzer.Main
Caused by: java.lang.ClassNotFoundException: fr.inria.sacha.remining.coming.analyzer.Main
",1,
/app/data/coming_data/pair_00796,False,"Error: Could not find or load main class fr.inria.sacha.remining.coming.analyzer.Main
Caused by: java.lang.ClassNotFoundException: fr.inria.sacha.remining.coming.analyzer.Main
",1,
/app/data/coming_data/pair_00797,False,"Error: Could not find or load main class fr.inria.sacha.remining.coming.analyzer.Main
Caused by: java.lang.ClassNotFoundException: fr.inria.sacha.remining.coming.analyzer.Main
",1,
/app/data/coming_data/pair_00798,False,"Error: Could not find or load main class fr.inria.sacha.remining.coming.analyzer.Main
Caused by: java.lang.ClassNotFoundException: fr.inria.sacha.remining.coming.analyzer.Main
",1,
/app/data/coming_data/pair_00799,False,"Error: Could not find or load main class fr.inria.sacha.remining.coming.analyzer.Main
Caused by: java.lang.ClassNotFoundException: fr.inria.sacha.remining.coming.analyzer.Main
",1,
/app/data/coming_data/pair_00800,False,"Error: Could not find or load main class fr.inria.sacha.remining.coming.analyzer.Main
Caused by: java.lang.ClassNotFoundException: fr.inria.sacha.remining.coming.analyzer.Main
",1,
/app/data/coming_data/pair_00801,False,"Error: Could not find or load main class fr.inria.sacha.remining.coming.analyzer.Main
Caused by: java.lang.ClassNotFoundException: fr.inria.sacha.remining.coming.analyzer.Main
",1,
/app/data/coming_data/pair_00802,False,"Error: Could not find or load main class fr.inria.sacha.remining.coming.analyzer.Main
Caused by: java.lang.ClassNotFoundException: fr.inria.sacha.remining.coming.analyzer.Main
",1,
/app/data/coming_data/pair_00803,False,"Error: Could not find or load main class fr.inria.sacha.remining.coming.analyzer.Main
Caused by: java.lang.ClassNotFoundException: fr.inria.sacha.remining.coming.analyzer.Main
",1,
/app/data/coming_data/pair_00804,False,"Error: Could not find or load main class fr.inria.sacha.remining.coming.analyzer.Main
Caused by: java.lang.ClassNotFoundException: fr.inria.sacha.remining.coming.analyzer.Main
",1,
/app/data/coming_data/pair_00805,False,"Error: Could not find or load main class fr.inria.sacha.remining.coming.analyzer.Main
Caused by: java.lang.ClassNotFoundException: fr.inria.sacha.remining.coming.analyzer.Main
",1,
/app/data/coming_data/pair_00806,False,"Error: Could not find or load main class fr.inria.sacha.remining.coming.analyzer.Main
Caused by: java.lang.ClassNotFoundException: fr.inria.sacha.remining.coming.analyzer.Main
",1,
/app/data/coming_data/pair_00807,False,"Error: Could not find or load main class fr.inria.sacha.remining.coming.analyzer.Main
Caused by: java.lang.ClassNotFoundException: fr.inria.sacha.remining.coming.analyzer.Main
",1,
/app/data/coming_data/pair_00808,False,"Error: Could not find or load main class fr.inria.sacha.remining.coming.analyzer.Main
Caused by: java.lang.ClassNotFoundException: fr.inria.sacha.remining.coming.analyzer.Main
",1,
/app/data/coming_data/pair_00809,False,"Error: Could not find or load main class fr.inria.sacha.remining.coming.analyzer.Main
Caused by: java.lang.ClassNotFoundException: fr.inria.sacha.remining.coming.analyzer.Main
",1,
/app/data/coming_data/pair_00810,False,"Error: Could not find or load main class fr.inria.sacha.remining.coming.analyzer.Main
Caused by: java.lang.ClassNotFoundException: fr.inria.sacha.remining.coming.analyzer.Main
",1,
/app/data/coming_data/pair_00811,False,"Error: Could not find or load main class fr.inria.sacha.remining.coming.analyzer.Main
Caused by: java.lang.ClassNotFoundException: fr.inria.sacha.remining.coming.analyzer.Main
",1,
/app/data/coming_data/pair_00812,False,"Error: Could not find or load main class fr.inria.sacha.remining.coming.analyzer.Main
Caused by: java.lang.ClassNotFoundException: fr.inria.sacha.remining.coming.analyzer.Main
",1,
/app/data/coming_data/pair_00813,False,"Error: Could not find or load main class fr.inria.sacha.remining.coming.analyzer.Main
Caused by: java.lang.ClassNotFoundException: fr.inria.sacha.remining.coming.analyzer.Main
",1,
/app/data/coming_data/pair_00814,False,"Error: Could not find or load main class fr.inria.sacha.remining.coming.analyzer.Main
Caused by: java.lang.ClassNotFoundException: fr.inria.sacha.remining.coming.analyzer.Main
",1,
/app/data/coming_data/pair_00815,False,"Error: Could not find or load main class fr.inria.sacha.remining.coming.analyzer.Main
Caused by: java.lang.ClassNotFoundException: fr.inria.sacha.remining.coming.analyzer.Main
",1,
/app/data/coming_data/pair_00816,False,"Error: Could not find or load main class fr.inria.sacha.remining.coming.analyzer.Main
Caused by: java.lang.ClassNotFoundException: fr.inria.sacha.remining.coming.analyzer.Main
",1,
/app/data/coming_data/pair_00817,False,"Error: Could not find or load main class fr.inria.sacha.remining.coming.analyzer.Main
Caused by: java.lang.ClassNotFoundException: fr.inria.sacha.remining.coming.analyzer.Main
",1,
/app/data/coming_data/pair_00818,False,"Error: Could not find or load main class fr.inria.sacha.remining.coming.analyzer.Main
Caused by: java.lang.ClassNotFoundException: fr.inria.sacha.remining.coming.analyzer.Main
",1,
/app/data/coming_data/pair_00819,False,"Error: Could not find or load main class fr.inria.sacha.remining.coming.analyzer.Main
Caused by: java.lang.ClassNotFoundException: fr.inria.sacha.remining.coming.analyzer.Main
",1,
/app/data/coming_data/pair_00820,False,"Error: Could not find or load main class fr.inria.sacha.remining.coming.analyzer.Main
Caused by: java.lang.ClassNotFoundException: fr.inria.sacha.remining.coming.analyzer.Main
",1,
/app/data/coming_data/pair_00821,False,"Error: Could not find or load main class fr.inria.sacha.remining.coming.analyzer.Main
Caused by: java.lang.ClassNotFoundException: fr.inria.sacha.remining.coming.analyzer.Main
",1,
/app/data/coming_data/pair_00822,False,"Error: Could not find or load main class fr.inria.sacha.remining.coming.analyzer.Main
Caused by: java.lang.ClassNotFoundException: fr.inria.sacha.remining.coming.analyzer.Main
",1,
/app/data/coming_data/pair_00823,False,"Error: Could not find or load main class fr.inria.sacha.remining.coming.analyzer.Main
Caused by: java.lang.ClassNotFoundException: fr.inria.sacha.remining.coming.analyzer.Main
",1,
/app/data/coming_data/pair_00824,False,"Error: Could not find or load main class fr.inria.sacha.remining.coming.analyzer.Main
Caused by: java.lang.ClassNotFoundException: fr.inria.sacha.remining.coming.analyzer.Main
",1,
/app/data/coming_data/pair_00825,False,"Error: Could not find or load main class fr.inria.sacha.remining.coming.analyzer.Main
Caused by: java.lang.ClassNotFoundException: fr.inria.sacha.remining.coming.analyzer.Main
",1,
/app/data/coming_data/pair_00826,False,"Error: Could not find or load main class fr.inria.sacha.remining.coming.analyzer.Main
Caused by: java.lang.ClassNotFoundException: fr.inria.sacha.remining.coming.analyzer.Main
",1,
/app/data/coming_data/pair_00827,False,"Error: Could not find or load main class fr.inria.sacha.remining.coming.analyzer.Main
Caused by: java.lang.ClassNotFoundException: fr.inria.sacha.remining.coming.analyzer.Main
",1,
/app/data/coming_data/pair_00828,False,"Error: Could not find or load main class fr.inria.sacha.remining.coming.analyzer.Main
Caused by: java.lang.ClassNotFoundException: fr.inria.sacha.remining.coming.analyzer.Main
",1,
/app/data/coming_data/pair_00829,False,"Error: Could not find or load main class fr.inria.sacha.remining.coming.analyzer.Main
Caused by: java.lang.ClassNotFoundException: fr.inria.sacha.remining.coming.analyzer.Main
",1,
/app/data/coming_data/pair_00830,False,"Error: Could not find or load main class fr.inria.sacha.remining.coming.analyzer.Main
Caused by: java.lang.ClassNotFoundException: fr.inria.sacha.remining.coming.analyzer.Main
",1,
/app/data/coming_data/pair_00831,False,"Error: Could not find or load main class fr.inria.sacha.remining.coming.analyzer.Main
Caused by: java.lang.ClassNotFoundException: fr.inria.sacha.remining.coming.analyzer.Main
",1,
/app/data/coming_data/pair_00832,False,"Error: Could not find or load main class fr.inria.sacha.remining.coming.analyzer.Main
Caused by: java.lang.ClassNotFoundException: fr.inria.sacha.remining.coming.analyzer.Main
",1,
/app/data/coming_data/pair_00833,False,"Error: Could not find or load main class fr.inria.sacha.remining.coming.analyzer.Main
Caused by: java.lang.ClassNotFoundException: fr.inria.sacha.remining.coming.analyzer.Main
",1,
/app/data/coming_data/pair_00834,False,"Error: Could not find or load main class fr.inria.sacha.remining.coming.analyzer.Main
Caused by: java.lang.ClassNotFoundException: fr.inria.sacha.remining.coming.analyzer.Main
",1,
/app/data/coming_data/pair_00835,False,"Error: Could not find or load main class fr.inria.sacha.remining.coming.analyzer.Main
Caused by: java.lang.ClassNotFoundException: fr.inria.sacha.remining.coming.analyzer.Main
",1,
/app/data/coming_data/pair_00836,False,"Error: Could not find or load main class fr.inria.sacha.remining.coming.analyzer.Main
Caused by: java.lang.ClassNotFoundException: fr.inria.sacha.remining.coming.analyzer.Main
",1,
/app/data/coming_data/pair_00837,False,"Error: Could not find or load main class fr.inria.sacha.remining.coming.analyzer.Main
Caused by: java.lang.ClassNotFoundException: fr.inria.sacha.remining.coming.analyzer.Main
",1,
/app/data/coming_data/pair_00838,False,"Error: Could not find or load main class fr.inria.sacha.remining.coming.analyzer.Main
Caused by: java.lang.ClassNotFoundException: fr.inria.sacha.remining.coming.analyzer.Main
",1,
/app/data/coming_data/pair_00839,False,"Error: Could not find or load main class fr.inria.sacha.remining.coming.analyzer.Main
Caused by: java.lang.ClassNotFoundException: fr.inria.sacha.remining.coming.analyzer.Main
",1,
/app/data/coming_data/pair_00840,False,"Error: Could not find or load main class fr.inria.sacha.remining.coming.analyzer.Main
Caused by: java.lang.ClassNotFoundException: fr.inria.sacha.remining.coming.analyzer.Main
",1,
/app/data/coming_data/pair_00841,False,"Error: Could not find or load main class fr.inria.sacha.remining.coming.analyzer.Main
Caused by: java.lang.ClassNotFoundException: fr.inria.sacha.remining.coming.analyzer.Main
",1,
/app/data/coming_data/pair_00842,False,"Error: Could not find or load main class fr.inria.sacha.remining.coming.analyzer.Main
Caused by: java.lang.ClassNotFoundException: fr.inria.sacha.remining.coming.analyzer.Main
",1,
/app/data/coming_data/pair_00843,False,"Error: Could not find or load main class fr.inria.sacha.remining.coming.analyzer.Main
Caused by: java.lang.ClassNotFoundException: fr.inria.sacha.remining.coming.analyzer.Main
",1,
/app/data/coming_data/pair_00844,False,"Error: Could not find or load main class fr.inria.sacha.remining.coming.analyzer.Main
Caused by: java.lang.ClassNotFoundException: fr.inria.sacha.remining.coming.analyzer.Main
",1,
/app/data/coming_data/pair_00845,False,"Error: Could not find or load main class fr.inria.sacha.remining.coming.analyzer.Main
Caused by: java.lang.ClassNotFoundException: fr.inria.sacha.remining.coming.analyzer.Main
",1,
/app/data/coming_data/pair_00846,False,"Error: Could not find or load main class fr.inria.sacha.remining.coming.analyzer.Main
Caused by: java.lang.ClassNotFoundException: fr.inria.sacha.remining.coming.analyzer.Main
",1,
/app/data/coming_data/pair_00847,False,"Error: Could not find or load main class fr.inria.sacha.remining.coming.analyzer.Main
Caused by: java.lang.ClassNotFoundException: fr.inria.sacha.remining.coming.analyzer.Main
",1,
/app/data/coming_data/pair_00848,False,"Error: Could not find or load main class fr.inria.sacha.remining.coming.analyzer.Main
Caused by: java.lang.ClassNotFoundException: fr.inria.sacha.remining.coming.analyzer.Main
",1,
/app/data/coming_data/pair_00849,False,"Error: Could not find or load main class fr.inria.sacha.remining.coming.analyzer.Main
Caused by: java.lang.ClassNotFoundException: fr.inria.sacha.remining.coming.analyzer.Main
",1,
/app/data/coming_data/pair_00850,False,"Error: Could not find or load main class fr.inria.sacha.remining.coming.analyzer.Main
Caused by: java.lang.ClassNotFoundException: fr.inria.sacha.remining.coming.analyzer.Main
",1,
/app/data/coming_data/pair_00851,False,"Error: Could not find or load main class fr.inria.sacha.remining.coming.analyzer.Main
Caused by: java.lang.ClassNotFoundException: fr.inria.sacha.remining.coming.analyzer.Main
",1,
/app/data/coming_data/pair_00852,False,"Error: Could not find or load main class fr.inria.sacha.remining.coming.analyzer.Main
Caused by: java.lang.ClassNotFoundException: fr.inria.sacha.remining.coming.analyzer.Main
",1,
/app/data/coming_data/pair_00853,False,"Error: Could not find or load main class fr.inria.sacha.remining.coming.analyzer.Main
Caused by: java.lang.ClassNotFoundException: fr.inria.sacha.remining.coming.analyzer.Main
",1,
/app/data/coming_data/pair_00854,False,"Error: Could not find or load main class fr.inria.sacha.remining.coming.analyzer.Main
Caused by: java.lang.ClassNotFoundException: fr.inria.sacha.remining.coming.analyzer.Main
",1,
/app/data/coming_data/pair_00855,False,"Error: Could not find or load main class fr.inria.sacha.remining.coming.analyzer.Main
Caused by: java.lang.ClassNotFoundException: fr.inria.sacha.remining.coming.analyzer.Main
",1,
/app/data/coming_data/pair_00856,False,"Error: Could not find or load main class fr.inria.sacha.remining.coming.analyzer.Main
Caused by: java.lang.ClassNotFoundException: fr.inria.sacha.remining.coming.analyzer.Main
",1,
/app/data/coming_data/pair_00857,False,"Error: Could not find or load main class fr.inria.sacha.remining.coming.analyzer.Main
Caused by: java.lang.ClassNotFoundException: fr.inria.sacha.remining.coming.analyzer.Main
",1,
/app/data/coming_data/pair_00858,False,"Error: Could not find or load main class fr.inria.sacha.remining.coming.analyzer.Main
Caused by: java.lang.ClassNotFoundException: fr.inria.sacha.remining.coming.analyzer.Main
",1,
/app/data/coming_data/pair_00859,False,"Error: Could not find or load main class fr.inria.sacha.remining.coming.analyzer.Main
Caused by: java.lang.ClassNotFoundException: fr.inria.sacha.remining.coming.analyzer.Main
",1,
/app/data/coming_data/pair_00860,False,"Error: Could not find or load main class fr.inria.sacha.remining.coming.analyzer.Main
Caused by: java.lang.ClassNotFoundException: fr.inria.sacha.remining.coming.analyzer.Main
",1,
/app/data/coming_data/pair_00861,False,"Error: Could not find or load main class fr.inria.sacha.remining.coming.analyzer.Main
Caused by: java.lang.ClassNotFoundException: fr.inria.sacha.remining.coming.analyzer.Main
",1,
/app/data/coming_data/pair_00862,False,"Error: Could not find or load main class fr.inria.sacha.remining.coming.analyzer.Main
Caused by: java.lang.ClassNotFoundException: fr.inria.sacha.remining.coming.analyzer.Main
",1,
/app/data/coming_data/pair_00863,False,"Error: Could not find or load main class fr.inria.sacha.remining.coming.analyzer.Main
Caused by: java.lang.ClassNotFoundException: fr.inria.sacha.remining.coming.analyzer.Main
",1,
/app/data/coming_data/pair_00864,False,"Error: Could not find or load main class fr.inria.sacha.remining.coming.analyzer.Main
Caused by: java.lang.ClassNotFoundException: fr.inria.sacha.remining.coming.analyzer.Main
",1,
/app/data/coming_data/pair_00865,False,"Error: Could not find or load main class fr.inria.sacha.remining.coming.analyzer.Main
Caused by: java.lang.ClassNotFoundException: fr.inria.sacha.remining.coming.analyzer.Main
",1,
/app/data/coming_data/pair_00866,False,"Error: Could not find or load main class fr.inria.sacha.remining.coming.analyzer.Main
Caused by: java.lang.ClassNotFoundException: fr.inria.sacha.remining.coming.analyzer.Main
",1,
/app/data/coming_data/pair_00867,False,"Error: Could not find or load main class fr.inria.sacha.remining.coming.analyzer.Main
Caused by: java.lang.ClassNotFoundException: fr.inria.sacha.remining.coming.analyzer.Main
",1,
/app/data/coming_data/pair_00868,False,"Error: Could not find or load main class fr.inria.sacha.remining.coming.analyzer.Main
Caused by: java.lang.ClassNotFoundException: fr.inria.sacha.remining.coming.analyzer.Main
",1,
/app/data/coming_data/pair_00869,False,"Error: Could not find or load main class fr.inria.sacha.remining.coming.analyzer.Main
Caused by: java.lang.ClassNotFoundException: fr.inria.sacha.remining.coming.analyzer.Main
",1,
/app/data/coming_data/pair_00870,False,"Error: Could not find or load main class fr.inria.sacha.remining.coming.analyzer.Main
Caused by: java.lang.ClassNotFoundException: fr.inria.sacha.remining.coming.analyzer.Main
",1,
/app/data/coming_data/pair_00871,False,"Error: Could not find or load main class fr.inria.sacha.remining.coming.analyzer.Main
Caused by: java.lang.ClassNotFoundException: fr.inria.sacha.remining.coming.analyzer.Main
",1,
/app/data/coming_data/pair_00872,False,"Error: Could not find or load main class fr.inria.sacha.remining.coming.analyzer.Main
Caused by: java.lang.ClassNotFoundException: fr.inria.sacha.remining.coming.analyzer.Main
",1,
/app/data/coming_data/pair_00873,False,"Error: Could not find or load main class fr.inria.sacha.remining.coming.analyzer.Main
Caused by: java.lang.ClassNotFoundException: fr.inria.sacha.remining.coming.analyzer.Main
",1,
/app/data/coming_data/pair_00874,False,"Error: Could not find or load main class fr.inria.sacha.remining.coming.analyzer.Main
Caused by: java.lang.ClassNotFoundException: fr.inria.sacha.remining.coming.analyzer.Main
",1,
/app/data/coming_data/pair_00875,False,"Error: Could not find or load main class fr.inria.sacha.remining.coming.analyzer.Main
Caused by: java.lang.ClassNotFoundException: fr.inria.sacha.remining.coming.analyzer.Main
",1,
/app/data/coming_data/pair_00876,False,"Error: Could not find or load main class fr.inria.sacha.remining.coming.analyzer.Main
Caused by: java.lang.ClassNotFoundException: fr.inria.sacha.remining.coming.analyzer.Main
",1,
/app/data/coming_data/pair_00877,False,"Error: Could not find or load main class fr.inria.sacha.remining.coming.analyzer.Main
Caused by: java.lang.ClassNotFoundException: fr.inria.sacha.remining.coming.analyzer.Main
",1,
/app/data/coming_data/pair_00878,False,"Error: Could not find or load main class fr.inria.sacha.remining.coming.analyzer.Main
Caused by: java.lang.ClassNotFoundException: fr.inria.sacha.remining.coming.analyzer.Main
",1,
/app/data/coming_data/pair_00879,False,"Error: Could not find or load main class fr.inria.sacha.remining.coming.analyzer.Main
Caused by: java.lang.ClassNotFoundException: fr.inria.sacha.remining.coming.analyzer.Main
",1,
/app/data/coming_data/pair_00880,False,"Error: Could not find or load main class fr.inria.sacha.remining.coming.analyzer.Main
Caused by: java.lang.ClassNotFoundException: fr.inria.sacha.remining.coming.analyzer.Main
",1,
/app/data/coming_data/pair_00881,False,"Error: Could not find or load main class fr.inria.sacha.remining.coming.analyzer.Main
Caused by: java.lang.ClassNotFoundException: fr.inria.sacha.remining.coming.analyzer.Main
",1,
/app/data/coming_data/pair_00882,False,"Error: Could not find or load main class fr.inria.sacha.remining.coming.analyzer.Main
Caused by: java.lang.ClassNotFoundException: fr.inria.sacha.remining.coming.analyzer.Main
",1,
/app/data/coming_data/pair_00883,False,"Error: Could not find or load main class fr.inria.sacha.remining.coming.analyzer.Main
Caused by: java.lang.ClassNotFoundException: fr.inria.sacha.remining.coming.analyzer.Main
",1,
/app/data/coming_data/pair_00884,False,"Error: Could not find or load main class fr.inria.sacha.remining.coming.analyzer.Main
Caused by: java.lang.ClassNotFoundException: fr.inria.sacha.remining.coming.analyzer.Main
",1,
/app/data/coming_data/pair_00885,False,"Error: Could not find or load main class fr.inria.sacha.remining.coming.analyzer.Main
Caused by: java.lang.ClassNotFoundException: fr.inria.sacha.remining.coming.analyzer.Main
",1,
/app/data/coming_data/pair_00886,False,"Error: Could not find or load main class fr.inria.sacha.remining.coming.analyzer.Main
Caused by: java.lang.ClassNotFoundException: fr.inria.sacha.remining.coming.analyzer.Main
",1,
/app/data/coming_data/pair_00887,False,"Error: Could not find or load main class fr.inria.sacha.remining.coming.analyzer.Main
Caused by: java.lang.ClassNotFoundException: fr.inria.sacha.remining.coming.analyzer.Main
",1,
/app/data/coming_data/pair_00888,False,"Error: Could not find or load main class fr.inria.sacha.remining.coming.analyzer.Main
Caused by: java.lang.ClassNotFoundException: fr.inria.sacha.remining.coming.analyzer.Main
",1,
/app/data/coming_data/pair_00889,False,"Error: Could not find or load main class fr.inria.sacha.remining.coming.analyzer.Main
Caused by: java.lang.ClassNotFoundException: fr.inria.sacha.remining.coming.analyzer.Main
",1,
/app/data/coming_data/pair_00890,False,"Error: Could not find or load main class fr.inria.sacha.remining.coming.analyzer.Main
Caused by: java.lang.ClassNotFoundException: fr.inria.sacha.remining.coming.analyzer.Main
",1,
/app/data/coming_data/pair_00891,False,"Error: Could not find or load main class fr.inria.sacha.remining.coming.analyzer.Main
Caused by: java.lang.ClassNotFoundException: fr.inria.sacha.remining.coming.analyzer.Main
",1,
/app/data/coming_data/pair_00892,False,"Error: Could not find or load main class fr.inria.sacha.remining.coming.analyzer.Main
Caused by: java.lang.ClassNotFoundException: fr.inria.sacha.remining.coming.analyzer.Main
",1,
/app/data/coming_data/pair_00893,False,"Error: Could not find or load main class fr.inria.sacha.remining.coming.analyzer.Main
Caused by: java.lang.ClassNotFoundException: fr.inria.sacha.remining.coming.analyzer.Main
",1,
/app/data/coming_data/pair_00894,False,"Error: Could not find or load main class fr.inria.sacha.remining.coming.analyzer.Main
Caused by: java.lang.ClassNotFoundException: fr.inria.sacha.remining.coming.analyzer.Main
",1,
/app/data/coming_data/pair_00895,False,"Error: Could not find or load main class fr.inria.sacha.remining.coming.analyzer.Main
Caused by: java.lang.ClassNotFoundException: fr.inria.sacha.remining.coming.analyzer.Main
",1,
/app/data/coming_data/pair_00896,False,"Error: Could not find or load main class fr.inria.sacha.remining.coming.analyzer.Main
Caused by: java.lang.ClassNotFoundException: fr.inria.sacha.remining.coming.analyzer.Main
",1,
/app/data/coming_data/pair_00897,False,"Error: Could not find or load main class fr.inria.sacha.remining.coming.analyzer.Main
Caused by: java.lang.ClassNotFoundException: fr.inria.sacha.remining.coming.analyzer.Main
",1,
/app/data/coming_data/pair_00898,False,"Error: Could not find or load main class fr.inria.sacha.remining.coming.analyzer.Main
Caused by: java.lang.ClassNotFoundException: fr.inria.sacha.remining.coming.analyzer.Main
",1,
/app/data/coming_data/pair_00899,False,"Error: Could not find or load main class fr.inria.sacha.remining.coming.analyzer.Main
Caused by: java.lang.ClassNotFoundException: fr.inria.sacha.remining.coming.analyzer.Main
",1,
/app/data/coming_data/pair_00900,False,"Error: Could not find or load main class fr.inria.sacha.remining.coming.analyzer.Main
Caused by: java.lang.ClassNotFoundException: fr.inria.sacha.remining.coming.analyzer.Main
",1,
/app/data/coming_data/pair_00901,False,"Error: Could not find or load main class fr.inria.sacha.remining.coming.analyzer.Main
Caused by: java.lang.ClassNotFoundException: fr.inria.sacha.remining.coming.analyzer.Main
",1,
/app/data/coming_data/pair_00902,False,"Error: Could not find or load main class fr.inria.sacha.remining.coming.analyzer.Main
Caused by: java.lang.ClassNotFoundException: fr.inria.sacha.remining.coming.analyzer.Main
",1,
/app/data/coming_data/pair_00903,False,"Error: Could not find or load main class fr.inria.sacha.remining.coming.analyzer.Main
Caused by: java.lang.ClassNotFoundException: fr.inria.sacha.remining.coming.analyzer.Main
",1,
/app/data/coming_data/pair_00904,False,"Error: Could not find or load main class fr.inria.sacha.remining.coming.analyzer.Main
Caused by: java.lang.ClassNotFoundException: fr.inria.sacha.remining.coming.analyzer.Main
",1,
/app/data/coming_data/pair_00905,False,"Error: Could not find or load main class fr.inria.sacha.remining.coming.analyzer.Main
Caused by: java.lang.ClassNotFoundException: fr.inria.sacha.remining.coming.analyzer.Main
",1,
/app/data/coming_data/pair_00906,False,"Error: Could not find or load main class fr.inria.sacha.remining.coming.analyzer.Main
Caused by: java.lang.ClassNotFoundException: fr.inria.sacha.remining.coming.analyzer.Main
",1,
/app/data/coming_data/pair_00907,False,"Error: Could not find or load main class fr.inria.sacha.remining.coming.analyzer.Main
Caused by: java.lang.ClassNotFoundException: fr.inria.sacha.remining.coming.analyzer.Main
",1,
/app/data/coming_data/pair_00908,False,"Error: Could not find or load main class fr.inria.sacha.remining.coming.analyzer.Main
Caused by: java.lang.ClassNotFoundException: fr.inria.sacha.remining.coming.analyzer.Main
",1,
/app/data/coming_data/pair_00909,False,"Error: Could not find or load main class fr.inria.sacha.remining.coming.analyzer.Main
Caused by: java.lang.ClassNotFoundException: fr.inria.sacha.remining.coming.analyzer.Main
",1,
/app/data/coming_data/pair_00910,False,"Error: Could not find or load main class fr.inria.sacha.remining.coming.analyzer.Main
Caused by: java.lang.ClassNotFoundException: fr.inria.sacha.remining.coming.analyzer.Main
",1,
/app/data/coming_data/pair_00911,False,"Error: Could not find or load main class fr.inria.sacha.remining.coming.analyzer.Main
Caused by: java.lang.ClassNotFoundException: fr.inria.sacha.remining.coming.analyzer.Main
",1,
/app/data/coming_data/pair_00912,False,"Error: Could not find or load main class fr.inria.sacha.remining.coming.analyzer.Main
Caused by: java.lang.ClassNotFoundException: fr.inria.sacha.remining.coming.analyzer.Main
",1,
/app/data/coming_data/pair_00913,False,"Error: Could not find or load main class fr.inria.sacha.remining.coming.analyzer.Main
Caused by: java.lang.ClassNotFoundException: fr.inria.sacha.remining.coming.analyzer.Main
",1,
/app/data/coming_data/pair_00914,False,"Error: Could not find or load main class fr.inria.sacha.remining.coming.analyzer.Main
Caused by: java.lang.ClassNotFoundException: fr.inria.sacha.remining.coming.analyzer.Main
",1,
/app/data/coming_data/pair_00915,False,"Error: Could not find or load main class fr.inria.sacha.remining.coming.analyzer.Main
Caused by: java.lang.ClassNotFoundException: fr.inria.sacha.remining.coming.analyzer.Main
",1,
/app/data/coming_data/pair_00916,False,"Error: Could not find or load main class fr.inria.sacha.remining.coming.analyzer.Main
Caused by: java.lang.ClassNotFoundException: fr.inria.sacha.remining.coming.analyzer.Main
",1,
/app/data/coming_data/pair_00917,False,"Error: Could not find or load main class fr.inria.sacha.remining.coming.analyzer.Main
Caused by: java.lang.ClassNotFoundException: fr.inria.sacha.remining.coming.analyzer.Main
",1,
/app/data/coming_data/pair_00918,False,"Error: Could not find or load main class fr.inria.sacha.remining.coming.analyzer.Main
Caused by: java.lang.ClassNotFoundException: fr.inria.sacha.remining.coming.analyzer.Main
",1,
/app/data/coming_data/pair_00919,False,"Error: Could not find or load main class fr.inria.sacha.remining.coming.analyzer.Main
Caused by: java.lang.ClassNotFoundException: fr.inria.sacha.remining.coming.analyzer.Main
",1,
/app/data/coming_data/pair_00920,False,"Error: Could not find or load main class fr.inria.sacha.remining.coming.analyzer.Main
Caused by: java.lang.ClassNotFoundException: fr.inria.sacha.remining.coming.analyzer.Main
",1,
/app/data/coming_data/pair_00921,False,"Error: Could not find or load main class fr.inria.sacha.remining.coming.analyzer.Main
Caused by: java.lang.ClassNotFoundException: fr.inria.sacha.remining.coming.analyzer.Main
",1,
/app/data/coming_data/pair_00922,False,"Error: Could not find or load main class fr.inria.sacha.remining.coming.analyzer.Main
Caused by: java.lang.ClassNotFoundException: fr.inria.sacha.remining.coming.analyzer.Main
",1,
/app/data/coming_data/pair_00923,False,"Error: Could not find or load main class fr.inria.sacha.remining.coming.analyzer.Main
Caused by: java.lang.ClassNotFoundException: fr.inria.sacha.remining.coming.analyzer.Main
",1,
/app/data/coming_data/pair_00924,False,"Error: Could not find or load main class fr.inria.sacha.remining.coming.analyzer.Main
Caused by: java.lang.ClassNotFoundException: fr.inria.sacha.remining.coming.analyzer.Main
",1,
/app/data/coming_data/pair_00925,False,"Error: Could not find or load main class fr.inria.sacha.remining.coming.analyzer.Main
Caused by: java.lang.ClassNotFoundException: fr.inria.sacha.remining.coming.analyzer.Main
",1,
/app/data/coming_data/pair_00926,False,"Error: Could not find or load main class fr.inria.sacha.remining.coming.analyzer.Main
Caused by: java.lang.ClassNotFoundException: fr.inria.sacha.remining.coming.analyzer.Main
",1,
/app/data/coming_data/pair_00927,False,"Error: Could not find or load main class fr.inria.sacha.remining.coming.analyzer.Main
Caused by: java.lang.ClassNotFoundException: fr.inria.sacha.remining.coming.analyzer.Main
",1,
/app/data/coming_data/pair_00928,False,"Error: Could not find or load main class fr.inria.sacha.remining.coming.analyzer.Main
Caused by: java.lang.ClassNotFoundException: fr.inria.sacha.remining.coming.analyzer.Main
",1,
/app/data/coming_data/pair_00929,False,"Error: Could not find or load main class fr.inria.sacha.remining.coming.analyzer.Main
Caused by: java.lang.ClassNotFoundException: fr.inria.sacha.remining.coming.analyzer.Main
",1,
/app/data/coming_data/pair_00930,False,"Error: Could not find or load main class fr.inria.sacha.remining.coming.analyzer.Main
Caused by: java.lang.ClassNotFoundException: fr.inria.sacha.remining.coming.analyzer.Main
",1,
/app/data/coming_data/pair_00931,False,"Error: Could not find or load main class fr.inria.sacha.remining.coming.analyzer.Main
Caused by: java.lang.ClassNotFoundException: fr.inria.sacha.remining.coming.analyzer.Main
",1,
/app/data/coming_data/pair_00932,False,"Error: Could not find or load main class fr.inria.sacha.remining.coming.analyzer.Main
Caused by: java.lang.ClassNotFoundException: fr.inria.sacha.remining.coming.analyzer.Main
",1,
/app/data/coming_data/pair_00933,False,"Error: Could not find or load main class fr.inria.sacha.remining.coming.analyzer.Main
Caused by: java.lang.ClassNotFoundException: fr.inria.sacha.remining.coming.analyzer.Main
",1,
/app/data/coming_data/pair_00934,False,"Error: Could not find or load main class fr.inria.sacha.remining.coming.analyzer.Main
Caused by: java.lang.ClassNotFoundException: fr.inria.sacha.remining.coming.analyzer.Main
",1,
/app/data/coming_data/pair_00935,False,"Error: Could not find or load main class fr.inria.sacha.remining.coming.analyzer.Main
Caused by: java.lang.ClassNotFoundException: fr.inria.sacha.remining.coming.analyzer.Main
",1,
/app/data/coming_data/pair_00936,False,"Error: Could not find or load main class fr.inria.sacha.remining.coming.analyzer.Main
Caused by: java.lang.ClassNotFoundException: fr.inria.sacha.remining.coming.analyzer.Main
",1,
/app/data/coming_data/pair_00937,False,"Error: Could not find or load main class fr.inria.sacha.remining.coming.analyzer.Main
Caused by: java.lang.ClassNotFoundException: fr.inria.sacha.remining.coming.analyzer.Main
",1,
/app/data/coming_data/pair_00938,False,"Error: Could not find or load main class fr.inria.sacha.remining.coming.analyzer.Main
Caused by: java.lang.ClassNotFoundException: fr.inria.sacha.remining.coming.analyzer.Main
",1,
/app/data/coming_data/pair_00939,False,"Error: Could not find or load main class fr.inria.sacha.remining.coming.analyzer.Main
Caused by: java.lang.ClassNotFoundException: fr.inria.sacha.remining.coming.analyzer.Main
",1,
/app/data/coming_data/pair_00940,False,"Error: Could not find or load main class fr.inria.sacha.remining.coming.analyzer.Main
Caused by: java.lang.ClassNotFoundException: fr.inria.sacha.remining.coming.analyzer.Main
",1,
/app/data/coming_data/pair_00941,False,"Error: Could not find or load main class fr.inria.sacha.remining.coming.analyzer.Main
Caused by: java.lang.ClassNotFoundException: fr.inria.sacha.remining.coming.analyzer.Main
",1,
/app/data/coming_data/pair_00942,False,"Error: Could not find or load main class fr.inria.sacha.remining.coming.analyzer.Main
Caused by: java.lang.ClassNotFoundException: fr.inria.sacha.remining.coming.analyzer.Main
",1,
/app/data/coming_data/pair_00943,False,"Error: Could not find or load main class fr.inria.sacha.remining.coming.analyzer.Main
Caused by: java.lang.ClassNotFoundException: fr.inria.sacha.remining.coming.analyzer.Main
",1,
/app/data/coming_data/pair_00944,False,"Error: Could not find or load main class fr.inria.sacha.remining.coming.analyzer.Main
Caused by: java.lang.ClassNotFoundException: fr.inria.sacha.remining.coming.analyzer.Main
",1,
/app/data/coming_data/pair_00945,False,"Error: Could not find or load main class fr.inria.sacha.remining.coming.analyzer.Main
Caused by: java.lang.ClassNotFoundException: fr.inria.sacha.remining.coming.analyzer.Main
",1,
/app/data/coming_data/pair_00946,False,"Error: Could not find or load main class fr.inria.sacha.remining.coming.analyzer.Main
Caused by: java.lang.ClassNotFoundException: fr.inria.sacha.remining.coming.analyzer.Main
",1,
/app/data/coming_data/pair_00947,False,"Error: Could not find or load main class fr.inria.sacha.remining.coming.analyzer.Main
Caused by: java.lang.ClassNotFoundException: fr.inria.sacha.remining.coming.analyzer.Main
",1,
/app/data/coming_data/pair_00948,False,"Error: Could not find or load main class fr.inria.sacha.remining.coming.analyzer.Main
Caused by: java.lang.ClassNotFoundException: fr.inria.sacha.remining.coming.analyzer.Main
",1,
/app/data/coming_data/pair_00949,False,"Error: Could not find or load main class fr.inria.sacha.remining.coming.analyzer.Main
Caused by: java.lang.ClassNotFoundException: fr.inria.sacha.remining.coming.analyzer.Main
",1,
/app/data/coming_data/pair_00950,False,"Error: Could not find or load main class fr.inria.sacha.remining.coming.analyzer.Main
Caused by: java.lang.ClassNotFoundException: fr.inria.sacha.remining.coming.analyzer.Main
",1,
/app/data/coming_data/pair_00951,False,"Error: Could not find or load main class fr.inria.sacha.remining.coming.analyzer.Main
Caused by: java.lang.ClassNotFoundException: fr.inria.sacha.remining.coming.analyzer.Main
",1,
/app/data/coming_data/pair_00952,False,"Error: Could not find or load main class fr.inria.sacha.remining.coming.analyzer.Main
Caused by: java.lang.ClassNotFoundException: fr.inria.sacha.remining.coming.analyzer.Main
",1,
/app/data/coming_data/pair_00953,False,"Error: Could not find or load main class fr.inria.sacha.remining.coming.analyzer.Main
Caused by: java.lang.ClassNotFoundException: fr.inria.sacha.remining.coming.analyzer.Main
",1,
/app/data/coming_data/pair_00954,False,"Error: Could not find or load main class fr.inria.sacha.remining.coming.analyzer.Main
Caused by: java.lang.ClassNotFoundException: fr.inria.sacha.remining.coming.analyzer.Main
",1,
/app/data/coming_data/pair_00955,False,"Error: Could not find or load main class fr.inria.sacha.remining.coming.analyzer.Main
Caused by: java.lang.ClassNotFoundException: fr.inria.sacha.remining.coming.analyzer.Main
",1,
/app/data/coming_data/pair_00956,False,"Error: Could not find or load main class fr.inria.sacha.remining.coming.analyzer.Main
Caused by: java.lang.ClassNotFoundException: fr.inria.sacha.remining.coming.analyzer.Main
",1,
/app/data/coming_data/pair_00957,False,"Error: Could not find or load main class fr.inria.sacha.remining.coming.analyzer.Main
Caused by: java.lang.ClassNotFoundException: fr.inria.sacha.remining.coming.analyzer.Main
",1,
/app/data/coming_data/pair_00958,False,"Error: Could not find or load main class fr.inria.sacha.remining.coming.analyzer.Main
Caused by: java.lang.ClassNotFoundException: fr.inria.sacha.remining.coming.analyzer.Main
",1,
/app/data/coming_data/pair_00959,False,"Error: Could not find or load main class fr.inria.sacha.remining.coming.analyzer.Main
Caused by: java.lang.ClassNotFoundException: fr.inria.sacha.remining.coming.analyzer.Main
",1,
/app/data/coming_data/pair_00960,False,"Error: Could not find or load main class fr.inria.sacha.remining.coming.analyzer.Main
Caused by: java.lang.ClassNotFoundException: fr.inria.sacha.remining.coming.analyzer.Main
",1,
/app/data/coming_data/pair_00961,False,"Error: Could not find or load main class fr.inria.sacha.remining.coming.analyzer.Main
Caused by: java.lang.ClassNotFoundException: fr.inria.sacha.remining.coming.analyzer.Main
",1,
/app/data/coming_data/pair_00962,False,"Error: Could not find or load main class fr.inria.sacha.remining.coming.analyzer.Main
Caused by: java.lang.ClassNotFoundException: fr.inria.sacha.remining.coming.analyzer.Main
",1,
/app/data/coming_data/pair_00963,False,"Error: Could not find or load main class fr.inria.sacha.remining.coming.analyzer.Main
Caused by: java.lang.ClassNotFoundException: fr.inria.sacha.remining.coming.analyzer.Main
",1,
/app/data/coming_data/pair_00964,False,"Error: Could not find or load main class fr.inria.sacha.remining.coming.analyzer.Main
Caused by: java.lang.ClassNotFoundException: fr.inria.sacha.remining.coming.analyzer.Main
",1,
/app/data/coming_data/pair_00965,False,"Error: Could not find or load main class fr.inria.sacha.remining.coming.analyzer.Main
Caused by: java.lang.ClassNotFoundException: fr.inria.sacha.remining.coming.analyzer.Main
",1,
/app/data/coming_data/pair_00966,False,"Error: Could not find or load main class fr.inria.sacha.remining.coming.analyzer.Main
Caused by: java.lang.ClassNotFoundException: fr.inria.sacha.remining.coming.analyzer.Main
",1,
/app/data/coming_data/pair_00967,False,"Error: Could not find or load main class fr.inria.sacha.remining.coming.analyzer.Main
Caused by: java.lang.ClassNotFoundException: fr.inria.sacha.remining.coming.analyzer.Main
",1,
/app/data/coming_data/pair_00968,False,"Error: Could not find or load main class fr.inria.sacha.remining.coming.analyzer.Main
Caused by: java.lang.ClassNotFoundException: fr.inria.sacha.remining.coming.analyzer.Main
",1,
/app/data/coming_data/pair_00969,False,"Error: Could not find or load main class fr.inria.sacha.remining.coming.analyzer.Main
Caused by: java.lang.ClassNotFoundException: fr.inria.sacha.remining.coming.analyzer.Main
",1,
/app/data/coming_data/pair_00970,False,"Error: Could not find or load main class fr.inria.sacha.remining.coming.analyzer.Main
Caused by: java.lang.ClassNotFoundException: fr.inria.sacha.remining.coming.analyzer.Main
",1,
/app/data/coming_data/pair_00971,False,"Error: Could not find or load main class fr.inria.sacha.remining.coming.analyzer.Main
Caused by: java.lang.ClassNotFoundException: fr.inria.sacha.remining.coming.analyzer.Main
",1,
/app/data/coming_data/pair_00972,False,"Error: Could not find or load main class fr.inria.sacha.remining.coming.analyzer.Main
Caused by: java.lang.ClassNotFoundException: fr.inria.sacha.remining.coming.analyzer.Main
",1,
/app/data/coming_data/pair_00973,False,"Error: Could not find or load main class fr.inria.sacha.remining.coming.analyzer.Main
Caused by: java.lang.ClassNotFoundException: fr.inria.sacha.remining.coming.analyzer.Main
",1,
/app/data/coming_data/pair_00974,False,"Error: Could not find or load main class fr.inria.sacha.remining.coming.analyzer.Main
Caused by: java.lang.ClassNotFoundException: fr.inria.sacha.remining.coming.analyzer.Main
",1,
/app/data/coming_data/pair_00975,False,"Error: Could not find or load main class fr.inria.sacha.remining.coming.analyzer.Main
Caused by: java.lang.ClassNotFoundException: fr.inria.sacha.remining.coming.analyzer.Main
",1,
/app/data/coming_data/pair_00976,False,"Error: Could not find or load main class fr.inria.sacha.remining.coming.analyzer.Main
Caused by: java.lang.ClassNotFoundException: fr.inria.sacha.remining.coming.analyzer.Main
",1,
/app/data/coming_data/pair_00977,False,"Error: Could not find or load main class fr.inria.sacha.remining.coming.analyzer.Main
Caused by: java.lang.ClassNotFoundException: fr.inria.sacha.remining.coming.analyzer.Main
",1,
/app/data/coming_data/pair_00978,False,"Error: Could not find or load main class fr.inria.sacha.remining.coming.analyzer.Main
Caused by: java.lang.ClassNotFoundException: fr.inria.sacha.remining.coming.analyzer.Main
",1,
/app/data/coming_data/pair_00979,False,"Error: Could not find or load main class fr.inria.sacha.remining.coming.analyzer.Main
Caused by: java.lang.ClassNotFoundException: fr.inria.sacha.remining.coming.analyzer.Main
",1,
/app/data/coming_data/pair_00980,False,"Error: Could not find or load main class fr.inria.sacha.remining.coming.analyzer.Main
Caused by: java.lang.ClassNotFoundException: fr.inria.sacha.remining.coming.analyzer.Main
",1,
/app/data/coming_data/pair_00981,False,"Error: Could not find or load main class fr.inria.sacha.remining.coming.analyzer.Main
Caused by: java.lang.ClassNotFoundException: fr.inria.sacha.remining.coming.analyzer.Main
",1,
/app/data/coming_data/pair_00982,False,"Error: Could not find or load main class fr.inria.sacha.remining.coming.analyzer.Main
Caused by: java.lang.ClassNotFoundException: fr.inria.sacha.remining.coming.analyzer.Main
",1,
/app/data/coming_data/pair_00983,False,"Error: Could not find or load main class fr.inria.sacha.remining.coming.analyzer.Main
Caused by: java.lang.ClassNotFoundException: fr.inria.sacha.remining.coming.analyzer.Main
",1,
/app/data/coming_data/pair_00984,False,"Error: Could not find or load main class fr.inria.sacha.remining.coming.analyzer.Main
Caused by: java.lang.ClassNotFoundException: fr.inria.sacha.remining.coming.analyzer.Main
",1,
/app/data/coming_data/pair_00985,False,"Error: Could not find or load main class fr.inria.sacha.remining.coming.analyzer.Main
Caused by: java.lang.ClassNotFoundException: fr.inria.sacha.remining.coming.analyzer.Main
",1,
/app/data/coming_data/pair_00986,False,"Error: Could not find or load main class fr.inria.sacha.remining.coming.analyzer.Main
Caused by: java.lang.ClassNotFoundException: fr.inria.sacha.remining.coming.analyzer.Main
",1,
/app/data/coming_data/pair_00987,False,"Error: Could not find or load main class fr.inria.sacha.remining.coming.analyzer.Main
Caused by: java.lang.ClassNotFoundException: fr.inria.sacha.remining.coming.analyzer.Main
",1,
/app/data/coming_data/pair_00988,False,"Error: Could not find or load main class fr.inria.sacha.remining.coming.analyzer.Main
Caused by: java.lang.ClassNotFoundException: fr.inria.sacha.remining.coming.analyzer.Main
",1,
/app/data/coming_data/pair_00989,False,"Error: Could not find or load main class fr.inria.sacha.remining.coming.analyzer.Main
Caused by: java.lang.ClassNotFoundException: fr.inria.sacha.remining.coming.analyzer.Main
",1,
/app/data/coming_data/pair_00990,False,"Error: Could not find or load main class fr.inria.sacha.remining.coming.analyzer.Main
Caused by: java.lang.ClassNotFoundException: fr.inria.sacha.remining.coming.analyzer.Main
",1,
/app/data/coming_data/pair_00991,False,"Error: Could not find or load main class fr.inria.sacha.remining.coming.analyzer.Main
Caused by: java.lang.ClassNotFoundException: fr.inria.sacha.remining.coming.analyzer.Main
",1,
/app/data/coming_data/pair_00992,False,"Error: Could not find or load main class fr.inria.sacha.remining.coming.analyzer.Main
Caused by: java.lang.ClassNotFoundException: fr.inria.sacha.remining.coming.analyzer.Main
",1,
/app/data/coming_data/pair_00993,False,"Error: Could not find or load main class fr.inria.sacha.remining.coming.analyzer.Main
Caused by: java.lang.ClassNotFoundException: fr.inria.sacha.remining.coming.analyzer.Main
",1,
/app/data/coming_data/pair_00994,False,"Error: Could not find or load main class fr.inria.sacha.remining.coming.analyzer.Main
Caused by: java.lang.ClassNotFoundException: fr.inria.sacha.remining.coming.analyzer.Main
",1,
/app/data/coming_data/pair_00995,False,"Error: Could not find or load main class fr.inria.sacha.remining.coming.analyzer.Main
Caused by: java.lang.ClassNotFoundException: fr.inria.sacha.remining.coming.analyzer.Main
",1,
/app/data/coming_data/pair_00996,False,"Error: Could not find or load main class fr.inria.sacha.remining.coming.analyzer.Main
Caused by: java.lang.ClassNotFoundException: fr.inria.sacha.remining.coming.analyzer.Main
",1,
/app/data/coming_data/pair_00997,False,"Error: Could not find or load main class fr.inria.sacha.remining.coming.analyzer.Main
Caused by: java.lang.ClassNotFoundException: fr.inria.sacha.remining.coming.analyzer.Main
",1,
/app/data/coming_data/pair_00998,False,"Error: Could not find or load main class fr.inria.sacha.remining.coming.analyzer.Main
Caused by: java.lang.ClassNotFoundException: fr.inria.sacha.remining.coming.analyzer.Main
",1,
/app/data/coming_data/pair_00999,False,"Error: Could not find or load main class fr.inria.sacha.remining.coming.analyzer.Main
Caused by: java.lang.ClassNotFoundException: fr.inria.sacha.remining.coming.analyzer.Main
",1,
/app/data/coming_data/pair_01000,False,"Error: Could not find or load main class fr.inria.sacha.remining.coming.analyzer.Main
Caused by: java.lang.ClassNotFoundException: fr.inria.sacha.remining.coming.analyzer.Main
",1,
/app/data/coming_data/pair_01001,False,"Error: Could not find or load main class fr.inria.sacha.remining.coming.analyzer.Main
Caused by: java.lang.ClassNotFoundException: fr.inria.sacha.remining.coming.analyzer.Main
",1,
/app/data/coming_data/pair_01002,False,"Error: Could not find or load main class fr.inria.sacha.remining.coming.analyzer.Main
Caused by: java.lang.ClassNotFoundException: fr.inria.sacha.remining.coming.analyzer.Main
",1,
/app/data/coming_data/pair_01003,False,"Error: Could not find or load main class fr.inria.sacha.remining.coming.analyzer.Main
Caused by: java.lang.ClassNotFoundException: fr.inria.sacha.remining.coming.analyzer.Main
",1,
/app/data/coming_data/pair_01004,False,"Error: Could not find or load main class fr.inria.sacha.remining.coming.analyzer.Main
Caused by: java.lang.ClassNotFoundException: fr.inria.sacha.remining.coming.analyzer.Main
",1,
/app/data/coming_data/pair_01005,False,"Error: Could not find or load main class fr.inria.sacha.remining.coming.analyzer.Main
Caused by: java.lang.ClassNotFoundException: fr.inria.sacha.remining.coming.analyzer.Main
",1,
/app/data/coming_data/pair_01006,False,"Error: Could not find or load main class fr.inria.sacha.remining.coming.analyzer.Main
Caused by: java.lang.ClassNotFoundException: fr.inria.sacha.remining.coming.analyzer.Main
",1,
/app/data/coming_data/pair_01007,False,"Error: Could not find or load main class fr.inria.sacha.remining.coming.analyzer.Main
Caused by: java.lang.ClassNotFoundException: fr.inria.sacha.remining.coming.analyzer.Main
",1,
/app/data/coming_data/pair_01008,False,"Error: Could not find or load main class fr.inria.sacha.remining.coming.analyzer.Main
Caused by: java.lang.ClassNotFoundException: fr.inria.sacha.remining.coming.analyzer.Main
",1,
/app/data/coming_data/pair_01009,False,"Error: Could not find or load main class fr.inria.sacha.remining.coming.analyzer.Main
Caused by: java.lang.ClassNotFoundException: fr.inria.sacha.remining.coming.analyzer.Main
",1,
/app/data/coming_data/pair_01010,False,"Error: Could not find or load main class fr.inria.sacha.remining.coming.analyzer.Main
Caused by: java.lang.ClassNotFoundException: fr.inria.sacha.remining.coming.analyzer.Main
",1,
/app/data/coming_data/pair_01011,False,"Error: Could not find or load main class fr.inria.sacha.remining.coming.analyzer.Main
Caused by: java.lang.ClassNotFoundException: fr.inria.sacha.remining.coming.analyzer.Main
",1,
/app/data/coming_data/pair_01012,False,"Error: Could not find or load main class fr.inria.sacha.remining.coming.analyzer.Main
Caused by: java.lang.ClassNotFoundException: fr.inria.sacha.remining.coming.analyzer.Main
",1,
/app/data/coming_data/pair_01013,False,"Error: Could not find or load main class fr.inria.sacha.remining.coming.analyzer.Main
Caused by: java.lang.ClassNotFoundException: fr.inria.sacha.remining.coming.analyzer.Main
",1,
/app/data/coming_data/pair_01014,False,"Error: Could not find or load main class fr.inria.sacha.remining.coming.analyzer.Main
Caused by: java.lang.ClassNotFoundException: fr.inria.sacha.remining.coming.analyzer.Main
",1,
/app/data/coming_data/pair_01015,False,"Error: Could not find or load main class fr.inria.sacha.remining.coming.analyzer.Main
Caused by: java.lang.ClassNotFoundException: fr.inria.sacha.remining.coming.analyzer.Main
",1,
/app/data/coming_data/pair_01016,False,"Error: Could not find or load main class fr.inria.sacha.remining.coming.analyzer.Main
Caused by: java.lang.ClassNotFoundException: fr.inria.sacha.remining.coming.analyzer.Main
",1,
/app/data/coming_data/pair_01017,False,"Error: Could not find or load main class fr.inria.sacha.remining.coming.analyzer.Main
Caused by: java.lang.ClassNotFoundException: fr.inria.sacha.remining.coming.analyzer.Main
",1,
/app/data/coming_data/pair_01018,False,"Error: Could not find or load main class fr.inria.sacha.remining.coming.analyzer.Main
Caused by: java.lang.ClassNotFoundException: fr.inria.sacha.remining.coming.analyzer.Main
",1,
/app/data/coming_data/pair_01019,False,"Error: Could not find or load main class fr.inria.sacha.remining.coming.analyzer.Main
Caused by: java.lang.ClassNotFoundException: fr.inria.sacha.remining.coming.analyzer.Main
",1,
/app/data/coming_data/pair_01020,False,"Error: Could not find or load main class fr.inria.sacha.remining.coming.analyzer.Main
Caused by: java.lang.ClassNotFoundException: fr.inria.sacha.remining.coming.analyzer.Main
",1,
/app/data/coming_data/pair_01021,False,"Error: Could not find or load main class fr.inria.sacha.remining.coming.analyzer.Main
Caused by: java.lang.ClassNotFoundException: fr.inria.sacha.remining.coming.analyzer.Main
",1,
/app/data/coming_data/pair_01022,False,"Error: Could not find or load main class fr.inria.sacha.remining.coming.analyzer.Main
Caused by: java.lang.ClassNotFoundException: fr.inria.sacha.remining.coming.analyzer.Main
",1,
/app/data/coming_data/pair_01023,False,"Error: Could not find or load main class fr.inria.sacha.remining.coming.analyzer.Main
Caused by: java.lang.ClassNotFoundException: fr.inria.sacha.remining.coming.analyzer.Main
",1,
/app/data/coming_data/pair_01024,False,"Error: Could not find or load main class fr.inria.sacha.remining.coming.analyzer.Main
Caused by: java.lang.ClassNotFoundException: fr.inria.sacha.remining.coming.analyzer.Main
",1,
/app/data/coming_data/pair_01025,False,"Error: Could not find or load main class fr.inria.sacha.remining.coming.analyzer.Main
Caused by: java.lang.ClassNotFoundException: fr.inria.sacha.remining.coming.analyzer.Main
",1,
/app/data/coming_data/pair_01026,False,"Error: Could not find or load main class fr.inria.sacha.remining.coming.analyzer.Main
Caused by: java.lang.ClassNotFoundException: fr.inria.sacha.remining.coming.analyzer.Main
",1,
/app/data/coming_data/pair_01027,False,"Error: Could not find or load main class fr.inria.sacha.remining.coming.analyzer.Main
Caused by: java.lang.ClassNotFoundException: fr.inria.sacha.remining.coming.analyzer.Main
",1,
/app/data/coming_data/pair_01028,False,"Error: Could not find or load main class fr.inria.sacha.remining.coming.analyzer.Main
Caused by: java.lang.ClassNotFoundException: fr.inria.sacha.remining.coming.analyzer.Main
",1,
/app/data/coming_data/pair_01029,False,"Error: Could not find or load main class fr.inria.sacha.remining.coming.analyzer.Main
Caused by: java.lang.ClassNotFoundException: fr.inria.sacha.remining.coming.analyzer.Main
",1,
/app/data/coming_data/pair_01030,False,"Error: Could not find or load main class fr.inria.sacha.remining.coming.analyzer.Main
Caused by: java.lang.ClassNotFoundException: fr.inria.sacha.remining.coming.analyzer.Main
",1,
/app/data/coming_data/pair_01031,False,"Error: Could not find or load main class fr.inria.sacha.remining.coming.analyzer.Main
Caused by: java.lang.ClassNotFoundException: fr.inria.sacha.remining.coming.analyzer.Main
",1,
/app/data/coming_data/pair_01032,False,"Error: Could not find or load main class fr.inria.sacha.remining.coming.analyzer.Main
Caused by: java.lang.ClassNotFoundException: fr.inria.sacha.remining.coming.analyzer.Main
",1,
/app/data/coming_data/pair_01033,False,"Error: Could not find or load main class fr.inria.sacha.remining.coming.analyzer.Main
Caused by: java.lang.ClassNotFoundException: fr.inria.sacha.remining.coming.analyzer.Main
",1,
/app/data/coming_data/pair_01034,False,"Error: Could not find or load main class fr.inria.sacha.remining.coming.analyzer.Main
Caused by: java.lang.ClassNotFoundException: fr.inria.sacha.remining.coming.analyzer.Main
",1,
/app/data/coming_data/pair_01035,False,"Error: Could not find or load main class fr.inria.sacha.remining.coming.analyzer.Main
Caused by: java.lang.ClassNotFoundException: fr.inria.sacha.remining.coming.analyzer.Main
",1,
/app/data/coming_data/pair_01036,False,"Error: Could not find or load main class fr.inria.sacha.remining.coming.analyzer.Main
Caused by: java.lang.ClassNotFoundException: fr.inria.sacha.remining.coming.analyzer.Main
",1,
/app/data/coming_data/pair_01037,False,"Error: Could not find or load main class fr.inria.sacha.remining.coming.analyzer.Main
Caused by: java.lang.ClassNotFoundException: fr.inria.sacha.remining.coming.analyzer.Main
",1,
/app/data/coming_data/pair_01038,False,"Error: Could not find or load main class fr.inria.sacha.remining.coming.analyzer.Main
Caused by: java.lang.ClassNotFoundException: fr.inria.sacha.remining.coming.analyzer.Main
",1,
/app/data/coming_data/pair_01039,False,"Error: Could not find or load main class fr.inria.sacha.remining.coming.analyzer.Main
Caused by: java.lang.ClassNotFoundException: fr.inria.sacha.remining.coming.analyzer.Main
",1,
/app/data/coming_data/pair_01040,False,"Error: Could not find or load main class fr.inria.sacha.remining.coming.analyzer.Main
Caused by: java.lang.ClassNotFoundException: fr.inria.sacha.remining.coming.analyzer.Main
",1,
/app/data/coming_data/pair_01041,False,"Error: Could not find or load main class fr.inria.sacha.remining.coming.analyzer.Main
Caused by: java.lang.ClassNotFoundException: fr.inria.sacha.remining.coming.analyzer.Main
",1,
/app/data/coming_data/pair_01042,False,"Error: Could not find or load main class fr.inria.sacha.remining.coming.analyzer.Main
Caused by: java.lang.ClassNotFoundException: fr.inria.sacha.remining.coming.analyzer.Main
",1,
/app/data/coming_data/pair_01043,False,"Error: Could not find or load main class fr.inria.sacha.remining.coming.analyzer.Main
Caused by: java.lang.ClassNotFoundException: fr.inria.sacha.remining.coming.analyzer.Main
",1,
/app/data/coming_data/pair_01044,False,"Error: Could not find or load main class fr.inria.sacha.remining.coming.analyzer.Main
Caused by: java.lang.ClassNotFoundException: fr.inria.sacha.remining.coming.analyzer.Main
",1,
/app/data/coming_data/pair_01045,False,"Error: Could not find or load main class fr.inria.sacha.remining.coming.analyzer.Main
Caused by: java.lang.ClassNotFoundException: fr.inria.sacha.remining.coming.analyzer.Main
",1,
/app/data/coming_data/pair_01046,False,"Error: Could not find or load main class fr.inria.sacha.remining.coming.analyzer.Main
Caused by: java.lang.ClassNotFoundException: fr.inria.sacha.remining.coming.analyzer.Main
",1,
/app/data/coming_data/pair_01047,False,"Error: Could not find or load main class fr.inria.sacha.remining.coming.analyzer.Main
Caused by: java.lang.ClassNotFoundException: fr.inria.sacha.remining.coming.analyzer.Main
",1,
/app/data/coming_data/pair_01048,False,"Error: Could not find or load main class fr.inria.sacha.remining.coming.analyzer.Main
Caused by: java.lang.ClassNotFoundException: fr.inria.sacha.remining.coming.analyzer.Main
",1,
/app/data/coming_data/pair_01049,False,"Error: Could not find or load main class fr.inria.sacha.remining.coming.analyzer.Main
Caused by: java.lang.ClassNotFoundException: fr.inria.sacha.remining.coming.analyzer.Main
",1,
/app/data/coming_data/pair_01050,False,"Error: Could not find or load main class fr.inria.sacha.remining.coming.analyzer.Main
Caused by: java.lang.ClassNotFoundException: fr.inria.sacha.remining.coming.analyzer.Main
",1,
/app/data/coming_data/pair_01051,False,"Error: Could not find or load main class fr.inria.sacha.remining.coming.analyzer.Main
Caused by: java.lang.ClassNotFoundException: fr.inria.sacha.remining.coming.analyzer.Main
",1,
/app/data/coming_data/pair_01052,False,"Error: Could not find or load main class fr.inria.sacha.remining.coming.analyzer.Main
Caused by: java.lang.ClassNotFoundException: fr.inria.sacha.remining.coming.analyzer.Main
",1,
/app/data/coming_data/pair_01053,False,"Error: Could not find or load main class fr.inria.sacha.remining.coming.analyzer.Main
Caused by: java.lang.ClassNotFoundException: fr.inria.sacha.remining.coming.analyzer.Main
",1,
/app/data/coming_data/pair_01054,False,"Error: Could not find or load main class fr.inria.sacha.remining.coming.analyzer.Main
Caused by: java.lang.ClassNotFoundException: fr.inria.sacha.remining.coming.analyzer.Main
",1,
/app/data/coming_data/pair_01055,False,"Error: Could not find or load main class fr.inria.sacha.remining.coming.analyzer.Main
Caused by: java.lang.ClassNotFoundException: fr.inria.sacha.remining.coming.analyzer.Main
",1,
/app/data/coming_data/pair_01056,False,"Error: Could not find or load main class fr.inria.sacha.remining.coming.analyzer.Main
Caused by: java.lang.ClassNotFoundException: fr.inria.sacha.remining.coming.analyzer.Main
",1,
/app/data/coming_data/pair_01057,False,"Error: Could not find or load main class fr.inria.sacha.remining.coming.analyzer.Main
Caused by: java.lang.ClassNotFoundException: fr.inria.sacha.remining.coming.analyzer.Main
",1,
/app/data/coming_data/pair_01058,False,"Error: Could not find or load main class fr.inria.sacha.remining.coming.analyzer.Main
Caused by: java.lang.ClassNotFoundException: fr.inria.sacha.remining.coming.analyzer.Main
",1,
/app/data/coming_data/pair_01059,False,"Error: Could not find or load main class fr.inria.sacha.remining.coming.analyzer.Main
Caused by: java.lang.ClassNotFoundException: fr.inria.sacha.remining.coming.analyzer.Main
",1,
/app/data/coming_data/pair_01060,False,"Error: Could not find or load main class fr.inria.sacha.remining.coming.analyzer.Main
Caused by: java.lang.ClassNotFoundException: fr.inria.sacha.remining.coming.analyzer.Main
",1,
/app/data/coming_data/pair_01061,False,"Error: Could not find or load main class fr.inria.sacha.remining.coming.analyzer.Main
Caused by: java.lang.ClassNotFoundException: fr.inria.sacha.remining.coming.analyzer.Main
",1,
/app/data/coming_data/pair_01062,False,"Error: Could not find or load main class fr.inria.sacha.remining.coming.analyzer.Main
Caused by: java.lang.ClassNotFoundException: fr.inria.sacha.remining.coming.analyzer.Main
",1,
/app/data/coming_data/pair_01063,False,"Error: Could not find or load main class fr.inria.sacha.remining.coming.analyzer.Main
Caused by: java.lang.ClassNotFoundException: fr.inria.sacha.remining.coming.analyzer.Main
",1,
/app/data/coming_data/pair_01064,False,"Error: Could not find or load main class fr.inria.sacha.remining.coming.analyzer.Main
Caused by: java.lang.ClassNotFoundException: fr.inria.sacha.remining.coming.analyzer.Main
",1,
/app/data/coming_data/pair_01065,False,"Error: Could not find or load main class fr.inria.sacha.remining.coming.analyzer.Main
Caused by: java.lang.ClassNotFoundException: fr.inria.sacha.remining.coming.analyzer.Main
",1,
/app/data/coming_data/pair_01066,False,"Error: Could not find or load main class fr.inria.sacha.remining.coming.analyzer.Main
Caused by: java.lang.ClassNotFoundException: fr.inria.sacha.remining.coming.analyzer.Main
",1,
/app/data/coming_data/pair_01067,False,"Error: Could not find or load main class fr.inria.sacha.remining.coming.analyzer.Main
Caused by: java.lang.ClassNotFoundException: fr.inria.sacha.remining.coming.analyzer.Main
",1,
/app/data/coming_data/pair_01068,False,"Error: Could not find or load main class fr.inria.sacha.remining.coming.analyzer.Main
Caused by: java.lang.ClassNotFoundException: fr.inria.sacha.remining.coming.analyzer.Main
",1,
/app/data/coming_data/pair_01069,False,"Error: Could not find or load main class fr.inria.sacha.remining.coming.analyzer.Main
Caused by: java.lang.ClassNotFoundException: fr.inria.sacha.remining.coming.analyzer.Main
",1,
/app/data/coming_data/pair_01070,False,"Error: Could not find or load main class fr.inria.sacha.remining.coming.analyzer.Main
Caused by: java.lang.ClassNotFoundException: fr.inria.sacha.remining.coming.analyzer.Main
",1,
/app/data/coming_data/pair_01071,False,"Error: Could not find or load main class fr.inria.sacha.remining.coming.analyzer.Main
Caused by: java.lang.ClassNotFoundException: fr.inria.sacha.remining.coming.analyzer.Main
",1,
/app/data/coming_data/pair_01072,False,"Error: Could not find or load main class fr.inria.sacha.remining.coming.analyzer.Main
Caused by: java.lang.ClassNotFoundException: fr.inria.sacha.remining.coming.analyzer.Main
",1,
/app/data/coming_data/pair_01073,False,"Error: Could not find or load main class fr.inria.sacha.remining.coming.analyzer.Main
Caused by: java.lang.ClassNotFoundException: fr.inria.sacha.remining.coming.analyzer.Main
",1,
/app/data/coming_data/pair_01074,False,"Error: Could not find or load main class fr.inria.sacha.remining.coming.analyzer.Main
Caused by: java.lang.ClassNotFoundException: fr.inria.sacha.remining.coming.analyzer.Main
",1,
/app/data/coming_data/pair_01075,False,"Error: Could not find or load main class fr.inria.sacha.remining.coming.analyzer.Main
Caused by: java.lang.ClassNotFoundException: fr.inria.sacha.remining.coming.analyzer.Main
",1,
/app/data/coming_data/pair_01076,False,"Error: Could not find or load main class fr.inria.sacha.remining.coming.analyzer.Main
Caused by: java.lang.ClassNotFoundException: fr.inria.sacha.remining.coming.analyzer.Main
",1,
/app/data/coming_data/pair_01077,False,"Error: Could not find or load main class fr.inria.sacha.remining.coming.analyzer.Main
Caused by: java.lang.ClassNotFoundException: fr.inria.sacha.remining.coming.analyzer.Main
",1,
/app/data/coming_data/pair_01078,False,"Error: Could not find or load main class fr.inria.sacha.remining.coming.analyzer.Main
Caused by: java.lang.ClassNotFoundException: fr.inria.sacha.remining.coming.analyzer.Main
",1,
/app/data/coming_data/pair_01079,False,"Error: Could not find or load main class fr.inria.sacha.remining.coming.analyzer.Main
Caused by: java.lang.ClassNotFoundException: fr.inria.sacha.remining.coming.analyzer.Main
",1,
/app/data/coming_data/pair_01080,False,"Error: Could not find or load main class fr.inria.sacha.remining.coming.analyzer.Main
Caused by: java.lang.ClassNotFoundException: fr.inria.sacha.remining.coming.analyzer.Main
",1,
/app/data/coming_data/pair_01081,False,"Error: Could not find or load main class fr.inria.sacha.remining.coming.analyzer.Main
Caused by: java.lang.ClassNotFoundException: fr.inria.sacha.remining.coming.analyzer.Main
",1,
/app/data/coming_data/pair_01082,False,"Error: Could not find or load main class fr.inria.sacha.remining.coming.analyzer.Main
Caused by: java.lang.ClassNotFoundException: fr.inria.sacha.remining.coming.analyzer.Main
",1,
/app/data/coming_data/pair_01083,False,"Error: Could not find or load main class fr.inria.sacha.remining.coming.analyzer.Main
Caused by: java.lang.ClassNotFoundException: fr.inria.sacha.remining.coming.analyzer.Main
",1,
/app/data/coming_data/pair_01084,False,"Error: Could not find or load main class fr.inria.sacha.remining.coming.analyzer.Main
Caused by: java.lang.ClassNotFoundException: fr.inria.sacha.remining.coming.analyzer.Main
",1,
/app/data/coming_data/pair_01085,False,"Error: Could not find or load main class fr.inria.sacha.remining.coming.analyzer.Main
Caused by: java.lang.ClassNotFoundException: fr.inria.sacha.remining.coming.analyzer.Main
",1,
/app/data/coming_data/pair_01086,False,"Error: Could not find or load main class fr.inria.sacha.remining.coming.analyzer.Main
Caused by: java.lang.ClassNotFoundException: fr.inria.sacha.remining.coming.analyzer.Main
",1,
/app/data/coming_data/pair_01087,False,"Error: Could not find or load main class fr.inria.sacha.remining.coming.analyzer.Main
Caused by: java.lang.ClassNotFoundException: fr.inria.sacha.remining.coming.analyzer.Main
",1,
/app/data/coming_data/pair_01088,False,"Error: Could not find or load main class fr.inria.sacha.remining.coming.analyzer.Main
Caused by: java.lang.ClassNotFoundException: fr.inria.sacha.remining.coming.analyzer.Main
",1,
/app/data/coming_data/pair_01089,False,"Error: Could not find or load main class fr.inria.sacha.remining.coming.analyzer.Main
Caused by: java.lang.ClassNotFoundException: fr.inria.sacha.remining.coming.analyzer.Main
",1,
/app/data/coming_data/pair_01090,False,"Error: Could not find or load main class fr.inria.sacha.remining.coming.analyzer.Main
Caused by: java.lang.ClassNotFoundException: fr.inria.sacha.remining.coming.analyzer.Main
",1,
/app/data/coming_data/pair_01091,False,"Error: Could not find or load main class fr.inria.sacha.remining.coming.analyzer.Main
Caused by: java.lang.ClassNotFoundException: fr.inria.sacha.remining.coming.analyzer.Main
",1,
/app/data/coming_data/pair_01092,False,"Error: Could not find or load main class fr.inria.sacha.remining.coming.analyzer.Main
Caused by: java.lang.ClassNotFoundException: fr.inria.sacha.remining.coming.analyzer.Main
",1,
/app/data/coming_data/pair_01093,False,"Error: Could not find or load main class fr.inria.sacha.remining.coming.analyzer.Main
Caused by: java.lang.ClassNotFoundException: fr.inria.sacha.remining.coming.analyzer.Main
",1,
/app/data/coming_data/pair_01094,False,"Error: Could not find or load main class fr.inria.sacha.remining.coming.analyzer.Main
Caused by: java.lang.ClassNotFoundException: fr.inria.sacha.remining.coming.analyzer.Main
",1,
/app/data/coming_data/pair_01095,False,"Error: Could not find or load main class fr.inria.sacha.remining.coming.analyzer.Main
Caused by: java.lang.ClassNotFoundException: fr.inria.sacha.remining.coming.analyzer.Main
",1,
/app/data/coming_data/pair_01096,False,"Error: Could not find or load main class fr.inria.sacha.remining.coming.analyzer.Main
Caused by: java.lang.ClassNotFoundException: fr.inria.sacha.remining.coming.analyzer.Main
",1,
/app/data/coming_data/pair_01097,False,"Error: Could not find or load main class fr.inria.sacha.remining.coming.analyzer.Main
Caused by: java.lang.ClassNotFoundException: fr.inria.sacha.remining.coming.analyzer.Main
",1,
/app/data/coming_data/pair_01098,False,"Error: Could not find or load main class fr.inria.sacha.remining.coming.analyzer.Main
Caused by: java.lang.ClassNotFoundException: fr.inria.sacha.remining.coming.analyzer.Main
",1,
/app/data/coming_data/pair_01099,False,"Error: Could not find or load main class fr.inria.sacha.remining.coming.analyzer.Main
Caused by: java.lang.ClassNotFoundException: fr.inria.sacha.remining.coming.analyzer.Main
",1,
/app/data/coming_data/pair_01100,False,"Error: Could not find or load main class fr.inria.sacha.remining.coming.analyzer.Main
Caused by: java.lang.ClassNotFoundException: fr.inria.sacha.remining.coming.analyzer.Main
",1,
/app/data/coming_data/pair_01101,False,"Error: Could not find or load main class fr.inria.sacha.remining.coming.analyzer.Main
Caused by: java.lang.ClassNotFoundException: fr.inria.sacha.remining.coming.analyzer.Main
",1,
/app/data/coming_data/pair_01102,False,"Error: Could not find or load main class fr.inria.sacha.remining.coming.analyzer.Main
Caused by: java.lang.ClassNotFoundException: fr.inria.sacha.remining.coming.analyzer.Main
",1,
/app/data/coming_data/pair_01103,False,"Error: Could not find or load main class fr.inria.sacha.remining.coming.analyzer.Main
Caused by: java.lang.ClassNotFoundException: fr.inria.sacha.remining.coming.analyzer.Main
",1,
/app/data/coming_data/pair_01104,False,"Error: Could not find or load main class fr.inria.sacha.remining.coming.analyzer.Main
Caused by: java.lang.ClassNotFoundException: fr.inria.sacha.remining.coming.analyzer.Main
",1,
/app/data/coming_data/pair_01105,False,"Error: Could not find or load main class fr.inria.sacha.remining.coming.analyzer.Main
Caused by: java.lang.ClassNotFoundException: fr.inria.sacha.remining.coming.analyzer.Main
",1,
/app/data/coming_data/pair_01106,False,"Error: Could not find or load main class fr.inria.sacha.remining.coming.analyzer.Main
Caused by: java.lang.ClassNotFoundException: fr.inria.sacha.remining.coming.analyzer.Main
",1,
/app/data/coming_data/pair_01107,False,"Error: Could not find or load main class fr.inria.sacha.remining.coming.analyzer.Main
Caused by: java.lang.ClassNotFoundException: fr.inria.sacha.remining.coming.analyzer.Main
",1,
/app/data/coming_data/pair_01108,False,"Error: Could not find or load main class fr.inria.sacha.remining.coming.analyzer.Main
Caused by: java.lang.ClassNotFoundException: fr.inria.sacha.remining.coming.analyzer.Main
",1,
/app/data/coming_data/pair_01109,False,"Error: Could not find or load main class fr.inria.sacha.remining.coming.analyzer.Main
Caused by: java.lang.ClassNotFoundException: fr.inria.sacha.remining.coming.analyzer.Main
",1,
/app/data/coming_data/pair_01110,False,"Error: Could not find or load main class fr.inria.sacha.remining.coming.analyzer.Main
Caused by: java.lang.ClassNotFoundException: fr.inria.sacha.remining.coming.analyzer.Main
",1,
/app/data/coming_data/pair_01111,False,"Error: Could not find or load main class fr.inria.sacha.remining.coming.analyzer.Main
Caused by: java.lang.ClassNotFoundException: fr.inria.sacha.remining.coming.analyzer.Main
",1,
/app/data/coming_data/pair_01112,False,"Error: Could not find or load main class fr.inria.sacha.remining.coming.analyzer.Main
Caused by: java.lang.ClassNotFoundException: fr.inria.sacha.remining.coming.analyzer.Main
",1,
/app/data/coming_data/pair_01113,False,"Error: Could not find or load main class fr.inria.sacha.remining.coming.analyzer.Main
Caused by: java.lang.ClassNotFoundException: fr.inria.sacha.remining.coming.analyzer.Main
",1,
/app/data/coming_data/pair_01114,False,"Error: Could not find or load main class fr.inria.sacha.remining.coming.analyzer.Main
Caused by: java.lang.ClassNotFoundException: fr.inria.sacha.remining.coming.analyzer.Main
",1,
/app/data/coming_data/pair_01115,False,"Error: Could not find or load main class fr.inria.sacha.remining.coming.analyzer.Main
Caused by: java.lang.ClassNotFoundException: fr.inria.sacha.remining.coming.analyzer.Main
",1,
/app/data/coming_data/pair_01116,False,"Error: Could not find or load main class fr.inria.sacha.remining.coming.analyzer.Main
Caused by: java.lang.ClassNotFoundException: fr.inria.sacha.remining.coming.analyzer.Main
",1,
/app/data/coming_data/pair_01117,False,"Error: Could not find or load main class fr.inria.sacha.remining.coming.analyzer.Main
Caused by: java.lang.ClassNotFoundException: fr.inria.sacha.remining.coming.analyzer.Main
",1,
/app/data/coming_data/pair_01118,False,"Error: Could not find or load main class fr.inria.sacha.remining.coming.analyzer.Main
Caused by: java.lang.ClassNotFoundException: fr.inria.sacha.remining.coming.analyzer.Main
",1,
/app/data/coming_data/pair_01119,False,"Error: Could not find or load main class fr.inria.sacha.remining.coming.analyzer.Main
Caused by: java.lang.ClassNotFoundException: fr.inria.sacha.remining.coming.analyzer.Main
",1,
/app/data/coming_data/pair_01120,False,"Error: Could not find or load main class fr.inria.sacha.remining.coming.analyzer.Main
Caused by: java.lang.ClassNotFoundException: fr.inria.sacha.remining.coming.analyzer.Main
",1,
/app/data/coming_data/pair_01121,False,"Error: Could not find or load main class fr.inria.sacha.remining.coming.analyzer.Main
Caused by: java.lang.ClassNotFoundException: fr.inria.sacha.remining.coming.analyzer.Main
",1,
/app/data/coming_data/pair_01122,False,"Error: Could not find or load main class fr.inria.sacha.remining.coming.analyzer.Main
Caused by: java.lang.ClassNotFoundException: fr.inria.sacha.remining.coming.analyzer.Main
",1,
/app/data/coming_data/pair_01123,False,"Error: Could not find or load main class fr.inria.sacha.remining.coming.analyzer.Main
Caused by: java.lang.ClassNotFoundException: fr.inria.sacha.remining.coming.analyzer.Main
",1,
/app/data/coming_data/pair_01124,False,"Error: Could not find or load main class fr.inria.sacha.remining.coming.analyzer.Main
Caused by: java.lang.ClassNotFoundException: fr.inria.sacha.remining.coming.analyzer.Main
",1,
/app/data/coming_data/pair_01125,False,"Error: Could not find or load main class fr.inria.sacha.remining.coming.analyzer.Main
Caused by: java.lang.ClassNotFoundException: fr.inria.sacha.remining.coming.analyzer.Main
",1,
/app/data/coming_data/pair_01126,False,"Error: Could not find or load main class fr.inria.sacha.remining.coming.analyzer.Main
Caused by: java.lang.ClassNotFoundException: fr.inria.sacha.remining.coming.analyzer.Main
",1,
/app/data/coming_data/pair_01127,False,"Error: Could not find or load main class fr.inria.sacha.remining.coming.analyzer.Main
Caused by: java.lang.ClassNotFoundException: fr.inria.sacha.remining.coming.analyzer.Main
",1,
/app/data/coming_data/pair_01128,False,"Error: Could not find or load main class fr.inria.sacha.remining.coming.analyzer.Main
Caused by: java.lang.ClassNotFoundException: fr.inria.sacha.remining.coming.analyzer.Main
",1,
/app/data/coming_data/pair_01129,False,"Error: Could not find or load main class fr.inria.sacha.remining.coming.analyzer.Main
Caused by: java.lang.ClassNotFoundException: fr.inria.sacha.remining.coming.analyzer.Main
",1,
/app/data/coming_data/pair_01130,False,"Error: Could not find or load main class fr.inria.sacha.remining.coming.analyzer.Main
Caused by: java.lang.ClassNotFoundException: fr.inria.sacha.remining.coming.analyzer.Main
",1,
/app/data/coming_data/pair_01131,False,"Error: Could not find or load main class fr.inria.sacha.remining.coming.analyzer.Main
Caused by: java.lang.ClassNotFoundException: fr.inria.sacha.remining.coming.analyzer.Main
",1,
/app/data/coming_data/pair_01132,False,"Error: Could not find or load main class fr.inria.sacha.remining.coming.analyzer.Main
Caused by: java.lang.ClassNotFoundException: fr.inria.sacha.remining.coming.analyzer.Main
",1,
/app/data/coming_data/pair_01133,False,"Error: Could not find or load main class fr.inria.sacha.remining.coming.analyzer.Main
Caused by: java.lang.ClassNotFoundException: fr.inria.sacha.remining.coming.analyzer.Main
",1,
/app/data/coming_data/pair_01134,False,"Error: Could not find or load main class fr.inria.sacha.remining.coming.analyzer.Main
Caused by: java.lang.ClassNotFoundException: fr.inria.sacha.remining.coming.analyzer.Main
",1,
/app/data/coming_data/pair_01135,False,"Error: Could not find or load main class fr.inria.sacha.remining.coming.analyzer.Main
Caused by: java.lang.ClassNotFoundException: fr.inria.sacha.remining.coming.analyzer.Main
",1,
/app/data/coming_data/pair_01136,False,"Error: Could not find or load main class fr.inria.sacha.remining.coming.analyzer.Main
Caused by: java.lang.ClassNotFoundException: fr.inria.sacha.remining.coming.analyzer.Main
",1,
/app/data/coming_data/pair_01137,False,"Error: Could not find or load main class fr.inria.sacha.remining.coming.analyzer.Main
Caused by: java.lang.ClassNotFoundException: fr.inria.sacha.remining.coming.analyzer.Main
",1,
/app/data/coming_data/pair_01138,False,"Error: Could not find or load main class fr.inria.sacha.remining.coming.analyzer.Main
Caused by: java.lang.ClassNotFoundException: fr.inria.sacha.remining.coming.analyzer.Main
",1,
/app/data/coming_data/pair_01139,False,"Error: Could not find or load main class fr.inria.sacha.remining.coming.analyzer.Main
Caused by: java.lang.ClassNotFoundException: fr.inria.sacha.remining.coming.analyzer.Main
",1,
/app/data/coming_data/pair_01140,False,"Error: Could not find or load main class fr.inria.sacha.remining.coming.analyzer.Main
Caused by: java.lang.ClassNotFoundException: fr.inria.sacha.remining.coming.analyzer.Main
",1,
/app/data/coming_data/pair_01141,False,"Error: Could not find or load main class fr.inria.sacha.remining.coming.analyzer.Main
Caused by: java.lang.ClassNotFoundException: fr.inria.sacha.remining.coming.analyzer.Main
",1,
/app/data/coming_data/pair_01142,False,"Error: Could not find or load main class fr.inria.sacha.remining.coming.analyzer.Main
Caused by: java.lang.ClassNotFoundException: fr.inria.sacha.remining.coming.analyzer.Main
",1,
/app/data/coming_data/pair_01143,False,"Error: Could not find or load main class fr.inria.sacha.remining.coming.analyzer.Main
Caused by: java.lang.ClassNotFoundException: fr.inria.sacha.remining.coming.analyzer.Main
",1,
/app/data/coming_data/pair_01144,False,"Error: Could not find or load main class fr.inria.sacha.remining.coming.analyzer.Main
Caused by: java.lang.ClassNotFoundException: fr.inria.sacha.remining.coming.analyzer.Main
",1,
/app/data/coming_data/pair_01145,False,"Error: Could not find or load main class fr.inria.sacha.remining.coming.analyzer.Main
Caused by: java.lang.ClassNotFoundException: fr.inria.sacha.remining.coming.analyzer.Main
",1,
/app/data/coming_data/pair_01146,False,"Error: Could not find or load main class fr.inria.sacha.remining.coming.analyzer.Main
Caused by: java.lang.ClassNotFoundException: fr.inria.sacha.remining.coming.analyzer.Main
",1,
/app/data/coming_data/pair_01147,False,"Error: Could not find or load main class fr.inria.sacha.remining.coming.analyzer.Main
Caused by: java.lang.ClassNotFoundException: fr.inria.sacha.remining.coming.analyzer.Main
",1,
/app/data/coming_data/pair_01148,False,"Error: Could not find or load main class fr.inria.sacha.remining.coming.analyzer.Main
Caused by: java.lang.ClassNotFoundException: fr.inria.sacha.remining.coming.analyzer.Main
",1,
/app/data/coming_data/pair_01149,False,"Error: Could not find or load main class fr.inria.sacha.remining.coming.analyzer.Main
Caused by: java.lang.ClassNotFoundException: fr.inria.sacha.remining.coming.analyzer.Main
",1,
/app/data/coming_data/pair_01150,False,"Error: Could not find or load main class fr.inria.sacha.remining.coming.analyzer.Main
Caused by: java.lang.ClassNotFoundException: fr.inria.sacha.remining.coming.analyzer.Main
",1,
/app/data/coming_data/pair_01151,False,"Error: Could not find or load main class fr.inria.sacha.remining.coming.analyzer.Main
Caused by: java.lang.ClassNotFoundException: fr.inria.sacha.remining.coming.analyzer.Main
",1,
/app/data/coming_data/pair_01152,False,"Error: Could not find or load main class fr.inria.sacha.remining.coming.analyzer.Main
Caused by: java.lang.ClassNotFoundException: fr.inria.sacha.remining.coming.analyzer.Main
",1,
/app/data/coming_data/pair_01153,False,"Error: Could not find or load main class fr.inria.sacha.remining.coming.analyzer.Main
Caused by: java.lang.ClassNotFoundException: fr.inria.sacha.remining.coming.analyzer.Main
",1,
/app/data/coming_data/pair_01154,False,"Error: Could not find or load main class fr.inria.sacha.remining.coming.analyzer.Main
Caused by: java.lang.ClassNotFoundException: fr.inria.sacha.remining.coming.analyzer.Main
",1,
/app/data/coming_data/pair_01155,False,"Error: Could not find or load main class fr.inria.sacha.remining.coming.analyzer.Main
Caused by: java.lang.ClassNotFoundException: fr.inria.sacha.remining.coming.analyzer.Main
",1,
/app/data/coming_data/pair_01156,False,"Error: Could not find or load main class fr.inria.sacha.remining.coming.analyzer.Main
Caused by: java.lang.ClassNotFoundException: fr.inria.sacha.remining.coming.analyzer.Main
",1,
/app/data/coming_data/pair_01157,False,"Error: Could not find or load main class fr.inria.sacha.remining.coming.analyzer.Main
Caused by: java.lang.ClassNotFoundException: fr.inria.sacha.remining.coming.analyzer.Main
",1,
/app/data/coming_data/pair_01158,False,"Error: Could not find or load main class fr.inria.sacha.remining.coming.analyzer.Main
Caused by: java.lang.ClassNotFoundException: fr.inria.sacha.remining.coming.analyzer.Main
",1,
/app/data/coming_data/pair_01159,False,"Error: Could not find or load main class fr.inria.sacha.remining.coming.analyzer.Main
Caused by: java.lang.ClassNotFoundException: fr.inria.sacha.remining.coming.analyzer.Main
",1,
/app/data/coming_data/pair_01160,False,"Error: Could not find or load main class fr.inria.sacha.remining.coming.analyzer.Main
Caused by: java.lang.ClassNotFoundException: fr.inria.sacha.remining.coming.analyzer.Main
",1,
/app/data/coming_data/pair_01161,False,"Error: Could not find or load main class fr.inria.sacha.remining.coming.analyzer.Main
Caused by: java.lang.ClassNotFoundException: fr.inria.sacha.remining.coming.analyzer.Main
",1,
/app/data/coming_data/pair_01162,False,"Error: Could not find or load main class fr.inria.sacha.remining.coming.analyzer.Main
Caused by: java.lang.ClassNotFoundException: fr.inria.sacha.remining.coming.analyzer.Main
",1,
/app/data/coming_data/pair_01163,False,"Error: Could not find or load main class fr.inria.sacha.remining.coming.analyzer.Main
Caused by: java.lang.ClassNotFoundException: fr.inria.sacha.remining.coming.analyzer.Main
",1,
/app/data/coming_data/pair_01164,False,"Error: Could not find or load main class fr.inria.sacha.remining.coming.analyzer.Main
Caused by: java.lang.ClassNotFoundException: fr.inria.sacha.remining.coming.analyzer.Main
",1,
/app/data/coming_data/pair_01165,False,"Error: Could not find or load main class fr.inria.sacha.remining.coming.analyzer.Main
Caused by: java.lang.ClassNotFoundException: fr.inria.sacha.remining.coming.analyzer.Main
",1,
/app/data/coming_data/pair_01166,False,"Error: Could not find or load main class fr.inria.sacha.remining.coming.analyzer.Main
Caused by: java.lang.ClassNotFoundException: fr.inria.sacha.remining.coming.analyzer.Main
",1,
/app/data/coming_data/pair_01167,False,"Error: Could not find or load main class fr.inria.sacha.remining.coming.analyzer.Main
Caused by: java.lang.ClassNotFoundException: fr.inria.sacha.remining.coming.analyzer.Main
",1,
/app/data/coming_data/pair_01168,False,"Error: Could not find or load main class fr.inria.sacha.remining.coming.analyzer.Main
Caused by: java.lang.ClassNotFoundException: fr.inria.sacha.remining.coming.analyzer.Main
",1,
/app/data/coming_data/pair_01169,False,"Error: Could not find or load main class fr.inria.sacha.remining.coming.analyzer.Main
Caused by: java.lang.ClassNotFoundException: fr.inria.sacha.remining.coming.analyzer.Main
",1,
/app/data/coming_data/pair_01170,False,"Error: Could not find or load main class fr.inria.sacha.remining.coming.analyzer.Main
Caused by: java.lang.ClassNotFoundException: fr.inria.sacha.remining.coming.analyzer.Main
",1,
/app/data/coming_data/pair_01171,False,"Error: Could not find or load main class fr.inria.sacha.remining.coming.analyzer.Main
Caused by: java.lang.ClassNotFoundException: fr.inria.sacha.remining.coming.analyzer.Main
",1,
/app/data/coming_data/pair_01172,False,"Error: Could not find or load main class fr.inria.sacha.remining.coming.analyzer.Main
Caused by: java.lang.ClassNotFoundException: fr.inria.sacha.remining.coming.analyzer.Main
",1,
/app/data/coming_data/pair_01173,False,"Error: Could not find or load main class fr.inria.sacha.remining.coming.analyzer.Main
Caused by: java.lang.ClassNotFoundException: fr.inria.sacha.remining.coming.analyzer.Main
",1,
/app/data/coming_data/pair_01174,False,"Error: Could not find or load main class fr.inria.sacha.remining.coming.analyzer.Main
Caused by: java.lang.ClassNotFoundException: fr.inria.sacha.remining.coming.analyzer.Main
",1,
/app/data/coming_data/pair_01175,False,"Error: Could not find or load main class fr.inria.sacha.remining.coming.analyzer.Main
Caused by: java.lang.ClassNotFoundException: fr.inria.sacha.remining.coming.analyzer.Main
",1,
/app/data/coming_data/pair_01176,False,"Error: Could not find or load main class fr.inria.sacha.remining.coming.analyzer.Main
Caused by: java.lang.ClassNotFoundException: fr.inria.sacha.remining.coming.analyzer.Main
",1,
/app/data/coming_data/pair_01177,False,"Error: Could not find or load main class fr.inria.sacha.remining.coming.analyzer.Main
Caused by: java.lang.ClassNotFoundException: fr.inria.sacha.remining.coming.analyzer.Main
",1,
/app/data/coming_data/pair_01178,False,"Error: Could not find or load main class fr.inria.sacha.remining.coming.analyzer.Main
Caused by: java.lang.ClassNotFoundException: fr.inria.sacha.remining.coming.analyzer.Main
",1,
/app/data/coming_data/pair_01179,False,"Error: Could not find or load main class fr.inria.sacha.remining.coming.analyzer.Main
Caused by: java.lang.ClassNotFoundException: fr.inria.sacha.remining.coming.analyzer.Main
",1,
/app/data/coming_data/pair_01180,False,"Error: Could not find or load main class fr.inria.sacha.remining.coming.analyzer.Main
Caused by: java.lang.ClassNotFoundException: fr.inria.sacha.remining.coming.analyzer.Main
",1,
/app/data/coming_data/pair_01181,False,"Error: Could not find or load main class fr.inria.sacha.remining.coming.analyzer.Main
Caused by: java.lang.ClassNotFoundException: fr.inria.sacha.remining.coming.analyzer.Main
",1,
/app/data/coming_data/pair_01182,False,"Error: Could not find or load main class fr.inria.sacha.remining.coming.analyzer.Main
Caused by: java.lang.ClassNotFoundException: fr.inria.sacha.remining.coming.analyzer.Main
",1,
/app/data/coming_data/pair_01183,False,"Error: Could not find or load main class fr.inria.sacha.remining.coming.analyzer.Main
Caused by: java.lang.ClassNotFoundException: fr.inria.sacha.remining.coming.analyzer.Main
",1,
/app/data/coming_data/pair_01184,False,"Error: Could not find or load main class fr.inria.sacha.remining.coming.analyzer.Main
Caused by: java.lang.ClassNotFoundException: fr.inria.sacha.remining.coming.analyzer.Main
",1,
/app/data/coming_data/pair_01185,False,"Error: Could not find or load main class fr.inria.sacha.remining.coming.analyzer.Main
Caused by: java.lang.ClassNotFoundException: fr.inria.sacha.remining.coming.analyzer.Main
",1,
/app/data/coming_data/pair_01186,False,"Error: Could not find or load main class fr.inria.sacha.remining.coming.analyzer.Main
Caused by: java.lang.ClassNotFoundException: fr.inria.sacha.remining.coming.analyzer.Main
",1,
/app/data/coming_data/pair_01187,False,"Error: Could not find or load main class fr.inria.sacha.remining.coming.analyzer.Main
Caused by: java.lang.ClassNotFoundException: fr.inria.sacha.remining.coming.analyzer.Main
",1,
/app/data/coming_data/pair_01188,False,"Error: Could not find or load main class fr.inria.sacha.remining.coming.analyzer.Main
Caused by: java.lang.ClassNotFoundException: fr.inria.sacha.remining.coming.analyzer.Main
",1,
/app/data/coming_data/pair_01189,False,"Error: Could not find or load main class fr.inria.sacha.remining.coming.analyzer.Main
Caused by: java.lang.ClassNotFoundException: fr.inria.sacha.remining.coming.analyzer.Main
",1,
/app/data/coming_data/pair_01190,False,"Error: Could not find or load main class fr.inria.sacha.remining.coming.analyzer.Main
Caused by: java.lang.ClassNotFoundException: fr.inria.sacha.remining.coming.analyzer.Main
",1,
/app/data/coming_data/pair_01191,False,"Error: Could not find or load main class fr.inria.sacha.remining.coming.analyzer.Main
Caused by: java.lang.ClassNotFoundException: fr.inria.sacha.remining.coming.analyzer.Main
",1,
/app/data/coming_data/pair_01192,False,"Error: Could not find or load main class fr.inria.sacha.remining.coming.analyzer.Main
Caused by: java.lang.ClassNotFoundException: fr.inria.sacha.remining.coming.analyzer.Main
",1,
/app/data/coming_data/pair_01193,False,"Error: Could not find or load main class fr.inria.sacha.remining.coming.analyzer.Main
Caused by: java.lang.ClassNotFoundException: fr.inria.sacha.remining.coming.analyzer.Main
",1,
/app/data/coming_data/pair_01194,False,"Error: Could not find or load main class fr.inria.sacha.remining.coming.analyzer.Main
Caused by: java.lang.ClassNotFoundException: fr.inria.sacha.remining.coming.analyzer.Main
",1,
/app/data/coming_data/pair_01195,False,"Error: Could not find or load main class fr.inria.sacha.remining.coming.analyzer.Main
Caused by: java.lang.ClassNotFoundException: fr.inria.sacha.remining.coming.analyzer.Main
",1,
/app/data/coming_data/pair_01196,False,"Error: Could not find or load main class fr.inria.sacha.remining.coming.analyzer.Main
Caused by: java.lang.ClassNotFoundException: fr.inria.sacha.remining.coming.analyzer.Main
",1,
/app/data/coming_data/pair_01197,False,"Error: Could not find or load main class fr.inria.sacha.remining.coming.analyzer.Main
Caused by: java.lang.ClassNotFoundException: fr.inria.sacha.remining.coming.analyzer.Main
",1,
/app/data/coming_data/pair_01198,False,"Error: Could not find or load main class fr.inria.sacha.remining.coming.analyzer.Main
Caused by: java.lang.ClassNotFoundException: fr.inria.sacha.remining.coming.analyzer.Main
",1,
/app/data/coming_data/pair_01199,False,"Error: Could not find or load main class fr.inria.sacha.remining.coming.analyzer.Main
Caused by: java.lang.ClassNotFoundException: fr.inria.sacha.remining.coming.analyzer.Main
",1,
/app/data/coming_data/pair_01200,False,"Error: Could not find or load main class fr.inria.sacha.remining.coming.analyzer.Main
Caused by: java.lang.ClassNotFoundException: fr.inria.sacha.remining.coming.analyzer.Main
",1,
/app/data/coming_data/pair_01201,False,"Error: Could not find or load main class fr.inria.sacha.remining.coming.analyzer.Main
Caused by: java.lang.ClassNotFoundException: fr.inria.sacha.remining.coming.analyzer.Main
",1,
/app/data/coming_data/pair_01202,False,"Error: Could not find or load main class fr.inria.sacha.remining.coming.analyzer.Main
Caused by: java.lang.ClassNotFoundException: fr.inria.sacha.remining.coming.analyzer.Main
",1,
/app/data/coming_data/pair_01203,False,"Error: Could not find or load main class fr.inria.sacha.remining.coming.analyzer.Main
Caused by: java.lang.ClassNotFoundException: fr.inria.sacha.remining.coming.analyzer.Main
",1,
/app/data/coming_data/pair_01204,False,"Error: Could not find or load main class fr.inria.sacha.remining.coming.analyzer.Main
Caused by: java.lang.ClassNotFoundException: fr.inria.sacha.remining.coming.analyzer.Main
",1,
/app/data/coming_data/pair_01205,False,"Error: Could not find or load main class fr.inria.sacha.remining.coming.analyzer.Main
Caused by: java.lang.ClassNotFoundException: fr.inria.sacha.remining.coming.analyzer.Main
",1,
/app/data/coming_data/pair_01206,False,"Error: Could not find or load main class fr.inria.sacha.remining.coming.analyzer.Main
Caused by: java.lang.ClassNotFoundException: fr.inria.sacha.remining.coming.analyzer.Main
",1,
/app/data/coming_data/pair_01207,False,"Error: Could not find or load main class fr.inria.sacha.remining.coming.analyzer.Main
Caused by: java.lang.ClassNotFoundException: fr.inria.sacha.remining.coming.analyzer.Main
",1,
/app/data/coming_data/pair_01208,False,"Error: Could not find or load main class fr.inria.sacha.remining.coming.analyzer.Main
Caused by: java.lang.ClassNotFoundException: fr.inria.sacha.remining.coming.analyzer.Main
",1,
/app/data/coming_data/pair_01209,False,"Error: Could not find or load main class fr.inria.sacha.remining.coming.analyzer.Main
Caused by: java.lang.ClassNotFoundException: fr.inria.sacha.remining.coming.analyzer.Main
",1,
/app/data/coming_data/pair_01210,False,"Error: Could not find or load main class fr.inria.sacha.remining.coming.analyzer.Main
Caused by: java.lang.ClassNotFoundException: fr.inria.sacha.remining.coming.analyzer.Main
",1,
/app/data/coming_data/pair_01211,False,"Error: Could not find or load main class fr.inria.sacha.remining.coming.analyzer.Main
Caused by: java.lang.ClassNotFoundException: fr.inria.sacha.remining.coming.analyzer.Main
",1,
/app/data/coming_data/pair_01212,False,"Error: Could not find or load main class fr.inria.sacha.remining.coming.analyzer.Main
Caused by: java.lang.ClassNotFoundException: fr.inria.sacha.remining.coming.analyzer.Main
",1,
/app/data/coming_data/pair_01213,False,"Error: Could not find or load main class fr.inria.sacha.remining.coming.analyzer.Main
Caused by: java.lang.ClassNotFoundException: fr.inria.sacha.remining.coming.analyzer.Main
",1,
/app/data/coming_data/pair_01214,False,"Error: Could not find or load main class fr.inria.sacha.remining.coming.analyzer.Main
Caused by: java.lang.ClassNotFoundException: fr.inria.sacha.remining.coming.analyzer.Main
",1,
/app/data/coming_data/pair_01215,False,"Error: Could not find or load main class fr.inria.sacha.remining.coming.analyzer.Main
Caused by: java.lang.ClassNotFoundException: fr.inria.sacha.remining.coming.analyzer.Main
",1,
/app/data/coming_data/pair_01216,False,"Error: Could not find or load main class fr.inria.sacha.remining.coming.analyzer.Main
Caused by: java.lang.ClassNotFoundException: fr.inria.sacha.remining.coming.analyzer.Main
",1,
/app/data/coming_data/pair_01217,False,"Error: Could not find or load main class fr.inria.sacha.remining.coming.analyzer.Main
Caused by: java.lang.ClassNotFoundException: fr.inria.sacha.remining.coming.analyzer.Main
",1,
/app/data/coming_data/pair_01218,False,"Error: Could not find or load main class fr.inria.sacha.remining.coming.analyzer.Main
Caused by: java.lang.ClassNotFoundException: fr.inria.sacha.remining.coming.analyzer.Main
",1,
/app/data/coming_data/pair_01219,False,"Error: Could not find or load main class fr.inria.sacha.remining.coming.analyzer.Main
Caused by: java.lang.ClassNotFoundException: fr.inria.sacha.remining.coming.analyzer.Main
",1,
/app/data/coming_data/pair_01220,False,"Error: Could not find or load main class fr.inria.sacha.remining.coming.analyzer.Main
Caused by: java.lang.ClassNotFoundException: fr.inria.sacha.remining.coming.analyzer.Main
",1,
/app/data/coming_data/pair_01221,False,"Error: Could not find or load main class fr.inria.sacha.remining.coming.analyzer.Main
Caused by: java.lang.ClassNotFoundException: fr.inria.sacha.remining.coming.analyzer.Main
",1,
/app/data/coming_data/pair_01222,False,"Error: Could not find or load main class fr.inria.sacha.remining.coming.analyzer.Main
Caused by: java.lang.ClassNotFoundException: fr.inria.sacha.remining.coming.analyzer.Main
",1,
/app/data/coming_data/pair_01223,False,"Error: Could not find or load main class fr.inria.sacha.remining.coming.analyzer.Main
Caused by: java.lang.ClassNotFoundException: fr.inria.sacha.remining.coming.analyzer.Main
",1,
/app/data/coming_data/pair_01224,False,"Error: Could not find or load main class fr.inria.sacha.remining.coming.analyzer.Main
Caused by: java.lang.ClassNotFoundException: fr.inria.sacha.remining.coming.analyzer.Main
",1,
/app/data/coming_data/pair_01225,False,"Error: Could not find or load main class fr.inria.sacha.remining.coming.analyzer.Main
Caused by: java.lang.ClassNotFoundException: fr.inria.sacha.remining.coming.analyzer.Main
",1,
/app/data/coming_data/pair_01226,False,"Error: Could not find or load main class fr.inria.sacha.remining.coming.analyzer.Main
Caused by: java.lang.ClassNotFoundException: fr.inria.sacha.remining.coming.analyzer.Main
",1,
/app/data/coming_data/pair_01227,False,"Error: Could not find or load main class fr.inria.sacha.remining.coming.analyzer.Main
Caused by: java.lang.ClassNotFoundException: fr.inria.sacha.remining.coming.analyzer.Main
",1,
/app/data/coming_data/pair_01228,False,"Error: Could not find or load main class fr.inria.sacha.remining.coming.analyzer.Main
Caused by: java.lang.ClassNotFoundException: fr.inria.sacha.remining.coming.analyzer.Main
",1,
/app/data/coming_data/pair_01229,False,"Error: Could not find or load main class fr.inria.sacha.remining.coming.analyzer.Main
Caused by: java.lang.ClassNotFoundException: fr.inria.sacha.remining.coming.analyzer.Main
",1,
/app/data/coming_data/pair_01230,False,"Error: Could not find or load main class fr.inria.sacha.remining.coming.analyzer.Main
Caused by: java.lang.ClassNotFoundException: fr.inria.sacha.remining.coming.analyzer.Main
",1,
/app/data/coming_data/pair_01231,False,"Error: Could not find or load main class fr.inria.sacha.remining.coming.analyzer.Main
Caused by: java.lang.ClassNotFoundException: fr.inria.sacha.remining.coming.analyzer.Main
",1,
/app/data/coming_data/pair_01232,False,"Error: Could not find or load main class fr.inria.sacha.remining.coming.analyzer.Main
Caused by: java.lang.ClassNotFoundException: fr.inria.sacha.remining.coming.analyzer.Main
",1,
/app/data/coming_data/pair_01233,False,"Error: Could not find or load main class fr.inria.sacha.remining.coming.analyzer.Main
Caused by: java.lang.ClassNotFoundException: fr.inria.sacha.remining.coming.analyzer.Main
",1,
/app/data/coming_data/pair_01234,False,"Error: Could not find or load main class fr.inria.sacha.remining.coming.analyzer.Main
Caused by: java.lang.ClassNotFoundException: fr.inria.sacha.remining.coming.analyzer.Main
",1,
/app/data/coming_data/pair_01235,False,"Error: Could not find or load main class fr.inria.sacha.remining.coming.analyzer.Main
Caused by: java.lang.ClassNotFoundException: fr.inria.sacha.remining.coming.analyzer.Main
",1,
/app/data/coming_data/pair_01236,False,"Error: Could not find or load main class fr.inria.sacha.remining.coming.analyzer.Main
Caused by: java.lang.ClassNotFoundException: fr.inria.sacha.remining.coming.analyzer.Main
",1,
/app/data/coming_data/pair_01237,False,"Error: Could not find or load main class fr.inria.sacha.remining.coming.analyzer.Main
Caused by: java.lang.ClassNotFoundException: fr.inria.sacha.remining.coming.analyzer.Main
",1,
/app/data/coming_data/pair_01238,False,"Error: Could not find or load main class fr.inria.sacha.remining.coming.analyzer.Main
Caused by: java.lang.ClassNotFoundException: fr.inria.sacha.remining.coming.analyzer.Main
",1,
/app/data/coming_data/pair_01239,False,"Error: Could not find or load main class fr.inria.sacha.remining.coming.analyzer.Main
Caused by: java.lang.ClassNotFoundException: fr.inria.sacha.remining.coming.analyzer.Main
",1,
/app/data/coming_data/pair_01240,False,"Error: Could not find or load main class fr.inria.sacha.remining.coming.analyzer.Main
Caused by: java.lang.ClassNotFoundException: fr.inria.sacha.remining.coming.analyzer.Main
",1,
/app/data/coming_data/pair_01241,False,"Error: Could not find or load main class fr.inria.sacha.remining.coming.analyzer.Main
Caused by: java.lang.ClassNotFoundException: fr.inria.sacha.remining.coming.analyzer.Main
",1,
/app/data/coming_data/pair_01242,False,"Error: Could not find or load main class fr.inria.sacha.remining.coming.analyzer.Main
Caused by: java.lang.ClassNotFoundException: fr.inria.sacha.remining.coming.analyzer.Main
",1,
/app/data/coming_data/pair_01243,False,"Error: Could not find or load main class fr.inria.sacha.remining.coming.analyzer.Main
Caused by: java.lang.ClassNotFoundException: fr.inria.sacha.remining.coming.analyzer.Main
",1,
/app/data/coming_data/pair_01244,False,"Error: Could not find or load main class fr.inria.sacha.remining.coming.analyzer.Main
Caused by: java.lang.ClassNotFoundException: fr.inria.sacha.remining.coming.analyzer.Main
",1,
/app/data/coming_data/pair_01245,False,"Error: Could not find or load main class fr.inria.sacha.remining.coming.analyzer.Main
Caused by: java.lang.ClassNotFoundException: fr.inria.sacha.remining.coming.analyzer.Main
",1,
/app/data/coming_data/pair_01246,False,"Error: Could not find or load main class fr.inria.sacha.remining.coming.analyzer.Main
Caused by: java.lang.ClassNotFoundException: fr.inria.sacha.remining.coming.analyzer.Main
",1,
/app/data/coming_data/pair_01247,False,"Error: Could not find or load main class fr.inria.sacha.remining.coming.analyzer.Main
Caused by: java.lang.ClassNotFoundException: fr.inria.sacha.remining.coming.analyzer.Main
",1,
/app/data/coming_data/pair_01248,False,"Error: Could not find or load main class fr.inria.sacha.remining.coming.analyzer.Main
Caused by: java.lang.ClassNotFoundException: fr.inria.sacha.remining.coming.analyzer.Main
",1,
/app/data/coming_data/pair_01249,False,"Error: Could not find or load main class fr.inria.sacha.remining.coming.analyzer.Main
Caused by: java.lang.ClassNotFoundException: fr.inria.sacha.remining.coming.analyzer.Main
",1,
/app/data/coming_data/pair_01250,False,"Error: Could not find or load main class fr.inria.sacha.remining.coming.analyzer.Main
Caused by: java.lang.ClassNotFoundException: fr.inria.sacha.remining.coming.analyzer.Main
",1,
/app/data/coming_data/pair_01251,False,"Error: Could not find or load main class fr.inria.sacha.remining.coming.analyzer.Main
Caused by: java.lang.ClassNotFoundException: fr.inria.sacha.remining.coming.analyzer.Main
",1,
/app/data/coming_data/pair_01252,False,"Error: Could not find or load main class fr.inria.sacha.remining.coming.analyzer.Main
Caused by: java.lang.ClassNotFoundException: fr.inria.sacha.remining.coming.analyzer.Main
",1,
/app/data/coming_data/pair_01253,False,"Error: Could not find or load main class fr.inria.sacha.remining.coming.analyzer.Main
Caused by: java.lang.ClassNotFoundException: fr.inria.sacha.remining.coming.analyzer.Main
",1,
/app/data/coming_data/pair_01254,False,"Error: Could not find or load main class fr.inria.sacha.remining.coming.analyzer.Main
Caused by: java.lang.ClassNotFoundException: fr.inria.sacha.remining.coming.analyzer.Main
",1,
/app/data/coming_data/pair_01255,False,"Error: Could not find or load main class fr.inria.sacha.remining.coming.analyzer.Main
Caused by: java.lang.ClassNotFoundException: fr.inria.sacha.remining.coming.analyzer.Main
",1,
/app/data/coming_data/pair_01256,False,"Error: Could not find or load main class fr.inria.sacha.remining.coming.analyzer.Main
Caused by: java.lang.ClassNotFoundException: fr.inria.sacha.remining.coming.analyzer.Main
",1,
/app/data/coming_data/pair_01257,False,"Error: Could not find or load main class fr.inria.sacha.remining.coming.analyzer.Main
Caused by: java.lang.ClassNotFoundException: fr.inria.sacha.remining.coming.analyzer.Main
",1,
/app/data/coming_data/pair_01258,False,"Error: Could not find or load main class fr.inria.sacha.remining.coming.analyzer.Main
Caused by: java.lang.ClassNotFoundException: fr.inria.sacha.remining.coming.analyzer.Main
",1,
/app/data/coming_data/pair_01259,False,"Error: Could not find or load main class fr.inria.sacha.remining.coming.analyzer.Main
Caused by: java.lang.ClassNotFoundException: fr.inria.sacha.remining.coming.analyzer.Main
",1,
/app/data/coming_data/pair_01260,False,"Error: Could not find or load main class fr.inria.sacha.remining.coming.analyzer.Main
Caused by: java.lang.ClassNotFoundException: fr.inria.sacha.remining.coming.analyzer.Main
",1,
/app/data/coming_data/pair_01261,False,"Error: Could not find or load main class fr.inria.sacha.remining.coming.analyzer.Main
Caused by: java.lang.ClassNotFoundException: fr.inria.sacha.remining.coming.analyzer.Main
",1,
/app/data/coming_data/pair_01262,False,"Error: Could not find or load main class fr.inria.sacha.remining.coming.analyzer.Main
Caused by: java.lang.ClassNotFoundException: fr.inria.sacha.remining.coming.analyzer.Main
",1,
/app/data/coming_data/pair_01263,False,"Error: Could not find or load main class fr.inria.sacha.remining.coming.analyzer.Main
Caused by: java.lang.ClassNotFoundException: fr.inria.sacha.remining.coming.analyzer.Main
",1,
/app/data/coming_data/pair_01264,False,"Error: Could not find or load main class fr.inria.sacha.remining.coming.analyzer.Main
Caused by: java.lang.ClassNotFoundException: fr.inria.sacha.remining.coming.analyzer.Main
",1,
/app/data/coming_data/pair_01265,False,"Error: Could not find or load main class fr.inria.sacha.remining.coming.analyzer.Main
Caused by: java.lang.ClassNotFoundException: fr.inria.sacha.remining.coming.analyzer.Main
",1,
/app/data/coming_data/pair_01266,False,"Error: Could not find or load main class fr.inria.sacha.remining.coming.analyzer.Main
Caused by: java.lang.ClassNotFoundException: fr.inria.sacha.remining.coming.analyzer.Main
",1,
/app/data/coming_data/pair_01267,False,"Error: Could not find or load main class fr.inria.sacha.remining.coming.analyzer.Main
Caused by: java.lang.ClassNotFoundException: fr.inria.sacha.remining.coming.analyzer.Main
",1,
/app/data/coming_data/pair_01268,False,"Error: Could not find or load main class fr.inria.sacha.remining.coming.analyzer.Main
Caused by: java.lang.ClassNotFoundException: fr.inria.sacha.remining.coming.analyzer.Main
",1,
/app/data/coming_data/pair_01269,False,"Error: Could not find or load main class fr.inria.sacha.remining.coming.analyzer.Main
Caused by: java.lang.ClassNotFoundException: fr.inria.sacha.remining.coming.analyzer.Main
",1,
/app/data/coming_data/pair_01270,False,"Error: Could not find or load main class fr.inria.sacha.remining.coming.analyzer.Main
Caused by: java.lang.ClassNotFoundException: fr.inria.sacha.remining.coming.analyzer.Main
",1,
/app/data/coming_data/pair_01271,False,"Error: Could not find or load main class fr.inria.sacha.remining.coming.analyzer.Main
Caused by: java.lang.ClassNotFoundException: fr.inria.sacha.remining.coming.analyzer.Main
",1,
/app/data/coming_data/pair_01272,False,"Error: Could not find or load main class fr.inria.sacha.remining.coming.analyzer.Main
Caused by: java.lang.ClassNotFoundException: fr.inria.sacha.remining.coming.analyzer.Main
",1,
/app/data/coming_data/pair_01273,False,"Error: Could not find or load main class fr.inria.sacha.remining.coming.analyzer.Main
Caused by: java.lang.ClassNotFoundException: fr.inria.sacha.remining.coming.analyzer.Main
",1,
/app/data/coming_data/pair_01274,False,"Error: Could not find or load main class fr.inria.sacha.remining.coming.analyzer.Main
Caused by: java.lang.ClassNotFoundException: fr.inria.sacha.remining.coming.analyzer.Main
",1,
/app/data/coming_data/pair_01275,False,"Error: Could not find or load main class fr.inria.sacha.remining.coming.analyzer.Main
Caused by: java.lang.ClassNotFoundException: fr.inria.sacha.remining.coming.analyzer.Main
",1,
/app/data/coming_data/pair_01276,False,"Error: Could not find or load main class fr.inria.sacha.remining.coming.analyzer.Main
Caused by: java.lang.ClassNotFoundException: fr.inria.sacha.remining.coming.analyzer.Main
",1,
/app/data/coming_data/pair_01277,False,"Error: Could not find or load main class fr.inria.sacha.remining.coming.analyzer.Main
Caused by: java.lang.ClassNotFoundException: fr.inria.sacha.remining.coming.analyzer.Main
",1,
/app/data/coming_data/pair_01278,False,"Error: Could not find or load main class fr.inria.sacha.remining.coming.analyzer.Main
Caused by: java.lang.ClassNotFoundException: fr.inria.sacha.remining.coming.analyzer.Main
",1,
/app/data/coming_data/pair_01279,False,"Error: Could not find or load main class fr.inria.sacha.remining.coming.analyzer.Main
Caused by: java.lang.ClassNotFoundException: fr.inria.sacha.remining.coming.analyzer.Main
",1,
/app/data/coming_data/pair_01280,False,"Error: Could not find or load main class fr.inria.sacha.remining.coming.analyzer.Main
Caused by: java.lang.ClassNotFoundException: fr.inria.sacha.remining.coming.analyzer.Main
",1,
/app/data/coming_data/pair_01281,False,"Error: Could not find or load main class fr.inria.sacha.remining.coming.analyzer.Main
Caused by: java.lang.ClassNotFoundException: fr.inria.sacha.remining.coming.analyzer.Main
",1,
/app/data/coming_data/pair_01282,False,"Error: Could not find or load main class fr.inria.sacha.remining.coming.analyzer.Main
Caused by: java.lang.ClassNotFoundException: fr.inria.sacha.remining.coming.analyzer.Main
",1,
/app/data/coming_data/pair_01283,False,"Error: Could not find or load main class fr.inria.sacha.remining.coming.analyzer.Main
Caused by: java.lang.ClassNotFoundException: fr.inria.sacha.remining.coming.analyzer.Main
",1,
/app/data/coming_data/pair_01284,False,"Error: Could not find or load main class fr.inria.sacha.remining.coming.analyzer.Main
Caused by: java.lang.ClassNotFoundException: fr.inria.sacha.remining.coming.analyzer.Main
",1,
/app/data/coming_data/pair_01285,False,"Error: Could not find or load main class fr.inria.sacha.remining.coming.analyzer.Main
Caused by: java.lang.ClassNotFoundException: fr.inria.sacha.remining.coming.analyzer.Main
",1,
/app/data/coming_data/pair_01286,False,"Error: Could not find or load main class fr.inria.sacha.remining.coming.analyzer.Main
Caused by: java.lang.ClassNotFoundException: fr.inria.sacha.remining.coming.analyzer.Main
",1,
/app/data/coming_data/pair_01287,False,"Error: Could not find or load main class fr.inria.sacha.remining.coming.analyzer.Main
Caused by: java.lang.ClassNotFoundException: fr.inria.sacha.remining.coming.analyzer.Main
",1,
/app/data/coming_data/pair_01288,False,"Error: Could not find or load main class fr.inria.sacha.remining.coming.analyzer.Main
Caused by: java.lang.ClassNotFoundException: fr.inria.sacha.remining.coming.analyzer.Main
",1,
/app/data/coming_data/pair_01289,False,"Error: Could not find or load main class fr.inria.sacha.remining.coming.analyzer.Main
Caused by: java.lang.ClassNotFoundException: fr.inria.sacha.remining.coming.analyzer.Main
",1,
/app/data/coming_data/pair_01290,False,"Error: Could not find or load main class fr.inria.sacha.remining.coming.analyzer.Main
Caused by: java.lang.ClassNotFoundException: fr.inria.sacha.remining.coming.analyzer.Main
",1,
/app/data/coming_data/pair_01291,False,"Error: Could not find or load main class fr.inria.sacha.remining.coming.analyzer.Main
Caused by: java.lang.ClassNotFoundException: fr.inria.sacha.remining.coming.analyzer.Main
",1,
/app/data/coming_data/pair_01292,False,"Error: Could not find or load main class fr.inria.sacha.remining.coming.analyzer.Main
Caused by: java.lang.ClassNotFoundException: fr.inria.sacha.remining.coming.analyzer.Main
",1,
/app/data/coming_data/pair_01293,False,"Error: Could not find or load main class fr.inria.sacha.remining.coming.analyzer.Main
Caused by: java.lang.ClassNotFoundException: fr.inria.sacha.remining.coming.analyzer.Main
",1,
/app/data/coming_data/pair_01294,False,"Error: Could not find or load main class fr.inria.sacha.remining.coming.analyzer.Main
Caused by: java.lang.ClassNotFoundException: fr.inria.sacha.remining.coming.analyzer.Main
",1,
/app/data/coming_data/pair_01295,False,"Error: Could not find or load main class fr.inria.sacha.remining.coming.analyzer.Main
Caused by: java.lang.ClassNotFoundException: fr.inria.sacha.remining.coming.analyzer.Main
",1,
/app/data/coming_data/pair_01296,False,"Error: Could not find or load main class fr.inria.sacha.remining.coming.analyzer.Main
Caused by: java.lang.ClassNotFoundException: fr.inria.sacha.remining.coming.analyzer.Main
",1,
/app/data/coming_data/pair_01297,False,"Error: Could not find or load main class fr.inria.sacha.remining.coming.analyzer.Main
Caused by: java.lang.ClassNotFoundException: fr.inria.sacha.remining.coming.analyzer.Main
",1,
/app/data/coming_data/pair_01298,False,"Error: Could not find or load main class fr.inria.sacha.remining.coming.analyzer.Main
Caused by: java.lang.ClassNotFoundException: fr.inria.sacha.remining.coming.analyzer.Main
",1,
/app/data/coming_data/pair_01299,False,"Error: Could not find or load main class fr.inria.sacha.remining.coming.analyzer.Main
Caused by: java.lang.ClassNotFoundException: fr.inria.sacha.remining.coming.analyzer.Main
",1,
/app/data/coming_data/pair_01300,False,"Error: Could not find or load main class fr.inria.sacha.remining.coming.analyzer.Main
Caused by: java.lang.ClassNotFoundException: fr.inria.sacha.remining.coming.analyzer.Main
",1,
/app/data/coming_data/pair_01301,False,"Error: Could not find or load main class fr.inria.sacha.remining.coming.analyzer.Main
Caused by: java.lang.ClassNotFoundException: fr.inria.sacha.remining.coming.analyzer.Main
",1,
/app/data/coming_data/pair_01302,False,"Error: Could not find or load main class fr.inria.sacha.remining.coming.analyzer.Main
Caused by: java.lang.ClassNotFoundException: fr.inria.sacha.remining.coming.analyzer.Main
",1,
/app/data/coming_data/pair_01303,False,"Error: Could not find or load main class fr.inria.sacha.remining.coming.analyzer.Main
Caused by: java.lang.ClassNotFoundException: fr.inria.sacha.remining.coming.analyzer.Main
",1,
/app/data/coming_data/pair_01304,False,"Error: Could not find or load main class fr.inria.sacha.remining.coming.analyzer.Main
Caused by: java.lang.ClassNotFoundException: fr.inria.sacha.remining.coming.analyzer.Main
",1,
/app/data/coming_data/pair_01305,False,"Error: Could not find or load main class fr.inria.sacha.remining.coming.analyzer.Main
Caused by: java.lang.ClassNotFoundException: fr.inria.sacha.remining.coming.analyzer.Main
",1,
/app/data/coming_data/pair_01306,False,"Error: Could not find or load main class fr.inria.sacha.remining.coming.analyzer.Main
Caused by: java.lang.ClassNotFoundException: fr.inria.sacha.remining.coming.analyzer.Main
",1,
/app/data/coming_data/pair_01307,False,"Error: Could not find or load main class fr.inria.sacha.remining.coming.analyzer.Main
Caused by: java.lang.ClassNotFoundException: fr.inria.sacha.remining.coming.analyzer.Main
",1,
/app/data/coming_data/pair_01308,False,"Error: Could not find or load main class fr.inria.sacha.remining.coming.analyzer.Main
Caused by: java.lang.ClassNotFoundException: fr.inria.sacha.remining.coming.analyzer.Main
",1,
/app/data/coming_data/pair_01309,False,"Error: Could not find or load main class fr.inria.sacha.remining.coming.analyzer.Main
Caused by: java.lang.ClassNotFoundException: fr.inria.sacha.remining.coming.analyzer.Main
",1,
/app/data/coming_data/pair_01310,False,"Error: Could not find or load main class fr.inria.sacha.remining.coming.analyzer.Main
Caused by: java.lang.ClassNotFoundException: fr.inria.sacha.remining.coming.analyzer.Main
",1,
/app/data/coming_data/pair_01311,False,"Error: Could not find or load main class fr.inria.sacha.remining.coming.analyzer.Main
Caused by: java.lang.ClassNotFoundException: fr.inria.sacha.remining.coming.analyzer.Main
",1,
/app/data/coming_data/pair_01312,False,"Error: Could not find or load main class fr.inria.sacha.remining.coming.analyzer.Main
Caused by: java.lang.ClassNotFoundException: fr.inria.sacha.remining.coming.analyzer.Main
",1,
/app/data/coming_data/pair_01313,False,"Error: Could not find or load main class fr.inria.sacha.remining.coming.analyzer.Main
Caused by: java.lang.ClassNotFoundException: fr.inria.sacha.remining.coming.analyzer.Main
",1,
/app/data/coming_data/pair_01314,False,"Error: Could not find or load main class fr.inria.sacha.remining.coming.analyzer.Main
Caused by: java.lang.ClassNotFoundException: fr.inria.sacha.remining.coming.analyzer.Main
",1,
/app/data/coming_data/pair_01315,False,"Error: Could not find or load main class fr.inria.sacha.remining.coming.analyzer.Main
Caused by: java.lang.ClassNotFoundException: fr.inria.sacha.remining.coming.analyzer.Main
",1,
/app/data/coming_data/pair_01316,False,"Error: Could not find or load main class fr.inria.sacha.remining.coming.analyzer.Main
Caused by: java.lang.ClassNotFoundException: fr.inria.sacha.remining.coming.analyzer.Main
",1,
/app/data/coming_data/pair_01317,False,"Error: Could not find or load main class fr.inria.sacha.remining.coming.analyzer.Main
Caused by: java.lang.ClassNotFoundException: fr.inria.sacha.remining.coming.analyzer.Main
",1,
/app/data/coming_data/pair_01318,False,"Error: Could not find or load main class fr.inria.sacha.remining.coming.analyzer.Main
Caused by: java.lang.ClassNotFoundException: fr.inria.sacha.remining.coming.analyzer.Main
",1,
/app/data/coming_data/pair_01319,False,"Error: Could not find or load main class fr.inria.sacha.remining.coming.analyzer.Main
Caused by: java.lang.ClassNotFoundException: fr.inria.sacha.remining.coming.analyzer.Main
",1,
/app/data/coming_data/pair_01320,False,"Error: Could not find or load main class fr.inria.sacha.remining.coming.analyzer.Main
Caused by: java.lang.ClassNotFoundException: fr.inria.sacha.remining.coming.analyzer.Main
",1,
/app/data/coming_data/pair_01321,False,"Error: Could not find or load main class fr.inria.sacha.remining.coming.analyzer.Main
Caused by: java.lang.ClassNotFoundException: fr.inria.sacha.remining.coming.analyzer.Main
",1,
/app/data/coming_data/pair_01322,False,"Error: Could not find or load main class fr.inria.sacha.remining.coming.analyzer.Main
Caused by: java.lang.ClassNotFoundException: fr.inria.sacha.remining.coming.analyzer.Main
",1,
/app/data/coming_data/pair_01323,False,"Error: Could not find or load main class fr.inria.sacha.remining.coming.analyzer.Main
Caused by: java.lang.ClassNotFoundException: fr.inria.sacha.remining.coming.analyzer.Main
",1,
/app/data/coming_data/pair_01324,False,"Error: Could not find or load main class fr.inria.sacha.remining.coming.analyzer.Main
Caused by: java.lang.ClassNotFoundException: fr.inria.sacha.remining.coming.analyzer.Main
",1,
/app/data/coming_data/pair_01325,False,"Error: Could not find or load main class fr.inria.sacha.remining.coming.analyzer.Main
Caused by: java.lang.ClassNotFoundException: fr.inria.sacha.remining.coming.analyzer.Main
",1,
/app/data/coming_data/pair_01326,False,"Error: Could not find or load main class fr.inria.sacha.remining.coming.analyzer.Main
Caused by: java.lang.ClassNotFoundException: fr.inria.sacha.remining.coming.analyzer.Main
",1,
/app/data/coming_data/pair_01327,False,"Error: Could not find or load main class fr.inria.sacha.remining.coming.analyzer.Main
Caused by: java.lang.ClassNotFoundException: fr.inria.sacha.remining.coming.analyzer.Main
",1,
/app/data/coming_data/pair_01328,False,"Error: Could not find or load main class fr.inria.sacha.remining.coming.analyzer.Main
Caused by: java.lang.ClassNotFoundException: fr.inria.sacha.remining.coming.analyzer.Main
",1,
/app/data/coming_data/pair_01329,False,"Error: Could not find or load main class fr.inria.sacha.remining.coming.analyzer.Main
Caused by: java.lang.ClassNotFoundException: fr.inria.sacha.remining.coming.analyzer.Main
",1,
/app/data/coming_data/pair_01330,False,"Error: Could not find or load main class fr.inria.sacha.remining.coming.analyzer.Main
Caused by: java.lang.ClassNotFoundException: fr.inria.sacha.remining.coming.analyzer.Main
",1,
/app/data/coming_data/pair_01331,False,"Error: Could not find or load main class fr.inria.sacha.remining.coming.analyzer.Main
Caused by: java.lang.ClassNotFoundException: fr.inria.sacha.remining.coming.analyzer.Main
",1,
/app/data/coming_data/pair_01332,False,"Error: Could not find or load main class fr.inria.sacha.remining.coming.analyzer.Main
Caused by: java.lang.ClassNotFoundException: fr.inria.sacha.remining.coming.analyzer.Main
",1,
/app/data/coming_data/pair_01333,False,"Error: Could not find or load main class fr.inria.sacha.remining.coming.analyzer.Main
Caused by: java.lang.ClassNotFoundException: fr.inria.sacha.remining.coming.analyzer.Main
",1,
/app/data/coming_data/pair_01334,False,"Error: Could not find or load main class fr.inria.sacha.remining.coming.analyzer.Main
Caused by: java.lang.ClassNotFoundException: fr.inria.sacha.remining.coming.analyzer.Main
",1,
/app/data/coming_data/pair_01335,False,"Error: Could not find or load main class fr.inria.sacha.remining.coming.analyzer.Main
Caused by: java.lang.ClassNotFoundException: fr.inria.sacha.remining.coming.analyzer.Main
",1,
/app/data/coming_data/pair_01336,False,"Error: Could not find or load main class fr.inria.sacha.remining.coming.analyzer.Main
Caused by: java.lang.ClassNotFoundException: fr.inria.sacha.remining.coming.analyzer.Main
",1,
/app/data/coming_data/pair_01337,False,"Error: Could not find or load main class fr.inria.sacha.remining.coming.analyzer.Main
Caused by: java.lang.ClassNotFoundException: fr.inria.sacha.remining.coming.analyzer.Main
",1,
/app/data/coming_data/pair_01338,False,"Error: Could not find or load main class fr.inria.sacha.remining.coming.analyzer.Main
Caused by: java.lang.ClassNotFoundException: fr.inria.sacha.remining.coming.analyzer.Main
",1,
/app/data/coming_data/pair_01339,False,"Error: Could not find or load main class fr.inria.sacha.remining.coming.analyzer.Main
Caused by: java.lang.ClassNotFoundException: fr.inria.sacha.remining.coming.analyzer.Main
",1,
/app/data/coming_data/pair_01340,False,"Error: Could not find or load main class fr.inria.sacha.remining.coming.analyzer.Main
Caused by: java.lang.ClassNotFoundException: fr.inria.sacha.remining.coming.analyzer.Main
",1,
/app/data/coming_data/pair_01341,False,"Error: Could not find or load main class fr.inria.sacha.remining.coming.analyzer.Main
Caused by: java.lang.ClassNotFoundException: fr.inria.sacha.remining.coming.analyzer.Main
",1,
/app/data/coming_data/pair_01342,False,"Error: Could not find or load main class fr.inria.sacha.remining.coming.analyzer.Main
Caused by: java.lang.ClassNotFoundException: fr.inria.sacha.remining.coming.analyzer.Main
",1,
/app/data/coming_data/pair_01343,False,"Error: Could not find or load main class fr.inria.sacha.remining.coming.analyzer.Main
Caused by: java.lang.ClassNotFoundException: fr.inria.sacha.remining.coming.analyzer.Main
",1,
/app/data/coming_data/pair_01344,False,"Error: Could not find or load main class fr.inria.sacha.remining.coming.analyzer.Main
Caused by: java.lang.ClassNotFoundException: fr.inria.sacha.remining.coming.analyzer.Main
",1,
/app/data/coming_data/pair_01345,False,"Error: Could not find or load main class fr.inria.sacha.remining.coming.analyzer.Main
Caused by: java.lang.ClassNotFoundException: fr.inria.sacha.remining.coming.analyzer.Main
",1,
/app/data/coming_data/pair_01346,False,"Error: Could not find or load main class fr.inria.sacha.remining.coming.analyzer.Main
Caused by: java.lang.ClassNotFoundException: fr.inria.sacha.remining.coming.analyzer.Main
",1,
/app/data/coming_data/pair_01347,False,"Error: Could not find or load main class fr.inria.sacha.remining.coming.analyzer.Main
Caused by: java.lang.ClassNotFoundException: fr.inria.sacha.remining.coming.analyzer.Main
",1,
/app/data/coming_data/pair_01348,False,"Error: Could not find or load main class fr.inria.sacha.remining.coming.analyzer.Main
Caused by: java.lang.ClassNotFoundException: fr.inria.sacha.remining.coming.analyzer.Main
",1,
/app/data/coming_data/pair_01349,False,"Error: Could not find or load main class fr.inria.sacha.remining.coming.analyzer.Main
Caused by: java.lang.ClassNotFoundException: fr.inria.sacha.remining.coming.analyzer.Main
",1,
/app/data/coming_data/pair_01350,False,"Error: Could not find or load main class fr.inria.sacha.remining.coming.analyzer.Main
Caused by: java.lang.ClassNotFoundException: fr.inria.sacha.remining.coming.analyzer.Main
",1,
/app/data/coming_data/pair_01351,False,"Error: Could not find or load main class fr.inria.sacha.remining.coming.analyzer.Main
Caused by: java.lang.ClassNotFoundException: fr.inria.sacha.remining.coming.analyzer.Main
",1,
/app/data/coming_data/pair_01352,False,"Error: Could not find or load main class fr.inria.sacha.remining.coming.analyzer.Main
Caused by: java.lang.ClassNotFoundException: fr.inria.sacha.remining.coming.analyzer.Main
",1,
/app/data/coming_data/pair_01353,False,"Error: Could not find or load main class fr.inria.sacha.remining.coming.analyzer.Main
Caused by: java.lang.ClassNotFoundException: fr.inria.sacha.remining.coming.analyzer.Main
",1,
/app/data/coming_data/pair_01354,False,"Error: Could not find or load main class fr.inria.sacha.remining.coming.analyzer.Main
Caused by: java.lang.ClassNotFoundException: fr.inria.sacha.remining.coming.analyzer.Main
",1,
/app/data/coming_data/pair_01355,False,"Error: Could not find or load main class fr.inria.sacha.remining.coming.analyzer.Main
Caused by: java.lang.ClassNotFoundException: fr.inria.sacha.remining.coming.analyzer.Main
",1,
/app/data/coming_data/pair_01356,False,"Error: Could not find or load main class fr.inria.sacha.remining.coming.analyzer.Main
Caused by: java.lang.ClassNotFoundException: fr.inria.sacha.remining.coming.analyzer.Main
",1,
/app/data/coming_data/pair_01357,False,"Error: Could not find or load main class fr.inria.sacha.remining.coming.analyzer.Main
Caused by: java.lang.ClassNotFoundException: fr.inria.sacha.remining.coming.analyzer.Main
",1,
/app/data/coming_data/pair_01358,False,"Error: Could not find or load main class fr.inria.sacha.remining.coming.analyzer.Main
Caused by: java.lang.ClassNotFoundException: fr.inria.sacha.remining.coming.analyzer.Main
",1,
/app/data/coming_data/pair_01359,False,"Error: Could not find or load main class fr.inria.sacha.remining.coming.analyzer.Main
Caused by: java.lang.ClassNotFoundException: fr.inria.sacha.remining.coming.analyzer.Main
",1,
/app/data/coming_data/pair_01360,False,"Error: Could not find or load main class fr.inria.sacha.remining.coming.analyzer.Main
Caused by: java.lang.ClassNotFoundException: fr.inria.sacha.remining.coming.analyzer.Main
",1,
/app/data/coming_data/pair_01361,False,"Error: Could not find or load main class fr.inria.sacha.remining.coming.analyzer.Main
Caused by: java.lang.ClassNotFoundException: fr.inria.sacha.remining.coming.analyzer.Main
",1,
/app/data/coming_data/pair_01362,False,"Error: Could not find or load main class fr.inria.sacha.remining.coming.analyzer.Main
Caused by: java.lang.ClassNotFoundException: fr.inria.sacha.remining.coming.analyzer.Main
",1,
/app/data/coming_data/pair_01363,False,"Error: Could not find or load main class fr.inria.sacha.remining.coming.analyzer.Main
Caused by: java.lang.ClassNotFoundException: fr.inria.sacha.remining.coming.analyzer.Main
",1,
/app/data/coming_data/pair_01364,False,"Error: Could not find or load main class fr.inria.sacha.remining.coming.analyzer.Main
Caused by: java.lang.ClassNotFoundException: fr.inria.sacha.remining.coming.analyzer.Main
",1,
/app/data/coming_data/pair_01365,False,"Error: Could not find or load main class fr.inria.sacha.remining.coming.analyzer.Main
Caused by: java.lang.ClassNotFoundException: fr.inria.sacha.remining.coming.analyzer.Main
",1,
/app/data/coming_data/pair_01366,False,"Error: Could not find or load main class fr.inria.sacha.remining.coming.analyzer.Main
Caused by: java.lang.ClassNotFoundException: fr.inria.sacha.remining.coming.analyzer.Main
",1,
/app/data/coming_data/pair_01367,False,"Error: Could not find or load main class fr.inria.sacha.remining.coming.analyzer.Main
Caused by: java.lang.ClassNotFoundException: fr.inria.sacha.remining.coming.analyzer.Main
",1,
/app/data/coming_data/pair_01368,False,"Error: Could not find or load main class fr.inria.sacha.remining.coming.analyzer.Main
Caused by: java.lang.ClassNotFoundException: fr.inria.sacha.remining.coming.analyzer.Main
",1,
/app/data/coming_data/pair_01369,False,"Error: Could not find or load main class fr.inria.sacha.remining.coming.analyzer.Main
Caused by: java.lang.ClassNotFoundException: fr.inria.sacha.remining.coming.analyzer.Main
",1,
/app/data/coming_data/pair_01370,False,"Error: Could not find or load main class fr.inria.sacha.remining.coming.analyzer.Main
Caused by: java.lang.ClassNotFoundException: fr.inria.sacha.remining.coming.analyzer.Main
",1,
/app/data/coming_data/pair_01371,False,"Error: Could not find or load main class fr.inria.sacha.remining.coming.analyzer.Main
Caused by: java.lang.ClassNotFoundException: fr.inria.sacha.remining.coming.analyzer.Main
",1,
/app/data/coming_data/pair_01372,False,"Error: Could not find or load main class fr.inria.sacha.remining.coming.analyzer.Main
Caused by: java.lang.ClassNotFoundException: fr.inria.sacha.remining.coming.analyzer.Main
",1,
/app/data/coming_data/pair_01373,False,"Error: Could not find or load main class fr.inria.sacha.remining.coming.analyzer.Main
Caused by: java.lang.ClassNotFoundException: fr.inria.sacha.remining.coming.analyzer.Main
",1,
/app/data/coming_data/pair_01374,False,"Error: Could not find or load main class fr.inria.sacha.remining.coming.analyzer.Main
Caused by: java.lang.ClassNotFoundException: fr.inria.sacha.remining.coming.analyzer.Main
",1,
/app/data/coming_data/pair_01375,False,"Error: Could not find or load main class fr.inria.sacha.remining.coming.analyzer.Main
Caused by: java.lang.ClassNotFoundException: fr.inria.sacha.remining.coming.analyzer.Main
",1,
/app/data/coming_data/pair_01376,False,"Error: Could not find or load main class fr.inria.sacha.remining.coming.analyzer.Main
Caused by: java.lang.ClassNotFoundException: fr.inria.sacha.remining.coming.analyzer.Main
",1,
/app/data/coming_data/pair_01377,False,"Error: Could not find or load main class fr.inria.sacha.remining.coming.analyzer.Main
Caused by: java.lang.ClassNotFoundException: fr.inria.sacha.remining.coming.analyzer.Main
",1,
/app/data/coming_data/pair_01378,False,"Error: Could not find or load main class fr.inria.sacha.remining.coming.analyzer.Main
Caused by: java.lang.ClassNotFoundException: fr.inria.sacha.remining.coming.analyzer.Main
",1,
/app/data/coming_data/pair_01379,False,"Error: Could not find or load main class fr.inria.sacha.remining.coming.analyzer.Main
Caused by: java.lang.ClassNotFoundException: fr.inria.sacha.remining.coming.analyzer.Main
",1,
/app/data/coming_data/pair_01380,False,"Error: Could not find or load main class fr.inria.sacha.remining.coming.analyzer.Main
Caused by: java.lang.ClassNotFoundException: fr.inria.sacha.remining.coming.analyzer.Main
",1,
/app/data/coming_data/pair_01381,False,"Error: Could not find or load main class fr.inria.sacha.remining.coming.analyzer.Main
Caused by: java.lang.ClassNotFoundException: fr.inria.sacha.remining.coming.analyzer.Main
",1,
/app/data/coming_data/pair_01382,False,"Error: Could not find or load main class fr.inria.sacha.remining.coming.analyzer.Main
Caused by: java.lang.ClassNotFoundException: fr.inria.sacha.remining.coming.analyzer.Main
",1,
/app/data/coming_data/pair_01383,False,"Error: Could not find or load main class fr.inria.sacha.remining.coming.analyzer.Main
Caused by: java.lang.ClassNotFoundException: fr.inria.sacha.remining.coming.analyzer.Main
",1,
/app/data/coming_data/pair_01384,False,"Error: Could not find or load main class fr.inria.sacha.remining.coming.analyzer.Main
Caused by: java.lang.ClassNotFoundException: fr.inria.sacha.remining.coming.analyzer.Main
",1,
/app/data/coming_data/pair_01385,False,"Error: Could not find or load main class fr.inria.sacha.remining.coming.analyzer.Main
Caused by: java.lang.ClassNotFoundException: fr.inria.sacha.remining.coming.analyzer.Main
",1,
/app/data/coming_data/pair_01386,False,"Error: Could not find or load main class fr.inria.sacha.remining.coming.analyzer.Main
Caused by: java.lang.ClassNotFoundException: fr.inria.sacha.remining.coming.analyzer.Main
",1,
/app/data/coming_data/pair_01387,False,"Error: Could not find or load main class fr.inria.sacha.remining.coming.analyzer.Main
Caused by: java.lang.ClassNotFoundException: fr.inria.sacha.remining.coming.analyzer.Main
",1,
/app/data/coming_data/pair_01388,False,"Error: Could not find or load main class fr.inria.sacha.remining.coming.analyzer.Main
Caused by: java.lang.ClassNotFoundException: fr.inria.sacha.remining.coming.analyzer.Main
",1,
/app/data/coming_data/pair_01389,False,"Error: Could not find or load main class fr.inria.sacha.remining.coming.analyzer.Main
Caused by: java.lang.ClassNotFoundException: fr.inria.sacha.remining.coming.analyzer.Main
",1,
/app/data/coming_data/pair_01390,False,"Error: Could not find or load main class fr.inria.sacha.remining.coming.analyzer.Main
Caused by: java.lang.ClassNotFoundException: fr.inria.sacha.remining.coming.analyzer.Main
",1,
/app/data/coming_data/pair_01391,False,"Error: Could not find or load main class fr.inria.sacha.remining.coming.analyzer.Main
Caused by: java.lang.ClassNotFoundException: fr.inria.sacha.remining.coming.analyzer.Main
",1,
/app/data/coming_data/pair_01392,False,"Error: Could not find or load main class fr.inria.sacha.remining.coming.analyzer.Main
Caused by: java.lang.ClassNotFoundException: fr.inria.sacha.remining.coming.analyzer.Main
",1,
/app/data/coming_data/pair_01393,False,"Error: Could not find or load main class fr.inria.sacha.remining.coming.analyzer.Main
Caused by: java.lang.ClassNotFoundException: fr.inria.sacha.remining.coming.analyzer.Main
",1,
/app/data/coming_data/pair_01394,False,"Error: Could not find or load main class fr.inria.sacha.remining.coming.analyzer.Main
Caused by: java.lang.ClassNotFoundException: fr.inria.sacha.remining.coming.analyzer.Main
",1,
/app/data/coming_data/pair_01395,False,"Error: Could not find or load main class fr.inria.sacha.remining.coming.analyzer.Main
Caused by: java.lang.ClassNotFoundException: fr.inria.sacha.remining.coming.analyzer.Main
",1,
/app/data/coming_data/pair_01396,False,"Error: Could not find or load main class fr.inria.sacha.remining.coming.analyzer.Main
Caused by: java.lang.ClassNotFoundException: fr.inria.sacha.remining.coming.analyzer.Main
",1,
/app/data/coming_data/pair_01397,False,"Error: Could not find or load main class fr.inria.sacha.remining.coming.analyzer.Main
Caused by: java.lang.ClassNotFoundException: fr.inria.sacha.remining.coming.analyzer.Main
",1,
/app/data/coming_data/pair_01398,False,"Error: Could not find or load main class fr.inria.sacha.remining.coming.analyzer.Main
Caused by: java.lang.ClassNotFoundException: fr.inria.sacha.remining.coming.analyzer.Main
",1,
/app/data/coming_data/pair_01399,False,"Error: Could not find or load main class fr.inria.sacha.remining.coming.analyzer.Main
Caused by: java.lang.ClassNotFoundException: fr.inria.sacha.remining.coming.analyzer.Main
",1,
/app/data/coming_data/pair_01400,False,"Error: Could not find or load main class fr.inria.sacha.remining.coming.analyzer.Main
Caused by: java.lang.ClassNotFoundException: fr.inria.sacha.remining.coming.analyzer.Main
",1,
/app/data/coming_data/pair_01401,False,"Error: Could not find or load main class fr.inria.sacha.remining.coming.analyzer.Main
Caused by: java.lang.ClassNotFoundException: fr.inria.sacha.remining.coming.analyzer.Main
",1,
/app/data/coming_data/pair_01402,False,"Error: Could not find or load main class fr.inria.sacha.remining.coming.analyzer.Main
Caused by: java.lang.ClassNotFoundException: fr.inria.sacha.remining.coming.analyzer.Main
",1,
/app/data/coming_data/pair_01403,False,"Error: Could not find or load main class fr.inria.sacha.remining.coming.analyzer.Main
Caused by: java.lang.ClassNotFoundException: fr.inria.sacha.remining.coming.analyzer.Main
",1,
/app/data/coming_data/pair_01404,False,"Error: Could not find or load main class fr.inria.sacha.remining.coming.analyzer.Main
Caused by: java.lang.ClassNotFoundException: fr.inria.sacha.remining.coming.analyzer.Main
",1,
/app/data/coming_data/pair_01405,False,"Error: Could not find or load main class fr.inria.sacha.remining.coming.analyzer.Main
Caused by: java.lang.ClassNotFoundException: fr.inria.sacha.remining.coming.analyzer.Main
",1,
/app/data/coming_data/pair_01406,False,"Error: Could not find or load main class fr.inria.sacha.remining.coming.analyzer.Main
Caused by: java.lang.ClassNotFoundException: fr.inria.sacha.remining.coming.analyzer.Main
",1,
/app/data/coming_data/pair_01407,False,"Error: Could not find or load main class fr.inria.sacha.remining.coming.analyzer.Main
Caused by: java.lang.ClassNotFoundException: fr.inria.sacha.remining.coming.analyzer.Main
",1,
/app/data/coming_data/pair_01408,False,"Error: Could not find or load main class fr.inria.sacha.remining.coming.analyzer.Main
Caused by: java.lang.ClassNotFoundException: fr.inria.sacha.remining.coming.analyzer.Main
",1,
/app/data/coming_data/pair_01409,False,"Error: Could not find or load main class fr.inria.sacha.remining.coming.analyzer.Main
Caused by: java.lang.ClassNotFoundException: fr.inria.sacha.remining.coming.analyzer.Main
",1,
/app/data/coming_data/pair_01410,False,"Error: Could not find or load main class fr.inria.sacha.remining.coming.analyzer.Main
Caused by: java.lang.ClassNotFoundException: fr.inria.sacha.remining.coming.analyzer.Main
",1,
/app/data/coming_data/pair_01411,False,"Error: Could not find or load main class fr.inria.sacha.remining.coming.analyzer.Main
Caused by: java.lang.ClassNotFoundException: fr.inria.sacha.remining.coming.analyzer.Main
",1,
/app/data/coming_data/pair_01412,False,"Error: Could not find or load main class fr.inria.sacha.remining.coming.analyzer.Main
Caused by: java.lang.ClassNotFoundException: fr.inria.sacha.remining.coming.analyzer.Main
",1,
/app/data/coming_data/pair_01413,False,"Error: Could not find or load main class fr.inria.sacha.remining.coming.analyzer.Main
Caused by: java.lang.ClassNotFoundException: fr.inria.sacha.remining.coming.analyzer.Main
",1,
/app/data/coming_data/pair_01414,False,"Error: Could not find or load main class fr.inria.sacha.remining.coming.analyzer.Main
Caused by: java.lang.ClassNotFoundException: fr.inria.sacha.remining.coming.analyzer.Main
",1,
/app/data/coming_data/pair_01415,False,"Error: Could not find or load main class fr.inria.sacha.remining.coming.analyzer.Main
Caused by: java.lang.ClassNotFoundException: fr.inria.sacha.remining.coming.analyzer.Main
",1,
/app/data/coming_data/pair_01416,False,"Error: Could not find or load main class fr.inria.sacha.remining.coming.analyzer.Main
Caused by: java.lang.ClassNotFoundException: fr.inria.sacha.remining.coming.analyzer.Main
",1,
/app/data/coming_data/pair_01417,False,"Error: Could not find or load main class fr.inria.sacha.remining.coming.analyzer.Main
Caused by: java.lang.ClassNotFoundException: fr.inria.sacha.remining.coming.analyzer.Main
",1,
/app/data/coming_data/pair_01418,False,"Error: Could not find or load main class fr.inria.sacha.remining.coming.analyzer.Main
Caused by: java.lang.ClassNotFoundException: fr.inria.sacha.remining.coming.analyzer.Main
",1,
/app/data/coming_data/pair_01419,False,"Error: Could not find or load main class fr.inria.sacha.remining.coming.analyzer.Main
Caused by: java.lang.ClassNotFoundException: fr.inria.sacha.remining.coming.analyzer.Main
",1,
/app/data/coming_data/pair_01420,False,"Error: Could not find or load main class fr.inria.sacha.remining.coming.analyzer.Main
Caused by: java.lang.ClassNotFoundException: fr.inria.sacha.remining.coming.analyzer.Main
",1,
/app/data/coming_data/pair_01421,False,"Error: Could not find or load main class fr.inria.sacha.remining.coming.analyzer.Main
Caused by: java.lang.ClassNotFoundException: fr.inria.sacha.remining.coming.analyzer.Main
",1,
/app/data/coming_data/pair_01422,False,"Error: Could not find or load main class fr.inria.sacha.remining.coming.analyzer.Main
Caused by: java.lang.ClassNotFoundException: fr.inria.sacha.remining.coming.analyzer.Main
",1,
/app/data/coming_data/pair_01423,False,"Error: Could not find or load main class fr.inria.sacha.remining.coming.analyzer.Main
Caused by: java.lang.ClassNotFoundException: fr.inria.sacha.remining.coming.analyzer.Main
",1,
/app/data/coming_data/pair_01424,False,"Error: Could not find or load main class fr.inria.sacha.remining.coming.analyzer.Main
Caused by: java.lang.ClassNotFoundException: fr.inria.sacha.remining.coming.analyzer.Main
",1,
/app/data/coming_data/pair_01425,False,"Error: Could not find or load main class fr.inria.sacha.remining.coming.analyzer.Main
Caused by: java.lang.ClassNotFoundException: fr.inria.sacha.remining.coming.analyzer.Main
",1,
/app/data/coming_data/pair_01426,False,"Error: Could not find or load main class fr.inria.sacha.remining.coming.analyzer.Main
Caused by: java.lang.ClassNotFoundException: fr.inria.sacha.remining.coming.analyzer.Main
",1,
/app/data/coming_data/pair_01427,False,"Error: Could not find or load main class fr.inria.sacha.remining.coming.analyzer.Main
Caused by: java.lang.ClassNotFoundException: fr.inria.sacha.remining.coming.analyzer.Main
",1,
/app/data/coming_data/pair_01428,False,"Error: Could not find or load main class fr.inria.sacha.remining.coming.analyzer.Main
Caused by: java.lang.ClassNotFoundException: fr.inria.sacha.remining.coming.analyzer.Main
",1,
/app/data/coming_data/pair_01429,False,"Error: Could not find or load main class fr.inria.sacha.remining.coming.analyzer.Main
Caused by: java.lang.ClassNotFoundException: fr.inria.sacha.remining.coming.analyzer.Main
",1,
/app/data/coming_data/pair_01430,False,"Error: Could not find or load main class fr.inria.sacha.remining.coming.analyzer.Main
Caused by: java.lang.ClassNotFoundException: fr.inria.sacha.remining.coming.analyzer.Main
",1,
/app/data/coming_data/pair_01431,False,"Error: Could not find or load main class fr.inria.sacha.remining.coming.analyzer.Main
Caused by: java.lang.ClassNotFoundException: fr.inria.sacha.remining.coming.analyzer.Main
",1,
/app/data/coming_data/pair_01432,False,"Error: Could not find or load main class fr.inria.sacha.remining.coming.analyzer.Main
Caused by: java.lang.ClassNotFoundException: fr.inria.sacha.remining.coming.analyzer.Main
",1,
/app/data/coming_data/pair_01433,False,"Error: Could not find or load main class fr.inria.sacha.remining.coming.analyzer.Main
Caused by: java.lang.ClassNotFoundException: fr.inria.sacha.remining.coming.analyzer.Main
",1,
/app/data/coming_data/pair_01434,False,"Error: Could not find or load main class fr.inria.sacha.remining.coming.analyzer.Main
Caused by: java.lang.ClassNotFoundException: fr.inria.sacha.remining.coming.analyzer.Main
",1,
/app/data/coming_data/pair_01435,False,"Error: Could not find or load main class fr.inria.sacha.remining.coming.analyzer.Main
Caused by: java.lang.ClassNotFoundException: fr.inria.sacha.remining.coming.analyzer.Main
",1,
/app/data/coming_data/pair_01436,False,"Error: Could not find or load main class fr.inria.sacha.remining.coming.analyzer.Main
Caused by: java.lang.ClassNotFoundException: fr.inria.sacha.remining.coming.analyzer.Main
",1,
/app/data/coming_data/pair_01437,False,"Error: Could not find or load main class fr.inria.sacha.remining.coming.analyzer.Main
Caused by: java.lang.ClassNotFoundException: fr.inria.sacha.remining.coming.analyzer.Main
",1,
/app/data/coming_data/pair_01438,False,"Error: Could not find or load main class fr.inria.sacha.remining.coming.analyzer.Main
Caused by: java.lang.ClassNotFoundException: fr.inria.sacha.remining.coming.analyzer.Main
",1,
/app/data/coming_data/pair_01439,False,"Error: Could not find or load main class fr.inria.sacha.remining.coming.analyzer.Main
Caused by: java.lang.ClassNotFoundException: fr.inria.sacha.remining.coming.analyzer.Main
",1,
/app/data/coming_data/pair_01440,False,"Error: Could not find or load main class fr.inria.sacha.remining.coming.analyzer.Main
Caused by: java.lang.ClassNotFoundException: fr.inria.sacha.remining.coming.analyzer.Main
",1,
/app/data/coming_data/pair_01441,False,"Error: Could not find or load main class fr.inria.sacha.remining.coming.analyzer.Main
Caused by: java.lang.ClassNotFoundException: fr.inria.sacha.remining.coming.analyzer.Main
",1,
/app/data/coming_data/pair_01442,False,"Error: Could not find or load main class fr.inria.sacha.remining.coming.analyzer.Main
Caused by: java.lang.ClassNotFoundException: fr.inria.sacha.remining.coming.analyzer.Main
",1,
/app/data/coming_data/pair_01443,False,"Error: Could not find or load main class fr.inria.sacha.remining.coming.analyzer.Main
Caused by: java.lang.ClassNotFoundException: fr.inria.sacha.remining.coming.analyzer.Main
",1,
/app/data/coming_data/pair_01444,False,"Error: Could not find or load main class fr.inria.sacha.remining.coming.analyzer.Main
Caused by: java.lang.ClassNotFoundException: fr.inria.sacha.remining.coming.analyzer.Main
",1,
/app/data/coming_data/pair_01445,False,"Error: Could not find or load main class fr.inria.sacha.remining.coming.analyzer.Main
Caused by: java.lang.ClassNotFoundException: fr.inria.sacha.remining.coming.analyzer.Main
",1,
/app/data/coming_data/pair_01446,False,"Error: Could not find or load main class fr.inria.sacha.remining.coming.analyzer.Main
Caused by: java.lang.ClassNotFoundException: fr.inria.sacha.remining.coming.analyzer.Main
",1,
/app/data/coming_data/pair_01447,False,"Error: Could not find or load main class fr.inria.sacha.remining.coming.analyzer.Main
Caused by: java.lang.ClassNotFoundException: fr.inria.sacha.remining.coming.analyzer.Main
",1,
/app/data/coming_data/pair_01448,False,"Error: Could not find or load main class fr.inria.sacha.remining.coming.analyzer.Main
Caused by: java.lang.ClassNotFoundException: fr.inria.sacha.remining.coming.analyzer.Main
",1,
/app/data/coming_data/pair_01449,False,"Error: Could not find or load main class fr.inria.sacha.remining.coming.analyzer.Main
Caused by: java.lang.ClassNotFoundException: fr.inria.sacha.remining.coming.analyzer.Main
",1,
/app/data/coming_data/pair_01450,False,"Error: Could not find or load main class fr.inria.sacha.remining.coming.analyzer.Main
Caused by: java.lang.ClassNotFoundException: fr.inria.sacha.remining.coming.analyzer.Main
",1,
/app/data/coming_data/pair_01451,False,"Error: Could not find or load main class fr.inria.sacha.remining.coming.analyzer.Main
Caused by: java.lang.ClassNotFoundException: fr.inria.sacha.remining.coming.analyzer.Main
",1,
/app/data/coming_data/pair_01452,False,"Error: Could not find or load main class fr.inria.sacha.remining.coming.analyzer.Main
Caused by: java.lang.ClassNotFoundException: fr.inria.sacha.remining.coming.analyzer.Main
",1,
/app/data/coming_data/pair_01453,False,"Error: Could not find or load main class fr.inria.sacha.remining.coming.analyzer.Main
Caused by: java.lang.ClassNotFoundException: fr.inria.sacha.remining.coming.analyzer.Main
",1,
/app/data/coming_data/pair_01454,False,"Error: Could not find or load main class fr.inria.sacha.remining.coming.analyzer.Main
Caused by: java.lang.ClassNotFoundException: fr.inria.sacha.remining.coming.analyzer.Main
",1,
/app/data/coming_data/pair_01455,False,"Error: Could not find or load main class fr.inria.sacha.remining.coming.analyzer.Main
Caused by: java.lang.ClassNotFoundException: fr.inria.sacha.remining.coming.analyzer.Main
",1,
/app/data/coming_data/pair_01456,False,"Error: Could not find or load main class fr.inria.sacha.remining.coming.analyzer.Main
Caused by: java.lang.ClassNotFoundException: fr.inria.sacha.remining.coming.analyzer.Main
",1,
/app/data/coming_data/pair_01457,False,"Error: Could not find or load main class fr.inria.sacha.remining.coming.analyzer.Main
Caused by: java.lang.ClassNotFoundException: fr.inria.sacha.remining.coming.analyzer.Main
",1,
/app/data/coming_data/pair_01458,False,"Error: Could not find or load main class fr.inria.sacha.remining.coming.analyzer.Main
Caused by: java.lang.ClassNotFoundException: fr.inria.sacha.remining.coming.analyzer.Main
",1,
/app/data/coming_data/pair_01459,False,"Error: Could not find or load main class fr.inria.sacha.remining.coming.analyzer.Main
Caused by: java.lang.ClassNotFoundException: fr.inria.sacha.remining.coming.analyzer.Main
",1,
/app/data/coming_data/pair_01460,False,"Error: Could not find or load main class fr.inria.sacha.remining.coming.analyzer.Main
Caused by: java.lang.ClassNotFoundException: fr.inria.sacha.remining.coming.analyzer.Main
",1,
/app/data/coming_data/pair_01461,False,"Error: Could not find or load main class fr.inria.sacha.remining.coming.analyzer.Main
Caused by: java.lang.ClassNotFoundException: fr.inria.sacha.remining.coming.analyzer.Main
",1,
/app/data/coming_data/pair_01462,False,"Error: Could not find or load main class fr.inria.sacha.remining.coming.analyzer.Main
Caused by: java.lang.ClassNotFoundException: fr.inria.sacha.remining.coming.analyzer.Main
",1,
/app/data/coming_data/pair_01463,False,"Error: Could not find or load main class fr.inria.sacha.remining.coming.analyzer.Main
Caused by: java.lang.ClassNotFoundException: fr.inria.sacha.remining.coming.analyzer.Main
",1,
/app/data/coming_data/pair_01464,False,"Error: Could not find or load main class fr.inria.sacha.remining.coming.analyzer.Main
Caused by: java.lang.ClassNotFoundException: fr.inria.sacha.remining.coming.analyzer.Main
",1,
/app/data/coming_data/pair_01465,False,"Error: Could not find or load main class fr.inria.sacha.remining.coming.analyzer.Main
Caused by: java.lang.ClassNotFoundException: fr.inria.sacha.remining.coming.analyzer.Main
",1,
/app/data/coming_data/pair_01466,False,"Error: Could not find or load main class fr.inria.sacha.remining.coming.analyzer.Main
Caused by: java.lang.ClassNotFoundException: fr.inria.sacha.remining.coming.analyzer.Main
",1,
/app/data/coming_data/pair_01467,False,"Error: Could not find or load main class fr.inria.sacha.remining.coming.analyzer.Main
Caused by: java.lang.ClassNotFoundException: fr.inria.sacha.remining.coming.analyzer.Main
",1,
/app/data/coming_data/pair_01468,False,"Error: Could not find or load main class fr.inria.sacha.remining.coming.analyzer.Main
Caused by: java.lang.ClassNotFoundException: fr.inria.sacha.remining.coming.analyzer.Main
",1,
/app/data/coming_data/pair_01469,False,"Error: Could not find or load main class fr.inria.sacha.remining.coming.analyzer.Main
Caused by: java.lang.ClassNotFoundException: fr.inria.sacha.remining.coming.analyzer.Main
",1,
/app/data/coming_data/pair_01470,False,"Error: Could not find or load main class fr.inria.sacha.remining.coming.analyzer.Main
Caused by: java.lang.ClassNotFoundException: fr.inria.sacha.remining.coming.analyzer.Main
",1,
/app/data/coming_data/pair_01471,False,"Error: Could not find or load main class fr.inria.sacha.remining.coming.analyzer.Main
Caused by: java.lang.ClassNotFoundException: fr.inria.sacha.remining.coming.analyzer.Main
",1,
/app/data/coming_data/pair_01472,False,"Error: Could not find or load main class fr.inria.sacha.remining.coming.analyzer.Main
Caused by: java.lang.ClassNotFoundException: fr.inria.sacha.remining.coming.analyzer.Main
",1,
/app/data/coming_data/pair_01473,False,"Error: Could not find or load main class fr.inria.sacha.remining.coming.analyzer.Main
Caused by: java.lang.ClassNotFoundException: fr.inria.sacha.remining.coming.analyzer.Main
",1,
/app/data/coming_data/pair_01474,False,"Error: Could not find or load main class fr.inria.sacha.remining.coming.analyzer.Main
Caused by: java.lang.ClassNotFoundException: fr.inria.sacha.remining.coming.analyzer.Main
",1,
/app/data/coming_data/pair_01475,False,"Error: Could not find or load main class fr.inria.sacha.remining.coming.analyzer.Main
Caused by: java.lang.ClassNotFoundException: fr.inria.sacha.remining.coming.analyzer.Main
",1,
/app/data/coming_data/pair_01476,False,"Error: Could not find or load main class fr.inria.sacha.remining.coming.analyzer.Main
Caused by: java.lang.ClassNotFoundException: fr.inria.sacha.remining.coming.analyzer.Main
",1,
/app/data/coming_data/pair_01477,False,"Error: Could not find or load main class fr.inria.sacha.remining.coming.analyzer.Main
Caused by: java.lang.ClassNotFoundException: fr.inria.sacha.remining.coming.analyzer.Main
",1,
/app/data/coming_data/pair_01478,False,"Error: Could not find or load main class fr.inria.sacha.remining.coming.analyzer.Main
Caused by: java.lang.ClassNotFoundException: fr.inria.sacha.remining.coming.analyzer.Main
",1,
/app/data/coming_data/pair_01479,False,"Error: Could not find or load main class fr.inria.sacha.remining.coming.analyzer.Main
Caused by: java.lang.ClassNotFoundException: fr.inria.sacha.remining.coming.analyzer.Main
",1,
/app/data/coming_data/pair_01480,False,"Error: Could not find or load main class fr.inria.sacha.remining.coming.analyzer.Main
Caused by: java.lang.ClassNotFoundException: fr.inria.sacha.remining.coming.analyzer.Main
",1,
/app/data/coming_data/pair_01481,False,"Error: Could not find or load main class fr.inria.sacha.remining.coming.analyzer.Main
Caused by: java.lang.ClassNotFoundException: fr.inria.sacha.remining.coming.analyzer.Main
",1,
/app/data/coming_data/pair_01482,False,"Error: Could not find or load main class fr.inria.sacha.remining.coming.analyzer.Main
Caused by: java.lang.ClassNotFoundException: fr.inria.sacha.remining.coming.analyzer.Main
",1,
/app/data/coming_data/pair_01483,False,"Error: Could not find or load main class fr.inria.sacha.remining.coming.analyzer.Main
Caused by: java.lang.ClassNotFoundException: fr.inria.sacha.remining.coming.analyzer.Main
",1,
/app/data/coming_data/pair_01484,False,"Error: Could not find or load main class fr.inria.sacha.remining.coming.analyzer.Main
Caused by: java.lang.ClassNotFoundException: fr.inria.sacha.remining.coming.analyzer.Main
",1,
/app/data/coming_data/pair_01485,False,"Error: Could not find or load main class fr.inria.sacha.remining.coming.analyzer.Main
Caused by: java.lang.ClassNotFoundException: fr.inria.sacha.remining.coming.analyzer.Main
",1,
/app/data/coming_data/pair_01486,False,"Error: Could not find or load main class fr.inria.sacha.remining.coming.analyzer.Main
Caused by: java.lang.ClassNotFoundException: fr.inria.sacha.remining.coming.analyzer.Main
",1,
/app/data/coming_data/pair_01487,False,"Error: Could not find or load main class fr.inria.sacha.remining.coming.analyzer.Main
Caused by: java.lang.ClassNotFoundException: fr.inria.sacha.remining.coming.analyzer.Main
",1,
/app/data/coming_data/pair_01488,False,"Error: Could not find or load main class fr.inria.sacha.remining.coming.analyzer.Main
Caused by: java.lang.ClassNotFoundException: fr.inria.sacha.remining.coming.analyzer.Main
",1,
/app/data/coming_data/pair_01489,False,"Error: Could not find or load main class fr.inria.sacha.remining.coming.analyzer.Main
Caused by: java.lang.ClassNotFoundException: fr.inria.sacha.remining.coming.analyzer.Main
",1,
/app/data/coming_data/pair_01490,False,"Error: Could not find or load main class fr.inria.sacha.remining.coming.analyzer.Main
Caused by: java.lang.ClassNotFoundException: fr.inria.sacha.remining.coming.analyzer.Main
",1,
/app/data/coming_data/pair_01491,False,"Error: Could not find or load main class fr.inria.sacha.remining.coming.analyzer.Main
Caused by: java.lang.ClassNotFoundException: fr.inria.sacha.remining.coming.analyzer.Main
",1,
/app/data/coming_data/pair_01492,False,"Error: Could not find or load main class fr.inria.sacha.remining.coming.analyzer.Main
Caused by: java.lang.ClassNotFoundException: fr.inria.sacha.remining.coming.analyzer.Main
",1,
/app/data/coming_data/pair_01493,False,"Error: Could not find or load main class fr.inria.sacha.remining.coming.analyzer.Main
Caused by: java.lang.ClassNotFoundException: fr.inria.sacha.remining.coming.analyzer.Main
",1,
/app/data/coming_data/pair_01494,False,"Error: Could not find or load main class fr.inria.sacha.remining.coming.analyzer.Main
Caused by: java.lang.ClassNotFoundException: fr.inria.sacha.remining.coming.analyzer.Main
",1,
/app/data/coming_data/pair_01495,False,"Error: Could not find or load main class fr.inria.sacha.remining.coming.analyzer.Main
Caused by: java.lang.ClassNotFoundException: fr.inria.sacha.remining.coming.analyzer.Main
",1,
/app/data/coming_data/pair_01496,False,"Error: Could not find or load main class fr.inria.sacha.remining.coming.analyzer.Main
Caused by: java.lang.ClassNotFoundException: fr.inria.sacha.remining.coming.analyzer.Main
",1,
/app/data/coming_data/pair_01497,False,"Error: Could not find or load main class fr.inria.sacha.remining.coming.analyzer.Main
Caused by: java.lang.ClassNotFoundException: fr.inria.sacha.remining.coming.analyzer.Main
",1,
/app/data/coming_data/pair_01498,False,"Error: Could not find or load main class fr.inria.sacha.remining.coming.analyzer.Main
Caused by: java.lang.ClassNotFoundException: fr.inria.sacha.remining.coming.analyzer.Main
",1,
/app/data/coming_data/pair_01499,False,"Error: Could not find or load main class fr.inria.sacha.remining.coming.analyzer.Main
Caused by: java.lang.ClassNotFoundException: fr.inria.sacha.remining.coming.analyzer.Main
",1,
/app/data/coming_data/pair_01500,False,"Error: Could not find or load main class fr.inria.sacha.remining.coming.analyzer.Main
Caused by: java.lang.ClassNotFoundException: fr.inria.sacha.remining.coming.analyzer.Main
",1,
/app/data/coming_data/pair_01501,False,"Error: Could not find or load main class fr.inria.sacha.remining.coming.analyzer.Main
Caused by: java.lang.ClassNotFoundException: fr.inria.sacha.remining.coming.analyzer.Main
",1,
/app/data/coming_data/pair_01502,False,"Error: Could not find or load main class fr.inria.sacha.remining.coming.analyzer.Main
Caused by: java.lang.ClassNotFoundException: fr.inria.sacha.remining.coming.analyzer.Main
",1,
/app/data/coming_data/pair_01503,False,"Error: Could not find or load main class fr.inria.sacha.remining.coming.analyzer.Main
Caused by: java.lang.ClassNotFoundException: fr.inria.sacha.remining.coming.analyzer.Main
",1,
/app/data/coming_data/pair_01504,False,"Error: Could not find or load main class fr.inria.sacha.remining.coming.analyzer.Main
Caused by: java.lang.ClassNotFoundException: fr.inria.sacha.remining.coming.analyzer.Main
",1,
/app/data/coming_data/pair_01505,False,"Error: Could not find or load main class fr.inria.sacha.remining.coming.analyzer.Main
Caused by: java.lang.ClassNotFoundException: fr.inria.sacha.remining.coming.analyzer.Main
",1,
/app/data/coming_data/pair_01506,False,"Error: Could not find or load main class fr.inria.sacha.remining.coming.analyzer.Main
Caused by: java.lang.ClassNotFoundException: fr.inria.sacha.remining.coming.analyzer.Main
",1,
/app/data/coming_data/pair_01507,False,"Error: Could not find or load main class fr.inria.sacha.remining.coming.analyzer.Main
Caused by: java.lang.ClassNotFoundException: fr.inria.sacha.remining.coming.analyzer.Main
",1,
/app/data/coming_data/pair_01508,False,"Error: Could not find or load main class fr.inria.sacha.remining.coming.analyzer.Main
Caused by: java.lang.ClassNotFoundException: fr.inria.sacha.remining.coming.analyzer.Main
",1,
/app/data/coming_data/pair_01509,False,"Error: Could not find or load main class fr.inria.sacha.remining.coming.analyzer.Main
Caused by: java.lang.ClassNotFoundException: fr.inria.sacha.remining.coming.analyzer.Main
",1,
/app/data/coming_data/pair_01510,False,"Error: Could not find or load main class fr.inria.sacha.remining.coming.analyzer.Main
Caused by: java.lang.ClassNotFoundException: fr.inria.sacha.remining.coming.analyzer.Main
",1,
/app/data/coming_data/pair_01511,False,"Error: Could not find or load main class fr.inria.sacha.remining.coming.analyzer.Main
Caused by: java.lang.ClassNotFoundException: fr.inria.sacha.remining.coming.analyzer.Main
",1,
/app/data/coming_data/pair_01512,False,"Error: Could not find or load main class fr.inria.sacha.remining.coming.analyzer.Main
Caused by: java.lang.ClassNotFoundException: fr.inria.sacha.remining.coming.analyzer.Main
",1,
/app/data/coming_data/pair_01513,False,"Error: Could not find or load main class fr.inria.sacha.remining.coming.analyzer.Main
Caused by: java.lang.ClassNotFoundException: fr.inria.sacha.remining.coming.analyzer.Main
",1,
/app/data/coming_data/pair_01514,False,"Error: Could not find or load main class fr.inria.sacha.remining.coming.analyzer.Main
Caused by: java.lang.ClassNotFoundException: fr.inria.sacha.remining.coming.analyzer.Main
",1,
/app/data/coming_data/pair_01515,False,"Error: Could not find or load main class fr.inria.sacha.remining.coming.analyzer.Main
Caused by: java.lang.ClassNotFoundException: fr.inria.sacha.remining.coming.analyzer.Main
",1,
/app/data/coming_data/pair_01516,False,"Error: Could not find or load main class fr.inria.sacha.remining.coming.analyzer.Main
Caused by: java.lang.ClassNotFoundException: fr.inria.sacha.remining.coming.analyzer.Main
",1,
/app/data/coming_data/pair_01517,False,"Error: Could not find or load main class fr.inria.sacha.remining.coming.analyzer.Main
Caused by: java.lang.ClassNotFoundException: fr.inria.sacha.remining.coming.analyzer.Main
",1,
/app/data/coming_data/pair_01518,False,"Error: Could not find or load main class fr.inria.sacha.remining.coming.analyzer.Main
Caused by: java.lang.ClassNotFoundException: fr.inria.sacha.remining.coming.analyzer.Main
",1,
/app/data/coming_data/pair_01519,False,"Error: Could not find or load main class fr.inria.sacha.remining.coming.analyzer.Main
Caused by: java.lang.ClassNotFoundException: fr.inria.sacha.remining.coming.analyzer.Main
",1,
/app/data/coming_data/pair_01520,False,"Error: Could not find or load main class fr.inria.sacha.remining.coming.analyzer.Main
Caused by: java.lang.ClassNotFoundException: fr.inria.sacha.remining.coming.analyzer.Main
",1,
/app/data/coming_data/pair_01521,False,"Error: Could not find or load main class fr.inria.sacha.remining.coming.analyzer.Main
Caused by: java.lang.ClassNotFoundException: fr.inria.sacha.remining.coming.analyzer.Main
",1,
/app/data/coming_data/pair_01522,False,"Error: Could not find or load main class fr.inria.sacha.remining.coming.analyzer.Main
Caused by: java.lang.ClassNotFoundException: fr.inria.sacha.remining.coming.analyzer.Main
",1,
/app/data/coming_data/pair_01523,False,"Error: Could not find or load main class fr.inria.sacha.remining.coming.analyzer.Main
Caused by: java.lang.ClassNotFoundException: fr.inria.sacha.remining.coming.analyzer.Main
",1,
/app/data/coming_data/pair_01524,False,"Error: Could not find or load main class fr.inria.sacha.remining.coming.analyzer.Main
Caused by: java.lang.ClassNotFoundException: fr.inria.sacha.remining.coming.analyzer.Main
",1,
/app/data/coming_data/pair_01525,False,"Error: Could not find or load main class fr.inria.sacha.remining.coming.analyzer.Main
Caused by: java.lang.ClassNotFoundException: fr.inria.sacha.remining.coming.analyzer.Main
",1,
/app/data/coming_data/pair_01526,False,"Error: Could not find or load main class fr.inria.sacha.remining.coming.analyzer.Main
Caused by: java.lang.ClassNotFoundException: fr.inria.sacha.remining.coming.analyzer.Main
",1,
/app/data/coming_data/pair_01527,False,"Error: Could not find or load main class fr.inria.sacha.remining.coming.analyzer.Main
Caused by: java.lang.ClassNotFoundException: fr.inria.sacha.remining.coming.analyzer.Main
",1,
/app/data/coming_data/pair_01528,False,"Error: Could not find or load main class fr.inria.sacha.remining.coming.analyzer.Main
Caused by: java.lang.ClassNotFoundException: fr.inria.sacha.remining.coming.analyzer.Main
",1,
/app/data/coming_data/pair_01529,False,"Error: Could not find or load main class fr.inria.sacha.remining.coming.analyzer.Main
Caused by: java.lang.ClassNotFoundException: fr.inria.sacha.remining.coming.analyzer.Main
",1,
/app/data/coming_data/pair_01530,False,"Error: Could not find or load main class fr.inria.sacha.remining.coming.analyzer.Main
Caused by: java.lang.ClassNotFoundException: fr.inria.sacha.remining.coming.analyzer.Main
",1,
/app/data/coming_data/pair_01531,False,"Error: Could not find or load main class fr.inria.sacha.remining.coming.analyzer.Main
Caused by: java.lang.ClassNotFoundException: fr.inria.sacha.remining.coming.analyzer.Main
",1,
/app/data/coming_data/pair_01532,False,"Error: Could not find or load main class fr.inria.sacha.remining.coming.analyzer.Main
Caused by: java.lang.ClassNotFoundException: fr.inria.sacha.remining.coming.analyzer.Main
",1,
/app/data/coming_data/pair_01533,False,"Error: Could not find or load main class fr.inria.sacha.remining.coming.analyzer.Main
Caused by: java.lang.ClassNotFoundException: fr.inria.sacha.remining.coming.analyzer.Main
",1,
/app/data/coming_data/pair_01534,False,"Error: Could not find or load main class fr.inria.sacha.remining.coming.analyzer.Main
Caused by: java.lang.ClassNotFoundException: fr.inria.sacha.remining.coming.analyzer.Main
",1,
/app/data/coming_data/pair_01535,False,"Error: Could not find or load main class fr.inria.sacha.remining.coming.analyzer.Main
Caused by: java.lang.ClassNotFoundException: fr.inria.sacha.remining.coming.analyzer.Main
",1,
/app/data/coming_data/pair_01536,False,"Error: Could not find or load main class fr.inria.sacha.remining.coming.analyzer.Main
Caused by: java.lang.ClassNotFoundException: fr.inria.sacha.remining.coming.analyzer.Main
",1,
/app/data/coming_data/pair_01537,False,"Error: Could not find or load main class fr.inria.sacha.remining.coming.analyzer.Main
Caused by: java.lang.ClassNotFoundException: fr.inria.sacha.remining.coming.analyzer.Main
",1,
/app/data/coming_data/pair_01538,False,"Error: Could not find or load main class fr.inria.sacha.remining.coming.analyzer.Main
Caused by: java.lang.ClassNotFoundException: fr.inria.sacha.remining.coming.analyzer.Main
",1,
/app/data/coming_data/pair_01539,False,"Error: Could not find or load main class fr.inria.sacha.remining.coming.analyzer.Main
Caused by: java.lang.ClassNotFoundException: fr.inria.sacha.remining.coming.analyzer.Main
",1,
/app/data/coming_data/pair_01540,False,"Error: Could not find or load main class fr.inria.sacha.remining.coming.analyzer.Main
Caused by: java.lang.ClassNotFoundException: fr.inria.sacha.remining.coming.analyzer.Main
",1,
/app/data/coming_data/pair_01541,False,"Error: Could not find or load main class fr.inria.sacha.remining.coming.analyzer.Main
Caused by: java.lang.ClassNotFoundException: fr.inria.sacha.remining.coming.analyzer.Main
",1,
/app/data/coming_data/pair_01542,False,"Error: Could not find or load main class fr.inria.sacha.remining.coming.analyzer.Main
Caused by: java.lang.ClassNotFoundException: fr.inria.sacha.remining.coming.analyzer.Main
",1,
/app/data/coming_data/pair_01543,False,"Error: Could not find or load main class fr.inria.sacha.remining.coming.analyzer.Main
Caused by: java.lang.ClassNotFoundException: fr.inria.sacha.remining.coming.analyzer.Main
",1,
/app/data/coming_data/pair_01544,False,"Error: Could not find or load main class fr.inria.sacha.remining.coming.analyzer.Main
Caused by: java.lang.ClassNotFoundException: fr.inria.sacha.remining.coming.analyzer.Main
",1,
/app/data/coming_data/pair_01545,False,"Error: Could not find or load main class fr.inria.sacha.remining.coming.analyzer.Main
Caused by: java.lang.ClassNotFoundException: fr.inria.sacha.remining.coming.analyzer.Main
",1,
/app/data/coming_data/pair_01546,False,"Error: Could not find or load main class fr.inria.sacha.remining.coming.analyzer.Main
Caused by: java.lang.ClassNotFoundException: fr.inria.sacha.remining.coming.analyzer.Main
",1,
/app/data/coming_data/pair_01547,False,"Error: Could not find or load main class fr.inria.sacha.remining.coming.analyzer.Main
Caused by: java.lang.ClassNotFoundException: fr.inria.sacha.remining.coming.analyzer.Main
",1,
/app/data/coming_data/pair_01548,False,"Error: Could not find or load main class fr.inria.sacha.remining.coming.analyzer.Main
Caused by: java.lang.ClassNotFoundException: fr.inria.sacha.remining.coming.analyzer.Main
",1,
/app/data/coming_data/pair_01549,False,"Error: Could not find or load main class fr.inria.sacha.remining.coming.analyzer.Main
Caused by: java.lang.ClassNotFoundException: fr.inria.sacha.remining.coming.analyzer.Main
",1,
/app/data/coming_data/pair_01550,False,"Error: Could not find or load main class fr.inria.sacha.remining.coming.analyzer.Main
Caused by: java.lang.ClassNotFoundException: fr.inria.sacha.remining.coming.analyzer.Main
",1,
/app/data/coming_data/pair_01551,False,"Error: Could not find or load main class fr.inria.sacha.remining.coming.analyzer.Main
Caused by: java.lang.ClassNotFoundException: fr.inria.sacha.remining.coming.analyzer.Main
",1,
/app/data/coming_data/pair_01552,False,"Error: Could not find or load main class fr.inria.sacha.remining.coming.analyzer.Main
Caused by: java.lang.ClassNotFoundException: fr.inria.sacha.remining.coming.analyzer.Main
",1,
/app/data/coming_data/pair_01553,False,"Error: Could not find or load main class fr.inria.sacha.remining.coming.analyzer.Main
Caused by: java.lang.ClassNotFoundException: fr.inria.sacha.remining.coming.analyzer.Main
",1,
/app/data/coming_data/pair_01554,False,"Error: Could not find or load main class fr.inria.sacha.remining.coming.analyzer.Main
Caused by: java.lang.ClassNotFoundException: fr.inria.sacha.remining.coming.analyzer.Main
",1,
/app/data/coming_data/pair_01555,False,"Error: Could not find or load main class fr.inria.sacha.remining.coming.analyzer.Main
Caused by: java.lang.ClassNotFoundException: fr.inria.sacha.remining.coming.analyzer.Main
",1,
/app/data/coming_data/pair_01556,False,"Error: Could not find or load main class fr.inria.sacha.remining.coming.analyzer.Main
Caused by: java.lang.ClassNotFoundException: fr.inria.sacha.remining.coming.analyzer.Main
",1,
/app/data/coming_data/pair_01557,False,"Error: Could not find or load main class fr.inria.sacha.remining.coming.analyzer.Main
Caused by: java.lang.ClassNotFoundException: fr.inria.sacha.remining.coming.analyzer.Main
",1,
/app/data/coming_data/pair_01558,False,"Error: Could not find or load main class fr.inria.sacha.remining.coming.analyzer.Main
Caused by: java.lang.ClassNotFoundException: fr.inria.sacha.remining.coming.analyzer.Main
",1,
/app/data/coming_data/pair_01559,False,"Error: Could not find or load main class fr.inria.sacha.remining.coming.analyzer.Main
Caused by: java.lang.ClassNotFoundException: fr.inria.sacha.remining.coming.analyzer.Main
",1,
/app/data/coming_data/pair_01560,False,"Error: Could not find or load main class fr.inria.sacha.remining.coming.analyzer.Main
Caused by: java.lang.ClassNotFoundException: fr.inria.sacha.remining.coming.analyzer.Main
",1,
/app/data/coming_data/pair_01561,False,"Error: Could not find or load main class fr.inria.sacha.remining.coming.analyzer.Main
Caused by: java.lang.ClassNotFoundException: fr.inria.sacha.remining.coming.analyzer.Main
",1,
/app/data/coming_data/pair_01562,False,"Error: Could not find or load main class fr.inria.sacha.remining.coming.analyzer.Main
Caused by: java.lang.ClassNotFoundException: fr.inria.sacha.remining.coming.analyzer.Main
",1,
/app/data/coming_data/pair_01563,False,"Error: Could not find or load main class fr.inria.sacha.remining.coming.analyzer.Main
Caused by: java.lang.ClassNotFoundException: fr.inria.sacha.remining.coming.analyzer.Main
",1,
/app/data/coming_data/pair_01564,False,"Error: Could not find or load main class fr.inria.sacha.remining.coming.analyzer.Main
Caused by: java.lang.ClassNotFoundException: fr.inria.sacha.remining.coming.analyzer.Main
",1,
/app/data/coming_data/pair_01565,False,"Error: Could not find or load main class fr.inria.sacha.remining.coming.analyzer.Main
Caused by: java.lang.ClassNotFoundException: fr.inria.sacha.remining.coming.analyzer.Main
",1,
/app/data/coming_data/pair_01566,False,"Error: Could not find or load main class fr.inria.sacha.remining.coming.analyzer.Main
Caused by: java.lang.ClassNotFoundException: fr.inria.sacha.remining.coming.analyzer.Main
",1,
/app/data/coming_data/pair_01567,False,"Error: Could not find or load main class fr.inria.sacha.remining.coming.analyzer.Main
Caused by: java.lang.ClassNotFoundException: fr.inria.sacha.remining.coming.analyzer.Main
",1,
/app/data/coming_data/pair_01568,False,"Error: Could not find or load main class fr.inria.sacha.remining.coming.analyzer.Main
Caused by: java.lang.ClassNotFoundException: fr.inria.sacha.remining.coming.analyzer.Main
",1,
/app/data/coming_data/pair_01569,False,"Error: Could not find or load main class fr.inria.sacha.remining.coming.analyzer.Main
Caused by: java.lang.ClassNotFoundException: fr.inria.sacha.remining.coming.analyzer.Main
",1,
/app/data/coming_data/pair_01570,False,"Error: Could not find or load main class fr.inria.sacha.remining.coming.analyzer.Main
Caused by: java.lang.ClassNotFoundException: fr.inria.sacha.remining.coming.analyzer.Main
",1,
/app/data/coming_data/pair_01571,False,"Error: Could not find or load main class fr.inria.sacha.remining.coming.analyzer.Main
Caused by: java.lang.ClassNotFoundException: fr.inria.sacha.remining.coming.analyzer.Main
",1,
/app/data/coming_data/pair_01572,False,"Error: Could not find or load main class fr.inria.sacha.remining.coming.analyzer.Main
Caused by: java.lang.ClassNotFoundException: fr.inria.sacha.remining.coming.analyzer.Main
",1,
/app/data/coming_data/pair_01573,False,"Error: Could not find or load main class fr.inria.sacha.remining.coming.analyzer.Main
Caused by: java.lang.ClassNotFoundException: fr.inria.sacha.remining.coming.analyzer.Main
",1,
/app/data/coming_data/pair_01574,False,"Error: Could not find or load main class fr.inria.sacha.remining.coming.analyzer.Main
Caused by: java.lang.ClassNotFoundException: fr.inria.sacha.remining.coming.analyzer.Main
",1,
/app/data/coming_data/pair_01575,False,"Error: Could not find or load main class fr.inria.sacha.remining.coming.analyzer.Main
Caused by: java.lang.ClassNotFoundException: fr.inria.sacha.remining.coming.analyzer.Main
",1,
/app/data/coming_data/pair_01576,False,"Error: Could not find or load main class fr.inria.sacha.remining.coming.analyzer.Main
Caused by: java.lang.ClassNotFoundException: fr.inria.sacha.remining.coming.analyzer.Main
",1,
/app/data/coming_data/pair_01577,False,"Error: Could not find or load main class fr.inria.sacha.remining.coming.analyzer.Main
Caused by: java.lang.ClassNotFoundException: fr.inria.sacha.remining.coming.analyzer.Main
",1,
/app/data/coming_data/pair_01578,False,"Error: Could not find or load main class fr.inria.sacha.remining.coming.analyzer.Main
Caused by: java.lang.ClassNotFoundException: fr.inria.sacha.remining.coming.analyzer.Main
",1,
/app/data/coming_data/pair_01579,False,"Error: Could not find or load main class fr.inria.sacha.remining.coming.analyzer.Main
Caused by: java.lang.ClassNotFoundException: fr.inria.sacha.remining.coming.analyzer.Main
",1,
/app/data/coming_data/pair_01580,False,"Error: Could not find or load main class fr.inria.sacha.remining.coming.analyzer.Main
Caused by: java.lang.ClassNotFoundException: fr.inria.sacha.remining.coming.analyzer.Main
",1,
/app/data/coming_data/pair_01581,False,"Error: Could not find or load main class fr.inria.sacha.remining.coming.analyzer.Main
Caused by: java.lang.ClassNotFoundException: fr.inria.sacha.remining.coming.analyzer.Main
",1,
/app/data/coming_data/pair_01582,False,"Error: Could not find or load main class fr.inria.sacha.remining.coming.analyzer.Main
Caused by: java.lang.ClassNotFoundException: fr.inria.sacha.remining.coming.analyzer.Main
",1,
/app/data/coming_data/pair_01583,False,"Error: Could not find or load main class fr.inria.sacha.remining.coming.analyzer.Main
Caused by: java.lang.ClassNotFoundException: fr.inria.sacha.remining.coming.analyzer.Main
",1,
/app/data/coming_data/pair_01584,False,"Error: Could not find or load main class fr.inria.sacha.remining.coming.analyzer.Main
Caused by: java.lang.ClassNotFoundException: fr.inria.sacha.remining.coming.analyzer.Main
",1,
/app/data/coming_data/pair_01585,False,"Error: Could not find or load main class fr.inria.sacha.remining.coming.analyzer.Main
Caused by: java.lang.ClassNotFoundException: fr.inria.sacha.remining.coming.analyzer.Main
",1,
/app/data/coming_data/pair_01586,False,"Error: Could not find or load main class fr.inria.sacha.remining.coming.analyzer.Main
Caused by: java.lang.ClassNotFoundException: fr.inria.sacha.remining.coming.analyzer.Main
",1,
/app/data/coming_data/pair_01587,False,"Error: Could not find or load main class fr.inria.sacha.remining.coming.analyzer.Main
Caused by: java.lang.ClassNotFoundException: fr.inria.sacha.remining.coming.analyzer.Main
",1,
/app/data/coming_data/pair_01588,False,"Error: Could not find or load main class fr.inria.sacha.remining.coming.analyzer.Main
Caused by: java.lang.ClassNotFoundException: fr.inria.sacha.remining.coming.analyzer.Main
",1,
/app/data/coming_data/pair_01589,False,"Error: Could not find or load main class fr.inria.sacha.remining.coming.analyzer.Main
Caused by: java.lang.ClassNotFoundException: fr.inria.sacha.remining.coming.analyzer.Main
",1,
/app/data/coming_data/pair_01590,False,"Error: Could not find or load main class fr.inria.sacha.remining.coming.analyzer.Main
Caused by: java.lang.ClassNotFoundException: fr.inria.sacha.remining.coming.analyzer.Main
",1,
/app/data/coming_data/pair_01591,False,"Error: Could not find or load main class fr.inria.sacha.remining.coming.analyzer.Main
Caused by: java.lang.ClassNotFoundException: fr.inria.sacha.remining.coming.analyzer.Main
",1,
/app/data/coming_data/pair_01592,False,"Error: Could not find or load main class fr.inria.sacha.remining.coming.analyzer.Main
Caused by: java.lang.ClassNotFoundException: fr.inria.sacha.remining.coming.analyzer.Main
",1,
/app/data/coming_data/pair_01593,False,"Error: Could not find or load main class fr.inria.sacha.remining.coming.analyzer.Main
Caused by: java.lang.ClassNotFoundException: fr.inria.sacha.remining.coming.analyzer.Main
",1,
/app/data/coming_data/pair_01594,False,"Error: Could not find or load main class fr.inria.sacha.remining.coming.analyzer.Main
Caused by: java.lang.ClassNotFoundException: fr.inria.sacha.remining.coming.analyzer.Main
",1,
/app/data/coming_data/pair_01595,False,"Error: Could not find or load main class fr.inria.sacha.remining.coming.analyzer.Main
Caused by: java.lang.ClassNotFoundException: fr.inria.sacha.remining.coming.analyzer.Main
",1,
/app/data/coming_data/pair_01596,False,"Error: Could not find or load main class fr.inria.sacha.remining.coming.analyzer.Main
Caused by: java.lang.ClassNotFoundException: fr.inria.sacha.remining.coming.analyzer.Main
",1,
/app/data/coming_data/pair_01597,False,"Error: Could not find or load main class fr.inria.sacha.remining.coming.analyzer.Main
Caused by: java.lang.ClassNotFoundException: fr.inria.sacha.remining.coming.analyzer.Main
",1,
/app/data/coming_data/pair_01598,False,"Error: Could not find or load main class fr.inria.sacha.remining.coming.analyzer.Main
Caused by: java.lang.ClassNotFoundException: fr.inria.sacha.remining.coming.analyzer.Main
",1,
/app/data/coming_data/pair_01599,False,"Error: Could not find or load main class fr.inria.sacha.remining.coming.analyzer.Main
Caused by: java.lang.ClassNotFoundException: fr.inria.sacha.remining.coming.analyzer.Main
",1,
/app/data/coming_data/pair_01600,False,"Error: Could not find or load main class fr.inria.sacha.remining.coming.analyzer.Main
Caused by: java.lang.ClassNotFoundException: fr.inria.sacha.remining.coming.analyzer.Main
",1,
/app/data/coming_data/pair_01601,False,"Error: Could not find or load main class fr.inria.sacha.remining.coming.analyzer.Main
Caused by: java.lang.ClassNotFoundException: fr.inria.sacha.remining.coming.analyzer.Main
",1,
/app/data/coming_data/pair_01602,False,"Error: Could not find or load main class fr.inria.sacha.remining.coming.analyzer.Main
Caused by: java.lang.ClassNotFoundException: fr.inria.sacha.remining.coming.analyzer.Main
",1,
/app/data/coming_data/pair_01603,False,"Error: Could not find or load main class fr.inria.sacha.remining.coming.analyzer.Main
Caused by: java.lang.ClassNotFoundException: fr.inria.sacha.remining.coming.analyzer.Main
",1,
/app/data/coming_data/pair_01604,False,"Error: Could not find or load main class fr.inria.sacha.remining.coming.analyzer.Main
Caused by: java.lang.ClassNotFoundException: fr.inria.sacha.remining.coming.analyzer.Main
",1,
/app/data/coming_data/pair_01605,False,"Error: Could not find or load main class fr.inria.sacha.remining.coming.analyzer.Main
Caused by: java.lang.ClassNotFoundException: fr.inria.sacha.remining.coming.analyzer.Main
",1,
/app/data/coming_data/pair_01606,False,"Error: Could not find or load main class fr.inria.sacha.remining.coming.analyzer.Main
Caused by: java.lang.ClassNotFoundException: fr.inria.sacha.remining.coming.analyzer.Main
",1,
/app/data/coming_data/pair_01607,False,"Error: Could not find or load main class fr.inria.sacha.remining.coming.analyzer.Main
Caused by: java.lang.ClassNotFoundException: fr.inria.sacha.remining.coming.analyzer.Main
",1,
/app/data/coming_data/pair_01608,False,"Error: Could not find or load main class fr.inria.sacha.remining.coming.analyzer.Main
Caused by: java.lang.ClassNotFoundException: fr.inria.sacha.remining.coming.analyzer.Main
",1,
/app/data/coming_data/pair_01609,False,"Error: Could not find or load main class fr.inria.sacha.remining.coming.analyzer.Main
Caused by: java.lang.ClassNotFoundException: fr.inria.sacha.remining.coming.analyzer.Main
",1,
/app/data/coming_data/pair_01610,False,"Error: Could not find or load main class fr.inria.sacha.remining.coming.analyzer.Main
Caused by: java.lang.ClassNotFoundException: fr.inria.sacha.remining.coming.analyzer.Main
",1,
/app/data/coming_data/pair_01611,False,"Error: Could not find or load main class fr.inria.sacha.remining.coming.analyzer.Main
Caused by: java.lang.ClassNotFoundException: fr.inria.sacha.remining.coming.analyzer.Main
",1,
/app/data/coming_data/pair_01612,False,"Error: Could not find or load main class fr.inria.sacha.remining.coming.analyzer.Main
Caused by: java.lang.ClassNotFoundException: fr.inria.sacha.remining.coming.analyzer.Main
",1,
/app/data/coming_data/pair_01613,False,"Error: Could not find or load main class fr.inria.sacha.remining.coming.analyzer.Main
Caused by: java.lang.ClassNotFoundException: fr.inria.sacha.remining.coming.analyzer.Main
",1,
/app/data/coming_data/pair_01614,False,"Error: Could not find or load main class fr.inria.sacha.remining.coming.analyzer.Main
Caused by: java.lang.ClassNotFoundException: fr.inria.sacha.remining.coming.analyzer.Main
",1,
/app/data/coming_data/pair_01615,False,"Error: Could not find or load main class fr.inria.sacha.remining.coming.analyzer.Main
Caused by: java.lang.ClassNotFoundException: fr.inria.sacha.remining.coming.analyzer.Main
",1,
/app/data/coming_data/pair_01616,False,"Error: Could not find or load main class fr.inria.sacha.remining.coming.analyzer.Main
Caused by: java.lang.ClassNotFoundException: fr.inria.sacha.remining.coming.analyzer.Main
",1,
/app/data/coming_data/pair_01617,False,"Error: Could not find or load main class fr.inria.sacha.remining.coming.analyzer.Main
Caused by: java.lang.ClassNotFoundException: fr.inria.sacha.remining.coming.analyzer.Main
",1,
/app/data/coming_data/pair_01618,False,"Error: Could not find or load main class fr.inria.sacha.remining.coming.analyzer.Main
Caused by: java.lang.ClassNotFoundException: fr.inria.sacha.remining.coming.analyzer.Main
",1,
/app/data/coming_data/pair_01619,False,"Error: Could not find or load main class fr.inria.sacha.remining.coming.analyzer.Main
Caused by: java.lang.ClassNotFoundException: fr.inria.sacha.remining.coming.analyzer.Main
",1,
/app/data/coming_data/pair_01620,False,"Error: Could not find or load main class fr.inria.sacha.remining.coming.analyzer.Main
Caused by: java.lang.ClassNotFoundException: fr.inria.sacha.remining.coming.analyzer.Main
",1,
/app/data/coming_data/pair_01621,False,"Error: Could not find or load main class fr.inria.sacha.remining.coming.analyzer.Main
Caused by: java.lang.ClassNotFoundException: fr.inria.sacha.remining.coming.analyzer.Main
",1,
/app/data/coming_data/pair_01622,False,"Error: Could not find or load main class fr.inria.sacha.remining.coming.analyzer.Main
Caused by: java.lang.ClassNotFoundException: fr.inria.sacha.remining.coming.analyzer.Main
",1,
/app/data/coming_data/pair_01623,False,"Error: Could not find or load main class fr.inria.sacha.remining.coming.analyzer.Main
Caused by: java.lang.ClassNotFoundException: fr.inria.sacha.remining.coming.analyzer.Main
",1,
/app/data/coming_data/pair_01624,False,"Error: Could not find or load main class fr.inria.sacha.remining.coming.analyzer.Main
Caused by: java.lang.ClassNotFoundException: fr.inria.sacha.remining.coming.analyzer.Main
",1,
/app/data/coming_data/pair_01625,False,"Error: Could not find or load main class fr.inria.sacha.remining.coming.analyzer.Main
Caused by: java.lang.ClassNotFoundException: fr.inria.sacha.remining.coming.analyzer.Main
",1,
/app/data/coming_data/pair_01626,False,"Error: Could not find or load main class fr.inria.sacha.remining.coming.analyzer.Main
Caused by: java.lang.ClassNotFoundException: fr.inria.sacha.remining.coming.analyzer.Main
",1,
/app/data/coming_data/pair_01627,False,"Error: Could not find or load main class fr.inria.sacha.remining.coming.analyzer.Main
Caused by: java.lang.ClassNotFoundException: fr.inria.sacha.remining.coming.analyzer.Main
",1,
/app/data/coming_data/pair_01628,False,"Error: Could not find or load main class fr.inria.sacha.remining.coming.analyzer.Main
Caused by: java.lang.ClassNotFoundException: fr.inria.sacha.remining.coming.analyzer.Main
",1,
/app/data/coming_data/pair_01629,False,"Error: Could not find or load main class fr.inria.sacha.remining.coming.analyzer.Main
Caused by: java.lang.ClassNotFoundException: fr.inria.sacha.remining.coming.analyzer.Main
",1,
/app/data/coming_data/pair_01630,False,"Error: Could not find or load main class fr.inria.sacha.remining.coming.analyzer.Main
Caused by: java.lang.ClassNotFoundException: fr.inria.sacha.remining.coming.analyzer.Main
",1,
/app/data/coming_data/pair_01631,False,"Error: Could not find or load main class fr.inria.sacha.remining.coming.analyzer.Main
Caused by: java.lang.ClassNotFoundException: fr.inria.sacha.remining.coming.analyzer.Main
",1,
/app/data/coming_data/pair_01632,False,"Error: Could not find or load main class fr.inria.sacha.remining.coming.analyzer.Main
Caused by: java.lang.ClassNotFoundException: fr.inria.sacha.remining.coming.analyzer.Main
",1,
/app/data/coming_data/pair_01633,False,"Error: Could not find or load main class fr.inria.sacha.remining.coming.analyzer.Main
Caused by: java.lang.ClassNotFoundException: fr.inria.sacha.remining.coming.analyzer.Main
",1,
/app/data/coming_data/pair_01634,False,"Error: Could not find or load main class fr.inria.sacha.remining.coming.analyzer.Main
Caused by: java.lang.ClassNotFoundException: fr.inria.sacha.remining.coming.analyzer.Main
",1,
/app/data/coming_data/pair_01635,False,"Error: Could not find or load main class fr.inria.sacha.remining.coming.analyzer.Main
Caused by: java.lang.ClassNotFoundException: fr.inria.sacha.remining.coming.analyzer.Main
",1,
/app/data/coming_data/pair_01636,False,"Error: Could not find or load main class fr.inria.sacha.remining.coming.analyzer.Main
Caused by: java.lang.ClassNotFoundException: fr.inria.sacha.remining.coming.analyzer.Main
",1,
/app/data/coming_data/pair_01637,False,"Error: Could not find or load main class fr.inria.sacha.remining.coming.analyzer.Main
Caused by: java.lang.ClassNotFoundException: fr.inria.sacha.remining.coming.analyzer.Main
",1,
/app/data/coming_data/pair_01638,False,"Error: Could not find or load main class fr.inria.sacha.remining.coming.analyzer.Main
Caused by: java.lang.ClassNotFoundException: fr.inria.sacha.remining.coming.analyzer.Main
",1,
/app/data/coming_data/pair_01639,False,"Error: Could not find or load main class fr.inria.sacha.remining.coming.analyzer.Main
Caused by: java.lang.ClassNotFoundException: fr.inria.sacha.remining.coming.analyzer.Main
",1,
/app/data/coming_data/pair_01640,False,"Error: Could not find or load main class fr.inria.sacha.remining.coming.analyzer.Main
Caused by: java.lang.ClassNotFoundException: fr.inria.sacha.remining.coming.analyzer.Main
",1,
/app/data/coming_data/pair_01641,False,"Error: Could not find or load main class fr.inria.sacha.remining.coming.analyzer.Main
Caused by: java.lang.ClassNotFoundException: fr.inria.sacha.remining.coming.analyzer.Main
",1,
/app/data/coming_data/pair_01642,False,"Error: Could not find or load main class fr.inria.sacha.remining.coming.analyzer.Main
Caused by: java.lang.ClassNotFoundException: fr.inria.sacha.remining.coming.analyzer.Main
",1,
/app/data/coming_data/pair_01643,False,"Error: Could not find or load main class fr.inria.sacha.remining.coming.analyzer.Main
Caused by: java.lang.ClassNotFoundException: fr.inria.sacha.remining.coming.analyzer.Main
",1,
/app/data/coming_data/pair_01644,False,"Error: Could not find or load main class fr.inria.sacha.remining.coming.analyzer.Main
Caused by: java.lang.ClassNotFoundException: fr.inria.sacha.remining.coming.analyzer.Main
",1,
/app/data/coming_data/pair_01645,False,"Error: Could not find or load main class fr.inria.sacha.remining.coming.analyzer.Main
Caused by: java.lang.ClassNotFoundException: fr.inria.sacha.remining.coming.analyzer.Main
",1,
/app/data/coming_data/pair_01646,False,"Error: Could not find or load main class fr.inria.sacha.remining.coming.analyzer.Main
Caused by: java.lang.ClassNotFoundException: fr.inria.sacha.remining.coming.analyzer.Main
",1,
/app/data/coming_data/pair_01647,False,"Error: Could not find or load main class fr.inria.sacha.remining.coming.analyzer.Main
Caused by: java.lang.ClassNotFoundException: fr.inria.sacha.remining.coming.analyzer.Main
",1,
/app/data/coming_data/pair_01648,False,"Error: Could not find or load main class fr.inria.sacha.remining.coming.analyzer.Main
Caused by: java.lang.ClassNotFoundException: fr.inria.sacha.remining.coming.analyzer.Main
",1,
/app/data/coming_data/pair_01649,False,"Error: Could not find or load main class fr.inria.sacha.remining.coming.analyzer.Main
Caused by: java.lang.ClassNotFoundException: fr.inria.sacha.remining.coming.analyzer.Main
",1,
/app/data/coming_data/pair_01650,False,"Error: Could not find or load main class fr.inria.sacha.remining.coming.analyzer.Main
Caused by: java.lang.ClassNotFoundException: fr.inria.sacha.remining.coming.analyzer.Main
",1,
/app/data/coming_data/pair_01651,False,"Error: Could not find or load main class fr.inria.sacha.remining.coming.analyzer.Main
Caused by: java.lang.ClassNotFoundException: fr.inria.sacha.remining.coming.analyzer.Main
",1,
/app/data/coming_data/pair_01652,False,"Error: Could not find or load main class fr.inria.sacha.remining.coming.analyzer.Main
Caused by: java.lang.ClassNotFoundException: fr.inria.sacha.remining.coming.analyzer.Main
",1,
/app/data/coming_data/pair_01653,False,"Error: Could not find or load main class fr.inria.sacha.remining.coming.analyzer.Main
Caused by: java.lang.ClassNotFoundException: fr.inria.sacha.remining.coming.analyzer.Main
",1,
/app/data/coming_data/pair_01654,False,"Error: Could not find or load main class fr.inria.sacha.remining.coming.analyzer.Main
Caused by: java.lang.ClassNotFoundException: fr.inria.sacha.remining.coming.analyzer.Main
",1,
/app/data/coming_data/pair_01655,False,"Error: Could not find or load main class fr.inria.sacha.remining.coming.analyzer.Main
Caused by: java.lang.ClassNotFoundException: fr.inria.sacha.remining.coming.analyzer.Main
",1,
/app/data/coming_data/pair_01656,False,"Error: Could not find or load main class fr.inria.sacha.remining.coming.analyzer.Main
Caused by: java.lang.ClassNotFoundException: fr.inria.sacha.remining.coming.analyzer.Main
",1,
/app/data/coming_data/pair_01657,False,"Error: Could not find or load main class fr.inria.sacha.remining.coming.analyzer.Main
Caused by: java.lang.ClassNotFoundException: fr.inria.sacha.remining.coming.analyzer.Main
",1,
/app/data/coming_data/pair_01658,False,"Error: Could not find or load main class fr.inria.sacha.remining.coming.analyzer.Main
Caused by: java.lang.ClassNotFoundException: fr.inria.sacha.remining.coming.analyzer.Main
",1,
/app/data/coming_data/pair_01659,False,"Error: Could not find or load main class fr.inria.sacha.remining.coming.analyzer.Main
Caused by: java.lang.ClassNotFoundException: fr.inria.sacha.remining.coming.analyzer.Main
",1,
/app/data/coming_data/pair_01660,False,"Error: Could not find or load main class fr.inria.sacha.remining.coming.analyzer.Main
Caused by: java.lang.ClassNotFoundException: fr.inria.sacha.remining.coming.analyzer.Main
",1,
/app/data/coming_data/pair_01661,False,"Error: Could not find or load main class fr.inria.sacha.remining.coming.analyzer.Main
Caused by: java.lang.ClassNotFoundException: fr.inria.sacha.remining.coming.analyzer.Main
",1,
/app/data/coming_data/pair_01662,False,"Error: Could not find or load main class fr.inria.sacha.remining.coming.analyzer.Main
Caused by: java.lang.ClassNotFoundException: fr.inria.sacha.remining.coming.analyzer.Main
",1,
/app/data/coming_data/pair_01663,False,"Error: Could not find or load main class fr.inria.sacha.remining.coming.analyzer.Main
Caused by: java.lang.ClassNotFoundException: fr.inria.sacha.remining.coming.analyzer.Main
",1,
/app/data/coming_data/pair_01664,False,"Error: Could not find or load main class fr.inria.sacha.remining.coming.analyzer.Main
Caused by: java.lang.ClassNotFoundException: fr.inria.sacha.remining.coming.analyzer.Main
",1,
/app/data/coming_data/pair_01665,False,"Error: Could not find or load main class fr.inria.sacha.remining.coming.analyzer.Main
Caused by: java.lang.ClassNotFoundException: fr.inria.sacha.remining.coming.analyzer.Main
",1,
/app/data/coming_data/pair_01666,False,"Error: Could not find or load main class fr.inria.sacha.remining.coming.analyzer.Main
Caused by: java.lang.ClassNotFoundException: fr.inria.sacha.remining.coming.analyzer.Main
",1,
/app/data/coming_data/pair_01667,False,"Error: Could not find or load main class fr.inria.sacha.remining.coming.analyzer.Main
Caused by: java.lang.ClassNotFoundException: fr.inria.sacha.remining.coming.analyzer.Main
",1,
/app/data/coming_data/pair_01668,False,"Error: Could not find or load main class fr.inria.sacha.remining.coming.analyzer.Main
Caused by: java.lang.ClassNotFoundException: fr.inria.sacha.remining.coming.analyzer.Main
",1,
/app/data/coming_data/pair_01669,False,"Error: Could not find or load main class fr.inria.sacha.remining.coming.analyzer.Main
Caused by: java.lang.ClassNotFoundException: fr.inria.sacha.remining.coming.analyzer.Main
",1,
/app/data/coming_data/pair_01670,False,"Error: Could not find or load main class fr.inria.sacha.remining.coming.analyzer.Main
Caused by: java.lang.ClassNotFoundException: fr.inria.sacha.remining.coming.analyzer.Main
",1,
/app/data/coming_data/pair_01671,False,"Error: Could not find or load main class fr.inria.sacha.remining.coming.analyzer.Main
Caused by: java.lang.ClassNotFoundException: fr.inria.sacha.remining.coming.analyzer.Main
",1,
/app/data/coming_data/pair_01672,False,"Error: Could not find or load main class fr.inria.sacha.remining.coming.analyzer.Main
Caused by: java.lang.ClassNotFoundException: fr.inria.sacha.remining.coming.analyzer.Main
",1,
/app/data/coming_data/pair_01673,False,"Error: Could not find or load main class fr.inria.sacha.remining.coming.analyzer.Main
Caused by: java.lang.ClassNotFoundException: fr.inria.sacha.remining.coming.analyzer.Main
",1,
/app/data/coming_data/pair_01674,False,"Error: Could not find or load main class fr.inria.sacha.remining.coming.analyzer.Main
Caused by: java.lang.ClassNotFoundException: fr.inria.sacha.remining.coming.analyzer.Main
",1,
/app/data/coming_data/pair_01675,False,"Error: Could not find or load main class fr.inria.sacha.remining.coming.analyzer.Main
Caused by: java.lang.ClassNotFoundException: fr.inria.sacha.remining.coming.analyzer.Main
",1,
/app/data/coming_data/pair_01676,False,"Error: Could not find or load main class fr.inria.sacha.remining.coming.analyzer.Main
Caused by: java.lang.ClassNotFoundException: fr.inria.sacha.remining.coming.analyzer.Main
",1,
/app/data/coming_data/pair_01677,False,"Error: Could not find or load main class fr.inria.sacha.remining.coming.analyzer.Main
Caused by: java.lang.ClassNotFoundException: fr.inria.sacha.remining.coming.analyzer.Main
",1,
/app/data/coming_data/pair_01678,False,"Error: Could not find or load main class fr.inria.sacha.remining.coming.analyzer.Main
Caused by: java.lang.ClassNotFoundException: fr.inria.sacha.remining.coming.analyzer.Main
",1,
/app/data/coming_data/pair_01679,False,"Error: Could not find or load main class fr.inria.sacha.remining.coming.analyzer.Main
Caused by: java.lang.ClassNotFoundException: fr.inria.sacha.remining.coming.analyzer.Main
",1,
/app/data/coming_data/pair_01680,False,"Error: Could not find or load main class fr.inria.sacha.remining.coming.analyzer.Main
Caused by: java.lang.ClassNotFoundException: fr.inria.sacha.remining.coming.analyzer.Main
",1,
/app/data/coming_data/pair_01681,False,"Error: Could not find or load main class fr.inria.sacha.remining.coming.analyzer.Main
Caused by: java.lang.ClassNotFoundException: fr.inria.sacha.remining.coming.analyzer.Main
",1,
/app/data/coming_data/pair_01682,False,"Error: Could not find or load main class fr.inria.sacha.remining.coming.analyzer.Main
Caused by: java.lang.ClassNotFoundException: fr.inria.sacha.remining.coming.analyzer.Main
",1,
/app/data/coming_data/pair_01683,False,"Error: Could not find or load main class fr.inria.sacha.remining.coming.analyzer.Main
Caused by: java.lang.ClassNotFoundException: fr.inria.sacha.remining.coming.analyzer.Main
",1,
/app/data/coming_data/pair_01684,False,"Error: Could not find or load main class fr.inria.sacha.remining.coming.analyzer.Main
Caused by: java.lang.ClassNotFoundException: fr.inria.sacha.remining.coming.analyzer.Main
",1,
/app/data/coming_data/pair_01685,False,"Error: Could not find or load main class fr.inria.sacha.remining.coming.analyzer.Main
Caused by: java.lang.ClassNotFoundException: fr.inria.sacha.remining.coming.analyzer.Main
",1,
/app/data/coming_data/pair_01686,False,"Error: Could not find or load main class fr.inria.sacha.remining.coming.analyzer.Main
Caused by: java.lang.ClassNotFoundException: fr.inria.sacha.remining.coming.analyzer.Main
",1,
/app/data/coming_data/pair_01687,False,"Error: Could not find or load main class fr.inria.sacha.remining.coming.analyzer.Main
Caused by: java.lang.ClassNotFoundException: fr.inria.sacha.remining.coming.analyzer.Main
",1,
/app/data/coming_data/pair_01688,False,"Error: Could not find or load main class fr.inria.sacha.remining.coming.analyzer.Main
Caused by: java.lang.ClassNotFoundException: fr.inria.sacha.remining.coming.analyzer.Main
",1,
/app/data/coming_data/pair_01689,False,"Error: Could not find or load main class fr.inria.sacha.remining.coming.analyzer.Main
Caused by: java.lang.ClassNotFoundException: fr.inria.sacha.remining.coming.analyzer.Main
",1,
/app/data/coming_data/pair_01690,False,"Error: Could not find or load main class fr.inria.sacha.remining.coming.analyzer.Main
Caused by: java.lang.ClassNotFoundException: fr.inria.sacha.remining.coming.analyzer.Main
",1,
/app/data/coming_data/pair_01691,False,"Error: Could not find or load main class fr.inria.sacha.remining.coming.analyzer.Main
Caused by: java.lang.ClassNotFoundException: fr.inria.sacha.remining.coming.analyzer.Main
",1,
/app/data/coming_data/pair_01692,False,"Error: Could not find or load main class fr.inria.sacha.remining.coming.analyzer.Main
Caused by: java.lang.ClassNotFoundException: fr.inria.sacha.remining.coming.analyzer.Main
",1,
/app/data/coming_data/pair_01693,False,"Error: Could not find or load main class fr.inria.sacha.remining.coming.analyzer.Main
Caused by: java.lang.ClassNotFoundException: fr.inria.sacha.remining.coming.analyzer.Main
",1,
/app/data/coming_data/pair_01694,False,"Error: Could not find or load main class fr.inria.sacha.remining.coming.analyzer.Main
Caused by: java.lang.ClassNotFoundException: fr.inria.sacha.remining.coming.analyzer.Main
",1,
/app/data/coming_data/pair_01695,False,"Error: Could not find or load main class fr.inria.sacha.remining.coming.analyzer.Main
Caused by: java.lang.ClassNotFoundException: fr.inria.sacha.remining.coming.analyzer.Main
",1,
/app/data/coming_data/pair_01696,False,"Error: Could not find or load main class fr.inria.sacha.remining.coming.analyzer.Main
Caused by: java.lang.ClassNotFoundException: fr.inria.sacha.remining.coming.analyzer.Main
",1,
/app/data/coming_data/pair_01697,False,"Error: Could not find or load main class fr.inria.sacha.remining.coming.analyzer.Main
Caused by: java.lang.ClassNotFoundException: fr.inria.sacha.remining.coming.analyzer.Main
",1,
/app/data/coming_data/pair_01698,False,"Error: Could not find or load main class fr.inria.sacha.remining.coming.analyzer.Main
Caused by: java.lang.ClassNotFoundException: fr.inria.sacha.remining.coming.analyzer.Main
",1,
/app/data/coming_data/pair_01699,False,"Error: Could not find or load main class fr.inria.sacha.remining.coming.analyzer.Main
Caused by: java.lang.ClassNotFoundException: fr.inria.sacha.remining.coming.analyzer.Main
",1,
/app/data/coming_data/pair_01700,False,"Error: Could not find or load main class fr.inria.sacha.remining.coming.analyzer.Main
Caused by: java.lang.ClassNotFoundException: fr.inria.sacha.remining.coming.analyzer.Main
",1,
/app/data/coming_data/pair_01701,False,"Error: Could not find or load main class fr.inria.sacha.remining.coming.analyzer.Main
Caused by: java.lang.ClassNotFoundException: fr.inria.sacha.remining.coming.analyzer.Main
",1,
/app/data/coming_data/pair_01702,False,"Error: Could not find or load main class fr.inria.sacha.remining.coming.analyzer.Main
Caused by: java.lang.ClassNotFoundException: fr.inria.sacha.remining.coming.analyzer.Main
",1,
/app/data/coming_data/pair_01703,False,"Error: Could not find or load main class fr.inria.sacha.remining.coming.analyzer.Main
Caused by: java.lang.ClassNotFoundException: fr.inria.sacha.remining.coming.analyzer.Main
",1,
/app/data/coming_data/pair_01704,False,"Error: Could not find or load main class fr.inria.sacha.remining.coming.analyzer.Main
Caused by: java.lang.ClassNotFoundException: fr.inria.sacha.remining.coming.analyzer.Main
",1,
/app/data/coming_data/pair_01705,False,"Error: Could not find or load main class fr.inria.sacha.remining.coming.analyzer.Main
Caused by: java.lang.ClassNotFoundException: fr.inria.sacha.remining.coming.analyzer.Main
",1,
/app/data/coming_data/pair_01706,False,"Error: Could not find or load main class fr.inria.sacha.remining.coming.analyzer.Main
Caused by: java.lang.ClassNotFoundException: fr.inria.sacha.remining.coming.analyzer.Main
",1,
/app/data/coming_data/pair_01707,False,"Error: Could not find or load main class fr.inria.sacha.remining.coming.analyzer.Main
Caused by: java.lang.ClassNotFoundException: fr.inria.sacha.remining.coming.analyzer.Main
",1,
/app/data/coming_data/pair_01708,False,"Error: Could not find or load main class fr.inria.sacha.remining.coming.analyzer.Main
Caused by: java.lang.ClassNotFoundException: fr.inria.sacha.remining.coming.analyzer.Main
",1,
/app/data/coming_data/pair_01709,False,"Error: Could not find or load main class fr.inria.sacha.remining.coming.analyzer.Main
Caused by: java.lang.ClassNotFoundException: fr.inria.sacha.remining.coming.analyzer.Main
",1,
/app/data/coming_data/pair_01710,False,"Error: Could not find or load main class fr.inria.sacha.remining.coming.analyzer.Main
Caused by: java.lang.ClassNotFoundException: fr.inria.sacha.remining.coming.analyzer.Main
",1,
/app/data/coming_data/pair_01711,False,"Error: Could not find or load main class fr.inria.sacha.remining.coming.analyzer.Main
Caused by: java.lang.ClassNotFoundException: fr.inria.sacha.remining.coming.analyzer.Main
",1,
/app/data/coming_data/pair_01712,False,"Error: Could not find or load main class fr.inria.sacha.remining.coming.analyzer.Main
Caused by: java.lang.ClassNotFoundException: fr.inria.sacha.remining.coming.analyzer.Main
",1,
/app/data/coming_data/pair_01713,False,"Error: Could not find or load main class fr.inria.sacha.remining.coming.analyzer.Main
Caused by: java.lang.ClassNotFoundException: fr.inria.sacha.remining.coming.analyzer.Main
",1,
/app/data/coming_data/pair_01714,False,"Error: Could not find or load main class fr.inria.sacha.remining.coming.analyzer.Main
Caused by: java.lang.ClassNotFoundException: fr.inria.sacha.remining.coming.analyzer.Main
",1,
/app/data/coming_data/pair_01715,False,"Error: Could not find or load main class fr.inria.sacha.remining.coming.analyzer.Main
Caused by: java.lang.ClassNotFoundException: fr.inria.sacha.remining.coming.analyzer.Main
",1,
/app/data/coming_data/pair_01716,False,"Error: Could not find or load main class fr.inria.sacha.remining.coming.analyzer.Main
Caused by: java.lang.ClassNotFoundException: fr.inria.sacha.remining.coming.analyzer.Main
",1,
/app/data/coming_data/pair_01717,False,"Error: Could not find or load main class fr.inria.sacha.remining.coming.analyzer.Main
Caused by: java.lang.ClassNotFoundException: fr.inria.sacha.remining.coming.analyzer.Main
",1,
/app/data/coming_data/pair_01718,False,"Error: Could not find or load main class fr.inria.sacha.remining.coming.analyzer.Main
Caused by: java.lang.ClassNotFoundException: fr.inria.sacha.remining.coming.analyzer.Main
",1,
/app/data/coming_data/pair_01719,False,"Error: Could not find or load main class fr.inria.sacha.remining.coming.analyzer.Main
Caused by: java.lang.ClassNotFoundException: fr.inria.sacha.remining.coming.analyzer.Main
",1,
/app/data/coming_data/pair_01720,False,"Error: Could not find or load main class fr.inria.sacha.remining.coming.analyzer.Main
Caused by: java.lang.ClassNotFoundException: fr.inria.sacha.remining.coming.analyzer.Main
",1,
/app/data/coming_data/pair_01721,False,"Error: Could not find or load main class fr.inria.sacha.remining.coming.analyzer.Main
Caused by: java.lang.ClassNotFoundException: fr.inria.sacha.remining.coming.analyzer.Main
",1,
/app/data/coming_data/pair_01722,False,"Error: Could not find or load main class fr.inria.sacha.remining.coming.analyzer.Main
Caused by: java.lang.ClassNotFoundException: fr.inria.sacha.remining.coming.analyzer.Main
",1,
/app/data/coming_data/pair_01723,False,"Error: Could not find or load main class fr.inria.sacha.remining.coming.analyzer.Main
Caused by: java.lang.ClassNotFoundException: fr.inria.sacha.remining.coming.analyzer.Main
",1,
/app/data/coming_data/pair_01724,False,"Error: Could not find or load main class fr.inria.sacha.remining.coming.analyzer.Main
Caused by: java.lang.ClassNotFoundException: fr.inria.sacha.remining.coming.analyzer.Main
",1,
/app/data/coming_data/pair_01725,False,"Error: Could not find or load main class fr.inria.sacha.remining.coming.analyzer.Main
Caused by: java.lang.ClassNotFoundException: fr.inria.sacha.remining.coming.analyzer.Main
",1,
/app/data/coming_data/pair_01726,False,"Error: Could not find or load main class fr.inria.sacha.remining.coming.analyzer.Main
Caused by: java.lang.ClassNotFoundException: fr.inria.sacha.remining.coming.analyzer.Main
",1,
/app/data/coming_data/pair_01727,False,"Error: Could not find or load main class fr.inria.sacha.remining.coming.analyzer.Main
Caused by: java.lang.ClassNotFoundException: fr.inria.sacha.remining.coming.analyzer.Main
",1,
/app/data/coming_data/pair_01728,False,"Error: Could not find or load main class fr.inria.sacha.remining.coming.analyzer.Main
Caused by: java.lang.ClassNotFoundException: fr.inria.sacha.remining.coming.analyzer.Main
",1,
/app/data/coming_data/pair_01729,False,"Error: Could not find or load main class fr.inria.sacha.remining.coming.analyzer.Main
Caused by: java.lang.ClassNotFoundException: fr.inria.sacha.remining.coming.analyzer.Main
",1,
/app/data/coming_data/pair_01730,False,"Error: Could not find or load main class fr.inria.sacha.remining.coming.analyzer.Main
Caused by: java.lang.ClassNotFoundException: fr.inria.sacha.remining.coming.analyzer.Main
",1,
/app/data/coming_data/pair_01731,False,"Error: Could not find or load main class fr.inria.sacha.remining.coming.analyzer.Main
Caused by: java.lang.ClassNotFoundException: fr.inria.sacha.remining.coming.analyzer.Main
",1,
/app/data/coming_data/pair_01732,False,"Error: Could not find or load main class fr.inria.sacha.remining.coming.analyzer.Main
Caused by: java.lang.ClassNotFoundException: fr.inria.sacha.remining.coming.analyzer.Main
",1,
/app/data/coming_data/pair_01733,False,"Error: Could not find or load main class fr.inria.sacha.remining.coming.analyzer.Main
Caused by: java.lang.ClassNotFoundException: fr.inria.sacha.remining.coming.analyzer.Main
",1,
/app/data/coming_data/pair_01734,False,"Error: Could not find or load main class fr.inria.sacha.remining.coming.analyzer.Main
Caused by: java.lang.ClassNotFoundException: fr.inria.sacha.remining.coming.analyzer.Main
",1,
/app/data/coming_data/pair_01735,False,"Error: Could not find or load main class fr.inria.sacha.remining.coming.analyzer.Main
Caused by: java.lang.ClassNotFoundException: fr.inria.sacha.remining.coming.analyzer.Main
",1,
/app/data/coming_data/pair_01736,False,"Error: Could not find or load main class fr.inria.sacha.remining.coming.analyzer.Main
Caused by: java.lang.ClassNotFoundException: fr.inria.sacha.remining.coming.analyzer.Main
",1,
/app/data/coming_data/pair_01737,False,"Error: Could not find or load main class fr.inria.sacha.remining.coming.analyzer.Main
Caused by: java.lang.ClassNotFoundException: fr.inria.sacha.remining.coming.analyzer.Main
",1,
/app/data/coming_data/pair_01738,False,"Error: Could not find or load main class fr.inria.sacha.remining.coming.analyzer.Main
Caused by: java.lang.ClassNotFoundException: fr.inria.sacha.remining.coming.analyzer.Main
",1,
/app/data/coming_data/pair_01739,False,"Error: Could not find or load main class fr.inria.sacha.remining.coming.analyzer.Main
Caused by: java.lang.ClassNotFoundException: fr.inria.sacha.remining.coming.analyzer.Main
",1,
/app/data/coming_data/pair_01740,False,"Error: Could not find or load main class fr.inria.sacha.remining.coming.analyzer.Main
Caused by: java.lang.ClassNotFoundException: fr.inria.sacha.remining.coming.analyzer.Main
",1,
/app/data/coming_data/pair_01741,False,"Error: Could not find or load main class fr.inria.sacha.remining.coming.analyzer.Main
Caused by: java.lang.ClassNotFoundException: fr.inria.sacha.remining.coming.analyzer.Main
",1,
/app/data/coming_data/pair_01742,False,"Error: Could not find or load main class fr.inria.sacha.remining.coming.analyzer.Main
Caused by: java.lang.ClassNotFoundException: fr.inria.sacha.remining.coming.analyzer.Main
",1,
/app/data/coming_data/pair_01743,False,"Error: Could not find or load main class fr.inria.sacha.remining.coming.analyzer.Main
Caused by: java.lang.ClassNotFoundException: fr.inria.sacha.remining.coming.analyzer.Main
",1,
/app/data/coming_data/pair_01744,False,"Error: Could not find or load main class fr.inria.sacha.remining.coming.analyzer.Main
Caused by: java.lang.ClassNotFoundException: fr.inria.sacha.remining.coming.analyzer.Main
",1,
/app/data/coming_data/pair_01745,False,"Error: Could not find or load main class fr.inria.sacha.remining.coming.analyzer.Main
Caused by: java.lang.ClassNotFoundException: fr.inria.sacha.remining.coming.analyzer.Main
",1,
/app/data/coming_data/pair_01746,False,"Error: Could not find or load main class fr.inria.sacha.remining.coming.analyzer.Main
Caused by: java.lang.ClassNotFoundException: fr.inria.sacha.remining.coming.analyzer.Main
",1,
/app/data/coming_data/pair_01747,False,"Error: Could not find or load main class fr.inria.sacha.remining.coming.analyzer.Main
Caused by: java.lang.ClassNotFoundException: fr.inria.sacha.remining.coming.analyzer.Main
",1,
/app/data/coming_data/pair_01748,False,"Error: Could not find or load main class fr.inria.sacha.remining.coming.analyzer.Main
Caused by: java.lang.ClassNotFoundException: fr.inria.sacha.remining.coming.analyzer.Main
",1,
/app/data/coming_data/pair_01749,False,"Error: Could not find or load main class fr.inria.sacha.remining.coming.analyzer.Main
Caused by: java.lang.ClassNotFoundException: fr.inria.sacha.remining.coming.analyzer.Main
",1,
/app/data/coming_data/pair_01750,False,"Error: Could not find or load main class fr.inria.sacha.remining.coming.analyzer.Main
Caused by: java.lang.ClassNotFoundException: fr.inria.sacha.remining.coming.analyzer.Main
",1,
/app/data/coming_data/pair_01751,False,"Error: Could not find or load main class fr.inria.sacha.remining.coming.analyzer.Main
Caused by: java.lang.ClassNotFoundException: fr.inria.sacha.remining.coming.analyzer.Main
",1,
/app/data/coming_data/pair_01752,False,"Error: Could not find or load main class fr.inria.sacha.remining.coming.analyzer.Main
Caused by: java.lang.ClassNotFoundException: fr.inria.sacha.remining.coming.analyzer.Main
",1,
/app/data/coming_data/pair_01753,False,"Error: Could not find or load main class fr.inria.sacha.remining.coming.analyzer.Main
Caused by: java.lang.ClassNotFoundException: fr.inria.sacha.remining.coming.analyzer.Main
",1,
/app/data/coming_data/pair_01754,False,"Error: Could not find or load main class fr.inria.sacha.remining.coming.analyzer.Main
Caused by: java.lang.ClassNotFoundException: fr.inria.sacha.remining.coming.analyzer.Main
",1,
/app/data/coming_data/pair_01755,False,"Error: Could not find or load main class fr.inria.sacha.remining.coming.analyzer.Main
Caused by: java.lang.ClassNotFoundException: fr.inria.sacha.remining.coming.analyzer.Main
",1,
/app/data/coming_data/pair_01756,False,"Error: Could not find or load main class fr.inria.sacha.remining.coming.analyzer.Main
Caused by: java.lang.ClassNotFoundException: fr.inria.sacha.remining.coming.analyzer.Main
",1,
/app/data/coming_data/pair_01757,False,"Error: Could not find or load main class fr.inria.sacha.remining.coming.analyzer.Main
Caused by: java.lang.ClassNotFoundException: fr.inria.sacha.remining.coming.analyzer.Main
",1,
/app/data/coming_data/pair_01758,False,"Error: Could not find or load main class fr.inria.sacha.remining.coming.analyzer.Main
Caused by: java.lang.ClassNotFoundException: fr.inria.sacha.remining.coming.analyzer.Main
",1,
/app/data/coming_data/pair_01759,False,"Error: Could not find or load main class fr.inria.sacha.remining.coming.analyzer.Main
Caused by: java.lang.ClassNotFoundException: fr.inria.sacha.remining.coming.analyzer.Main
",1,
/app/data/coming_data/pair_01760,False,"Error: Could not find or load main class fr.inria.sacha.remining.coming.analyzer.Main
Caused by: java.lang.ClassNotFoundException: fr.inria.sacha.remining.coming.analyzer.Main
",1,
/app/data/coming_data/pair_01761,False,"Error: Could not find or load main class fr.inria.sacha.remining.coming.analyzer.Main
Caused by: java.lang.ClassNotFoundException: fr.inria.sacha.remining.coming.analyzer.Main
",1,
/app/data/coming_data/pair_01762,False,"Error: Could not find or load main class fr.inria.sacha.remining.coming.analyzer.Main
Caused by: java.lang.ClassNotFoundException: fr.inria.sacha.remining.coming.analyzer.Main
",1,
/app/data/coming_data/pair_01763,False,"Error: Could not find or load main class fr.inria.sacha.remining.coming.analyzer.Main
Caused by: java.lang.ClassNotFoundException: fr.inria.sacha.remining.coming.analyzer.Main
",1,
/app/data/coming_data/pair_01764,False,"Error: Could not find or load main class fr.inria.sacha.remining.coming.analyzer.Main
Caused by: java.lang.ClassNotFoundException: fr.inria.sacha.remining.coming.analyzer.Main
",1,
/app/data/coming_data/pair_01765,False,"Error: Could not find or load main class fr.inria.sacha.remining.coming.analyzer.Main
Caused by: java.lang.ClassNotFoundException: fr.inria.sacha.remining.coming.analyzer.Main
",1,
/app/data/coming_data/pair_01766,False,"Error: Could not find or load main class fr.inria.sacha.remining.coming.analyzer.Main
Caused by: java.lang.ClassNotFoundException: fr.inria.sacha.remining.coming.analyzer.Main
",1,
/app/data/coming_data/pair_01767,False,"Error: Could not find or load main class fr.inria.sacha.remining.coming.analyzer.Main
Caused by: java.lang.ClassNotFoundException: fr.inria.sacha.remining.coming.analyzer.Main
",1,
/app/data/coming_data/pair_01768,False,"Error: Could not find or load main class fr.inria.sacha.remining.coming.analyzer.Main
Caused by: java.lang.ClassNotFoundException: fr.inria.sacha.remining.coming.analyzer.Main
",1,
/app/data/coming_data/pair_01769,False,"Error: Could not find or load main class fr.inria.sacha.remining.coming.analyzer.Main
Caused by: java.lang.ClassNotFoundException: fr.inria.sacha.remining.coming.analyzer.Main
",1,
/app/data/coming_data/pair_01770,False,"Error: Could not find or load main class fr.inria.sacha.remining.coming.analyzer.Main
Caused by: java.lang.ClassNotFoundException: fr.inria.sacha.remining.coming.analyzer.Main
",1,
/app/data/coming_data/pair_01771,False,"Error: Could not find or load main class fr.inria.sacha.remining.coming.analyzer.Main
Caused by: java.lang.ClassNotFoundException: fr.inria.sacha.remining.coming.analyzer.Main
",1,
/app/data/coming_data/pair_01772,False,"Error: Could not find or load main class fr.inria.sacha.remining.coming.analyzer.Main
Caused by: java.lang.ClassNotFoundException: fr.inria.sacha.remining.coming.analyzer.Main
",1,
/app/data/coming_data/pair_01773,False,"Error: Could not find or load main class fr.inria.sacha.remining.coming.analyzer.Main
Caused by: java.lang.ClassNotFoundException: fr.inria.sacha.remining.coming.analyzer.Main
",1,
/app/data/coming_data/pair_01774,False,"Error: Could not find or load main class fr.inria.sacha.remining.coming.analyzer.Main
Caused by: java.lang.ClassNotFoundException: fr.inria.sacha.remining.coming.analyzer.Main
",1,
/app/data/coming_data/pair_01775,False,"Error: Could not find or load main class fr.inria.sacha.remining.coming.analyzer.Main
Caused by: java.lang.ClassNotFoundException: fr.inria.sacha.remining.coming.analyzer.Main
",1,
/app/data/coming_data/pair_01776,False,"Error: Could not find or load main class fr.inria.sacha.remining.coming.analyzer.Main
Caused by: java.lang.ClassNotFoundException: fr.inria.sacha.remining.coming.analyzer.Main
",1,
/app/data/coming_data/pair_01777,False,"Error: Could not find or load main class fr.inria.sacha.remining.coming.analyzer.Main
Caused by: java.lang.ClassNotFoundException: fr.inria.sacha.remining.coming.analyzer.Main
",1,
/app/data/coming_data/pair_01778,False,"Error: Could not find or load main class fr.inria.sacha.remining.coming.analyzer.Main
Caused by: java.lang.ClassNotFoundException: fr.inria.sacha.remining.coming.analyzer.Main
",1,
/app/data/coming_data/pair_01779,False,"Error: Could not find or load main class fr.inria.sacha.remining.coming.analyzer.Main
Caused by: java.lang.ClassNotFoundException: fr.inria.sacha.remining.coming.analyzer.Main
",1,
/app/data/coming_data/pair_01780,False,"Error: Could not find or load main class fr.inria.sacha.remining.coming.analyzer.Main
Caused by: java.lang.ClassNotFoundException: fr.inria.sacha.remining.coming.analyzer.Main
",1,
/app/data/coming_data/pair_01781,False,"Error: Could not find or load main class fr.inria.sacha.remining.coming.analyzer.Main
Caused by: java.lang.ClassNotFoundException: fr.inria.sacha.remining.coming.analyzer.Main
",1,
/app/data/coming_data/pair_01782,False,"Error: Could not find or load main class fr.inria.sacha.remining.coming.analyzer.Main
Caused by: java.lang.ClassNotFoundException: fr.inria.sacha.remining.coming.analyzer.Main
",1,
/app/data/coming_data/pair_01783,False,"Error: Could not find or load main class fr.inria.sacha.remining.coming.analyzer.Main
Caused by: java.lang.ClassNotFoundException: fr.inria.sacha.remining.coming.analyzer.Main
",1,
/app/data/coming_data/pair_01784,False,"Error: Could not find or load main class fr.inria.sacha.remining.coming.analyzer.Main
Caused by: java.lang.ClassNotFoundException: fr.inria.sacha.remining.coming.analyzer.Main
",1,
/app/data/coming_data/pair_01785,False,"Error: Could not find or load main class fr.inria.sacha.remining.coming.analyzer.Main
Caused by: java.lang.ClassNotFoundException: fr.inria.sacha.remining.coming.analyzer.Main
",1,
/app/data/coming_data/pair_01786,False,"Error: Could not find or load main class fr.inria.sacha.remining.coming.analyzer.Main
Caused by: java.lang.ClassNotFoundException: fr.inria.sacha.remining.coming.analyzer.Main
",1,
/app/data/coming_data/pair_01787,False,"Error: Could not find or load main class fr.inria.sacha.remining.coming.analyzer.Main
Caused by: java.lang.ClassNotFoundException: fr.inria.sacha.remining.coming.analyzer.Main
",1,
/app/data/coming_data/pair_01788,False,"Error: Could not find or load main class fr.inria.sacha.remining.coming.analyzer.Main
Caused by: java.lang.ClassNotFoundException: fr.inria.sacha.remining.coming.analyzer.Main
",1,
/app/data/coming_data/pair_01789,False,"Error: Could not find or load main class fr.inria.sacha.remining.coming.analyzer.Main
Caused by: java.lang.ClassNotFoundException: fr.inria.sacha.remining.coming.analyzer.Main
",1,
/app/data/coming_data/pair_01790,False,"Error: Could not find or load main class fr.inria.sacha.remining.coming.analyzer.Main
Caused by: java.lang.ClassNotFoundException: fr.inria.sacha.remining.coming.analyzer.Main
",1,
/app/data/coming_data/pair_01791,False,"Error: Could not find or load main class fr.inria.sacha.remining.coming.analyzer.Main
Caused by: java.lang.ClassNotFoundException: fr.inria.sacha.remining.coming.analyzer.Main
",1,
/app/data/coming_data/pair_01792,False,"Error: Could not find or load main class fr.inria.sacha.remining.coming.analyzer.Main
Caused by: java.lang.ClassNotFoundException: fr.inria.sacha.remining.coming.analyzer.Main
",1,
/app/data/coming_data/pair_01793,False,"Error: Could not find or load main class fr.inria.sacha.remining.coming.analyzer.Main
Caused by: java.lang.ClassNotFoundException: fr.inria.sacha.remining.coming.analyzer.Main
",1,
/app/data/coming_data/pair_01794,False,"Error: Could not find or load main class fr.inria.sacha.remining.coming.analyzer.Main
Caused by: java.lang.ClassNotFoundException: fr.inria.sacha.remining.coming.analyzer.Main
",1,
/app/data/coming_data/pair_01795,False,"Error: Could not find or load main class fr.inria.sacha.remining.coming.analyzer.Main
Caused by: java.lang.ClassNotFoundException: fr.inria.sacha.remining.coming.analyzer.Main
",1,
/app/data/coming_data/pair_01796,False,"Error: Could not find or load main class fr.inria.sacha.remining.coming.analyzer.Main
Caused by: java.lang.ClassNotFoundException: fr.inria.sacha.remining.coming.analyzer.Main
",1,
/app/data/coming_data/pair_01797,False,"Error: Could not find or load main class fr.inria.sacha.remining.coming.analyzer.Main
Caused by: java.lang.ClassNotFoundException: fr.inria.sacha.remining.coming.analyzer.Main
",1,
/app/data/coming_data/pair_01798,False,"Error: Could not find or load main class fr.inria.sacha.remining.coming.analyzer.Main
Caused by: java.lang.ClassNotFoundException: fr.inria.sacha.remining.coming.analyzer.Main
",1,
/app/data/coming_data/pair_01799,False,"Error: Could not find or load main class fr.inria.sacha.remining.coming.analyzer.Main
Caused by: java.lang.ClassNotFoundException: fr.inria.sacha.remining.coming.analyzer.Main
",1,
/app/data/coming_data/pair_01800,False,"Error: Could not find or load main class fr.inria.sacha.remining.coming.analyzer.Main
Caused by: java.lang.ClassNotFoundException: fr.inria.sacha.remining.coming.analyzer.Main
",1,
/app/data/coming_data/pair_01801,False,"Error: Could not find or load main class fr.inria.sacha.remining.coming.analyzer.Main
Caused by: java.lang.ClassNotFoundException: fr.inria.sacha.remining.coming.analyzer.Main
",1,
/app/data/coming_data/pair_01802,False,"Error: Could not find or load main class fr.inria.sacha.remining.coming.analyzer.Main
Caused by: java.lang.ClassNotFoundException: fr.inria.sacha.remining.coming.analyzer.Main
",1,
/app/data/coming_data/pair_01803,False,"Error: Could not find or load main class fr.inria.sacha.remining.coming.analyzer.Main
Caused by: java.lang.ClassNotFoundException: fr.inria.sacha.remining.coming.analyzer.Main
",1,
/app/data/coming_data/pair_01804,False,"Error: Could not find or load main class fr.inria.sacha.remining.coming.analyzer.Main
Caused by: java.lang.ClassNotFoundException: fr.inria.sacha.remining.coming.analyzer.Main
",1,
/app/data/coming_data/pair_01805,False,"Error: Could not find or load main class fr.inria.sacha.remining.coming.analyzer.Main
Caused by: java.lang.ClassNotFoundException: fr.inria.sacha.remining.coming.analyzer.Main
",1,
/app/data/coming_data/pair_01806,False,"Error: Could not find or load main class fr.inria.sacha.remining.coming.analyzer.Main
Caused by: java.lang.ClassNotFoundException: fr.inria.sacha.remining.coming.analyzer.Main
",1,
/app/data/coming_data/pair_01807,False,"Error: Could not find or load main class fr.inria.sacha.remining.coming.analyzer.Main
Caused by: java.lang.ClassNotFoundException: fr.inria.sacha.remining.coming.analyzer.Main
",1,
/app/data/coming_data/pair_01808,False,"Error: Could not find or load main class fr.inria.sacha.remining.coming.analyzer.Main
Caused by: java.lang.ClassNotFoundException: fr.inria.sacha.remining.coming.analyzer.Main
",1,
/app/data/coming_data/pair_01809,False,"Error: Could not find or load main class fr.inria.sacha.remining.coming.analyzer.Main
Caused by: java.lang.ClassNotFoundException: fr.inria.sacha.remining.coming.analyzer.Main
",1,
/app/data/coming_data/pair_01810,False,"Error: Could not find or load main class fr.inria.sacha.remining.coming.analyzer.Main
Caused by: java.lang.ClassNotFoundException: fr.inria.sacha.remining.coming.analyzer.Main
",1,
/app/data/coming_data/pair_01811,False,"Error: Could not find or load main class fr.inria.sacha.remining.coming.analyzer.Main
Caused by: java.lang.ClassNotFoundException: fr.inria.sacha.remining.coming.analyzer.Main
",1,
/app/data/coming_data/pair_01812,False,"Error: Could not find or load main class fr.inria.sacha.remining.coming.analyzer.Main
Caused by: java.lang.ClassNotFoundException: fr.inria.sacha.remining.coming.analyzer.Main
",1,
/app/data/coming_data/pair_01813,False,"Error: Could not find or load main class fr.inria.sacha.remining.coming.analyzer.Main
Caused by: java.lang.ClassNotFoundException: fr.inria.sacha.remining.coming.analyzer.Main
",1,
/app/data/coming_data/pair_01814,False,"Error: Could not find or load main class fr.inria.sacha.remining.coming.analyzer.Main
Caused by: java.lang.ClassNotFoundException: fr.inria.sacha.remining.coming.analyzer.Main
",1,
/app/data/coming_data/pair_01815,False,"Error: Could not find or load main class fr.inria.sacha.remining.coming.analyzer.Main
Caused by: java.lang.ClassNotFoundException: fr.inria.sacha.remining.coming.analyzer.Main
",1,
/app/data/coming_data/pair_01816,False,"Error: Could not find or load main class fr.inria.sacha.remining.coming.analyzer.Main
Caused by: java.lang.ClassNotFoundException: fr.inria.sacha.remining.coming.analyzer.Main
",1,
/app/data/coming_data/pair_01817,False,"Error: Could not find or load main class fr.inria.sacha.remining.coming.analyzer.Main
Caused by: java.lang.ClassNotFoundException: fr.inria.sacha.remining.coming.analyzer.Main
",1,
/app/data/coming_data/pair_01818,False,"Error: Could not find or load main class fr.inria.sacha.remining.coming.analyzer.Main
Caused by: java.lang.ClassNotFoundException: fr.inria.sacha.remining.coming.analyzer.Main
",1,
/app/data/coming_data/pair_01819,False,"Error: Could not find or load main class fr.inria.sacha.remining.coming.analyzer.Main
Caused by: java.lang.ClassNotFoundException: fr.inria.sacha.remining.coming.analyzer.Main
",1,
/app/data/coming_data/pair_01820,False,"Error: Could not find or load main class fr.inria.sacha.remining.coming.analyzer.Main
Caused by: java.lang.ClassNotFoundException: fr.inria.sacha.remining.coming.analyzer.Main
",1,
/app/data/coming_data/pair_01821,False,"Error: Could not find or load main class fr.inria.sacha.remining.coming.analyzer.Main
Caused by: java.lang.ClassNotFoundException: fr.inria.sacha.remining.coming.analyzer.Main
",1,
/app/data/coming_data/pair_01822,False,"Error: Could not find or load main class fr.inria.sacha.remining.coming.analyzer.Main
Caused by: java.lang.ClassNotFoundException: fr.inria.sacha.remining.coming.analyzer.Main
",1,
/app/data/coming_data/pair_01823,False,"Error: Could not find or load main class fr.inria.sacha.remining.coming.analyzer.Main
Caused by: java.lang.ClassNotFoundException: fr.inria.sacha.remining.coming.analyzer.Main
",1,
/app/data/coming_data/pair_01824,False,"Error: Could not find or load main class fr.inria.sacha.remining.coming.analyzer.Main
Caused by: java.lang.ClassNotFoundException: fr.inria.sacha.remining.coming.analyzer.Main
",1,
/app/data/coming_data/pair_01825,False,"Error: Could not find or load main class fr.inria.sacha.remining.coming.analyzer.Main
Caused by: java.lang.ClassNotFoundException: fr.inria.sacha.remining.coming.analyzer.Main
",1,
/app/data/coming_data/pair_01826,False,"Error: Could not find or load main class fr.inria.sacha.remining.coming.analyzer.Main
Caused by: java.lang.ClassNotFoundException: fr.inria.sacha.remining.coming.analyzer.Main
",1,
/app/data/coming_data/pair_01827,False,"Error: Could not find or load main class fr.inria.sacha.remining.coming.analyzer.Main
Caused by: java.lang.ClassNotFoundException: fr.inria.sacha.remining.coming.analyzer.Main
",1,
/app/data/coming_data/pair_01828,False,"Error: Could not find or load main class fr.inria.sacha.remining.coming.analyzer.Main
Caused by: java.lang.ClassNotFoundException: fr.inria.sacha.remining.coming.analyzer.Main
",1,
/app/data/coming_data/pair_01829,False,"Error: Could not find or load main class fr.inria.sacha.remining.coming.analyzer.Main
Caused by: java.lang.ClassNotFoundException: fr.inria.sacha.remining.coming.analyzer.Main
",1,
/app/data/coming_data/pair_01830,False,"Error: Could not find or load main class fr.inria.sacha.remining.coming.analyzer.Main
Caused by: java.lang.ClassNotFoundException: fr.inria.sacha.remining.coming.analyzer.Main
",1,
/app/data/coming_data/pair_01831,False,"Error: Could not find or load main class fr.inria.sacha.remining.coming.analyzer.Main
Caused by: java.lang.ClassNotFoundException: fr.inria.sacha.remining.coming.analyzer.Main
",1,
/app/data/coming_data/pair_01832,False,"Error: Could not find or load main class fr.inria.sacha.remining.coming.analyzer.Main
Caused by: java.lang.ClassNotFoundException: fr.inria.sacha.remining.coming.analyzer.Main
",1,
/app/data/coming_data/pair_01833,False,"Error: Could not find or load main class fr.inria.sacha.remining.coming.analyzer.Main
Caused by: java.lang.ClassNotFoundException: fr.inria.sacha.remining.coming.analyzer.Main
",1,
/app/data/coming_data/pair_01834,False,"Error: Could not find or load main class fr.inria.sacha.remining.coming.analyzer.Main
Caused by: java.lang.ClassNotFoundException: fr.inria.sacha.remining.coming.analyzer.Main
",1,
/app/data/coming_data/pair_01835,False,"Error: Could not find or load main class fr.inria.sacha.remining.coming.analyzer.Main
Caused by: java.lang.ClassNotFoundException: fr.inria.sacha.remining.coming.analyzer.Main
",1,
/app/data/coming_data/pair_01836,False,"Error: Could not find or load main class fr.inria.sacha.remining.coming.analyzer.Main
Caused by: java.lang.ClassNotFoundException: fr.inria.sacha.remining.coming.analyzer.Main
",1,
/app/data/coming_data/pair_01837,False,"Error: Could not find or load main class fr.inria.sacha.remining.coming.analyzer.Main
Caused by: java.lang.ClassNotFoundException: fr.inria.sacha.remining.coming.analyzer.Main
",1,
/app/data/coming_data/pair_01838,False,"Error: Could not find or load main class fr.inria.sacha.remining.coming.analyzer.Main
Caused by: java.lang.ClassNotFoundException: fr.inria.sacha.remining.coming.analyzer.Main
",1,
/app/data/coming_data/pair_01839,False,"Error: Could not find or load main class fr.inria.sacha.remining.coming.analyzer.Main
Caused by: java.lang.ClassNotFoundException: fr.inria.sacha.remining.coming.analyzer.Main
",1,
/app/data/coming_data/pair_01840,False,"Error: Could not find or load main class fr.inria.sacha.remining.coming.analyzer.Main
Caused by: java.lang.ClassNotFoundException: fr.inria.sacha.remining.coming.analyzer.Main
",1,
/app/data/coming_data/pair_01841,False,"Error: Could not find or load main class fr.inria.sacha.remining.coming.analyzer.Main
Caused by: java.lang.ClassNotFoundException: fr.inria.sacha.remining.coming.analyzer.Main
",1,
/app/data/coming_data/pair_01842,False,"Error: Could not find or load main class fr.inria.sacha.remining.coming.analyzer.Main
Caused by: java.lang.ClassNotFoundException: fr.inria.sacha.remining.coming.analyzer.Main
",1,
/app/data/coming_data/pair_01843,False,"Error: Could not find or load main class fr.inria.sacha.remining.coming.analyzer.Main
Caused by: java.lang.ClassNotFoundException: fr.inria.sacha.remining.coming.analyzer.Main
",1,
/app/data/coming_data/pair_01844,False,"Error: Could not find or load main class fr.inria.sacha.remining.coming.analyzer.Main
Caused by: java.lang.ClassNotFoundException: fr.inria.sacha.remining.coming.analyzer.Main
",1,
/app/data/coming_data/pair_01845,False,"Error: Could not find or load main class fr.inria.sacha.remining.coming.analyzer.Main
Caused by: java.lang.ClassNotFoundException: fr.inria.sacha.remining.coming.analyzer.Main
",1,
/app/data/coming_data/pair_01846,False,"Error: Could not find or load main class fr.inria.sacha.remining.coming.analyzer.Main
Caused by: java.lang.ClassNotFoundException: fr.inria.sacha.remining.coming.analyzer.Main
",1,
/app/data/coming_data/pair_01847,False,"Error: Could not find or load main class fr.inria.sacha.remining.coming.analyzer.Main
Caused by: java.lang.ClassNotFoundException: fr.inria.sacha.remining.coming.analyzer.Main
",1,
/app/data/coming_data/pair_01848,False,"Error: Could not find or load main class fr.inria.sacha.remining.coming.analyzer.Main
Caused by: java.lang.ClassNotFoundException: fr.inria.sacha.remining.coming.analyzer.Main
",1,
/app/data/coming_data/pair_01849,False,"Error: Could not find or load main class fr.inria.sacha.remining.coming.analyzer.Main
Caused by: java.lang.ClassNotFoundException: fr.inria.sacha.remining.coming.analyzer.Main
",1,
/app/data/coming_data/pair_01850,False,"Error: Could not find or load main class fr.inria.sacha.remining.coming.analyzer.Main
Caused by: java.lang.ClassNotFoundException: fr.inria.sacha.remining.coming.analyzer.Main
",1,
/app/data/coming_data/pair_01851,False,"Error: Could not find or load main class fr.inria.sacha.remining.coming.analyzer.Main
Caused by: java.lang.ClassNotFoundException: fr.inria.sacha.remining.coming.analyzer.Main
",1,
/app/data/coming_data/pair_01852,False,"Error: Could not find or load main class fr.inria.sacha.remining.coming.analyzer.Main
Caused by: java.lang.ClassNotFoundException: fr.inria.sacha.remining.coming.analyzer.Main
",1,
/app/data/coming_data/pair_01853,False,"Error: Could not find or load main class fr.inria.sacha.remining.coming.analyzer.Main
Caused by: java.lang.ClassNotFoundException: fr.inria.sacha.remining.coming.analyzer.Main
",1,
/app/data/coming_data/pair_01854,False,"Error: Could not find or load main class fr.inria.sacha.remining.coming.analyzer.Main
Caused by: java.lang.ClassNotFoundException: fr.inria.sacha.remining.coming.analyzer.Main
",1,
/app/data/coming_data/pair_01855,False,"Error: Could not find or load main class fr.inria.sacha.remining.coming.analyzer.Main
Caused by: java.lang.ClassNotFoundException: fr.inria.sacha.remining.coming.analyzer.Main
",1,
/app/data/coming_data/pair_01856,False,"Error: Could not find or load main class fr.inria.sacha.remining.coming.analyzer.Main
Caused by: java.lang.ClassNotFoundException: fr.inria.sacha.remining.coming.analyzer.Main
",1,
/app/data/coming_data/pair_01857,False,"Error: Could not find or load main class fr.inria.sacha.remining.coming.analyzer.Main
Caused by: java.lang.ClassNotFoundException: fr.inria.sacha.remining.coming.analyzer.Main
",1,
/app/data/coming_data/pair_01858,False,"Error: Could not find or load main class fr.inria.sacha.remining.coming.analyzer.Main
Caused by: java.lang.ClassNotFoundException: fr.inria.sacha.remining.coming.analyzer.Main
",1,
/app/data/coming_data/pair_01859,False,"Error: Could not find or load main class fr.inria.sacha.remining.coming.analyzer.Main
Caused by: java.lang.ClassNotFoundException: fr.inria.sacha.remining.coming.analyzer.Main
",1,
/app/data/coming_data/pair_01860,False,"Error: Could not find or load main class fr.inria.sacha.remining.coming.analyzer.Main
Caused by: java.lang.ClassNotFoundException: fr.inria.sacha.remining.coming.analyzer.Main
",1,
/app/data/coming_data/pair_01861,False,"Error: Could not find or load main class fr.inria.sacha.remining.coming.analyzer.Main
Caused by: java.lang.ClassNotFoundException: fr.inria.sacha.remining.coming.analyzer.Main
",1,
/app/data/coming_data/pair_01862,False,"Error: Could not find or load main class fr.inria.sacha.remining.coming.analyzer.Main
Caused by: java.lang.ClassNotFoundException: fr.inria.sacha.remining.coming.analyzer.Main
",1,
/app/data/coming_data/pair_01863,False,"Error: Could not find or load main class fr.inria.sacha.remining.coming.analyzer.Main
Caused by: java.lang.ClassNotFoundException: fr.inria.sacha.remining.coming.analyzer.Main
",1,
/app/data/coming_data/pair_01864,False,"Error: Could not find or load main class fr.inria.sacha.remining.coming.analyzer.Main
Caused by: java.lang.ClassNotFoundException: fr.inria.sacha.remining.coming.analyzer.Main
",1,
/app/data/coming_data/pair_01865,False,"Error: Could not find or load main class fr.inria.sacha.remining.coming.analyzer.Main
Caused by: java.lang.ClassNotFoundException: fr.inria.sacha.remining.coming.analyzer.Main
",1,
/app/data/coming_data/pair_01866,False,"Error: Could not find or load main class fr.inria.sacha.remining.coming.analyzer.Main
Caused by: java.lang.ClassNotFoundException: fr.inria.sacha.remining.coming.analyzer.Main
",1,
/app/data/coming_data/pair_01867,False,"Error: Could not find or load main class fr.inria.sacha.remining.coming.analyzer.Main
Caused by: java.lang.ClassNotFoundException: fr.inria.sacha.remining.coming.analyzer.Main
",1,
/app/data/coming_data/pair_01868,False,"Error: Could not find or load main class fr.inria.sacha.remining.coming.analyzer.Main
Caused by: java.lang.ClassNotFoundException: fr.inria.sacha.remining.coming.analyzer.Main
",1,
/app/data/coming_data/pair_01869,False,"Error: Could not find or load main class fr.inria.sacha.remining.coming.analyzer.Main
Caused by: java.lang.ClassNotFoundException: fr.inria.sacha.remining.coming.analyzer.Main
",1,
/app/data/coming_data/pair_01870,False,"Error: Could not find or load main class fr.inria.sacha.remining.coming.analyzer.Main
Caused by: java.lang.ClassNotFoundException: fr.inria.sacha.remining.coming.analyzer.Main
",1,
/app/data/coming_data/pair_01871,False,"Error: Could not find or load main class fr.inria.sacha.remining.coming.analyzer.Main
Caused by: java.lang.ClassNotFoundException: fr.inria.sacha.remining.coming.analyzer.Main
",1,
/app/data/coming_data/pair_01872,False,"Error: Could not find or load main class fr.inria.sacha.remining.coming.analyzer.Main
Caused by: java.lang.ClassNotFoundException: fr.inria.sacha.remining.coming.analyzer.Main
",1,
/app/data/coming_data/pair_01873,False,"Error: Could not find or load main class fr.inria.sacha.remining.coming.analyzer.Main
Caused by: java.lang.ClassNotFoundException: fr.inria.sacha.remining.coming.analyzer.Main
",1,
/app/data/coming_data/pair_01874,False,"Error: Could not find or load main class fr.inria.sacha.remining.coming.analyzer.Main
Caused by: java.lang.ClassNotFoundException: fr.inria.sacha.remining.coming.analyzer.Main
",1,
/app/data/coming_data/pair_01875,False,"Error: Could not find or load main class fr.inria.sacha.remining.coming.analyzer.Main
Caused by: java.lang.ClassNotFoundException: fr.inria.sacha.remining.coming.analyzer.Main
",1,
/app/data/coming_data/pair_01876,False,"Error: Could not find or load main class fr.inria.sacha.remining.coming.analyzer.Main
Caused by: java.lang.ClassNotFoundException: fr.inria.sacha.remining.coming.analyzer.Main
",1,
/app/data/coming_data/pair_01877,False,"Error: Could not find or load main class fr.inria.sacha.remining.coming.analyzer.Main
Caused by: java.lang.ClassNotFoundException: fr.inria.sacha.remining.coming.analyzer.Main
",1,
/app/data/coming_data/pair_01878,False,"Error: Could not find or load main class fr.inria.sacha.remining.coming.analyzer.Main
Caused by: java.lang.ClassNotFoundException: fr.inria.sacha.remining.coming.analyzer.Main
",1,
/app/data/coming_data/pair_01879,False,"Error: Could not find or load main class fr.inria.sacha.remining.coming.analyzer.Main
Caused by: java.lang.ClassNotFoundException: fr.inria.sacha.remining.coming.analyzer.Main
",1,
/app/data/coming_data/pair_01880,False,"Error: Could not find or load main class fr.inria.sacha.remining.coming.analyzer.Main
Caused by: java.lang.ClassNotFoundException: fr.inria.sacha.remining.coming.analyzer.Main
",1,
/app/data/coming_data/pair_01881,False,"Error: Could not find or load main class fr.inria.sacha.remining.coming.analyzer.Main
Caused by: java.lang.ClassNotFoundException: fr.inria.sacha.remining.coming.analyzer.Main
",1,
/app/data/coming_data/pair_01882,False,"Error: Could not find or load main class fr.inria.sacha.remining.coming.analyzer.Main
Caused by: java.lang.ClassNotFoundException: fr.inria.sacha.remining.coming.analyzer.Main
",1,
/app/data/coming_data/pair_01883,False,"Error: Could not find or load main class fr.inria.sacha.remining.coming.analyzer.Main
Caused by: java.lang.ClassNotFoundException: fr.inria.sacha.remining.coming.analyzer.Main
",1,
/app/data/coming_data/pair_01884,False,"Error: Could not find or load main class fr.inria.sacha.remining.coming.analyzer.Main
Caused by: java.lang.ClassNotFoundException: fr.inria.sacha.remining.coming.analyzer.Main
",1,
/app/data/coming_data/pair_01885,False,"Error: Could not find or load main class fr.inria.sacha.remining.coming.analyzer.Main
Caused by: java.lang.ClassNotFoundException: fr.inria.sacha.remining.coming.analyzer.Main
",1,
/app/data/coming_data/pair_01886,False,"Error: Could not find or load main class fr.inria.sacha.remining.coming.analyzer.Main
Caused by: java.lang.ClassNotFoundException: fr.inria.sacha.remining.coming.analyzer.Main
",1,
/app/data/coming_data/pair_01887,False,"Error: Could not find or load main class fr.inria.sacha.remining.coming.analyzer.Main
Caused by: java.lang.ClassNotFoundException: fr.inria.sacha.remining.coming.analyzer.Main
",1,
/app/data/coming_data/pair_01888,False,"Error: Could not find or load main class fr.inria.sacha.remining.coming.analyzer.Main
Caused by: java.lang.ClassNotFoundException: fr.inria.sacha.remining.coming.analyzer.Main
",1,
/app/data/coming_data/pair_01889,False,"Error: Could not find or load main class fr.inria.sacha.remining.coming.analyzer.Main
Caused by: java.lang.ClassNotFoundException: fr.inria.sacha.remining.coming.analyzer.Main
",1,
/app/data/coming_data/pair_01890,False,"Error: Could not find or load main class fr.inria.sacha.remining.coming.analyzer.Main
Caused by: java.lang.ClassNotFoundException: fr.inria.sacha.remining.coming.analyzer.Main
",1,
/app/data/coming_data/pair_01891,False,"Error: Could not find or load main class fr.inria.sacha.remining.coming.analyzer.Main
Caused by: java.lang.ClassNotFoundException: fr.inria.sacha.remining.coming.analyzer.Main
",1,
/app/data/coming_data/pair_01892,False,"Error: Could not find or load main class fr.inria.sacha.remining.coming.analyzer.Main
Caused by: java.lang.ClassNotFoundException: fr.inria.sacha.remining.coming.analyzer.Main
",1,
/app/data/coming_data/pair_01893,False,"Error: Could not find or load main class fr.inria.sacha.remining.coming.analyzer.Main
Caused by: java.lang.ClassNotFoundException: fr.inria.sacha.remining.coming.analyzer.Main
",1,
/app/data/coming_data/pair_01894,False,"Error: Could not find or load main class fr.inria.sacha.remining.coming.analyzer.Main
Caused by: java.lang.ClassNotFoundException: fr.inria.sacha.remining.coming.analyzer.Main
",1,
/app/data/coming_data/pair_01895,False,"Error: Could not find or load main class fr.inria.sacha.remining.coming.analyzer.Main
Caused by: java.lang.ClassNotFoundException: fr.inria.sacha.remining.coming.analyzer.Main
",1,
/app/data/coming_data/pair_01896,False,"Error: Could not find or load main class fr.inria.sacha.remining.coming.analyzer.Main
Caused by: java.lang.ClassNotFoundException: fr.inria.sacha.remining.coming.analyzer.Main
",1,
/app/data/coming_data/pair_01897,False,"Error: Could not find or load main class fr.inria.sacha.remining.coming.analyzer.Main
Caused by: java.lang.ClassNotFoundException: fr.inria.sacha.remining.coming.analyzer.Main
",1,
/app/data/coming_data/pair_01898,False,"Error: Could not find or load main class fr.inria.sacha.remining.coming.analyzer.Main
Caused by: java.lang.ClassNotFoundException: fr.inria.sacha.remining.coming.analyzer.Main
",1,
/app/data/coming_data/pair_01899,False,"Error: Could not find or load main class fr.inria.sacha.remining.coming.analyzer.Main
Caused by: java.lang.ClassNotFoundException: fr.inria.sacha.remining.coming.analyzer.Main
",1,
/app/data/coming_data/pair_01900,False,"Error: Could not find or load main class fr.inria.sacha.remining.coming.analyzer.Main
Caused by: java.lang.ClassNotFoundException: fr.inria.sacha.remining.coming.analyzer.Main
",1,
/app/data/coming_data/pair_01901,False,"Error: Could not find or load main class fr.inria.sacha.remining.coming.analyzer.Main
Caused by: java.lang.ClassNotFoundException: fr.inria.sacha.remining.coming.analyzer.Main
",1,
/app/data/coming_data/pair_01902,False,"Error: Could not find or load main class fr.inria.sacha.remining.coming.analyzer.Main
Caused by: java.lang.ClassNotFoundException: fr.inria.sacha.remining.coming.analyzer.Main
",1,
/app/data/coming_data/pair_01903,False,"Error: Could not find or load main class fr.inria.sacha.remining.coming.analyzer.Main
Caused by: java.lang.ClassNotFoundException: fr.inria.sacha.remining.coming.analyzer.Main
",1,
/app/data/coming_data/pair_01904,False,"Error: Could not find or load main class fr.inria.sacha.remining.coming.analyzer.Main
Caused by: java.lang.ClassNotFoundException: fr.inria.sacha.remining.coming.analyzer.Main
",1,
/app/data/coming_data/pair_01905,False,"Error: Could not find or load main class fr.inria.sacha.remining.coming.analyzer.Main
Caused by: java.lang.ClassNotFoundException: fr.inria.sacha.remining.coming.analyzer.Main
",1,
/app/data/coming_data/pair_01906,False,"Error: Could not find or load main class fr.inria.sacha.remining.coming.analyzer.Main
Caused by: java.lang.ClassNotFoundException: fr.inria.sacha.remining.coming.analyzer.Main
",1,
/app/data/coming_data/pair_01907,False,"Error: Could not find or load main class fr.inria.sacha.remining.coming.analyzer.Main
Caused by: java.lang.ClassNotFoundException: fr.inria.sacha.remining.coming.analyzer.Main
",1,
/app/data/coming_data/pair_01908,False,"Error: Could not find or load main class fr.inria.sacha.remining.coming.analyzer.Main
Caused by: java.lang.ClassNotFoundException: fr.inria.sacha.remining.coming.analyzer.Main
",1,
/app/data/coming_data/pair_01909,False,"Error: Could not find or load main class fr.inria.sacha.remining.coming.analyzer.Main
Caused by: java.lang.ClassNotFoundException: fr.inria.sacha.remining.coming.analyzer.Main
",1,
/app/data/coming_data/pair_01910,False,"Error: Could not find or load main class fr.inria.sacha.remining.coming.analyzer.Main
Caused by: java.lang.ClassNotFoundException: fr.inria.sacha.remining.coming.analyzer.Main
",1,
/app/data/coming_data/pair_01911,False,"Error: Could not find or load main class fr.inria.sacha.remining.coming.analyzer.Main
Caused by: java.lang.ClassNotFoundException: fr.inria.sacha.remining.coming.analyzer.Main
",1,
/app/data/coming_data/pair_01912,False,"Error: Could not find or load main class fr.inria.sacha.remining.coming.analyzer.Main
Caused by: java.lang.ClassNotFoundException: fr.inria.sacha.remining.coming.analyzer.Main
",1,
/app/data/coming_data/pair_01913,False,"Error: Could not find or load main class fr.inria.sacha.remining.coming.analyzer.Main
Caused by: java.lang.ClassNotFoundException: fr.inria.sacha.remining.coming.analyzer.Main
",1,
/app/data/coming_data/pair_01914,False,"Error: Could not find or load main class fr.inria.sacha.remining.coming.analyzer.Main
Caused by: java.lang.ClassNotFoundException: fr.inria.sacha.remining.coming.analyzer.Main
",1,
/app/data/coming_data/pair_01915,False,"Error: Could not find or load main class fr.inria.sacha.remining.coming.analyzer.Main
Caused by: java.lang.ClassNotFoundException: fr.inria.sacha.remining.coming.analyzer.Main
",1,
/app/data/coming_data/pair_01916,False,"Error: Could not find or load main class fr.inria.sacha.remining.coming.analyzer.Main
Caused by: java.lang.ClassNotFoundException: fr.inria.sacha.remining.coming.analyzer.Main
",1,
/app/data/coming_data/pair_01917,False,"Error: Could not find or load main class fr.inria.sacha.remining.coming.analyzer.Main
Caused by: java.lang.ClassNotFoundException: fr.inria.sacha.remining.coming.analyzer.Main
",1,
/app/data/coming_data/pair_01918,False,"Error: Could not find or load main class fr.inria.sacha.remining.coming.analyzer.Main
Caused by: java.lang.ClassNotFoundException: fr.inria.sacha.remining.coming.analyzer.Main
",1,
/app/data/coming_data/pair_01919,False,"Error: Could not find or load main class fr.inria.sacha.remining.coming.analyzer.Main
Caused by: java.lang.ClassNotFoundException: fr.inria.sacha.remining.coming.analyzer.Main
",1,
/app/data/coming_data/pair_01920,False,"Error: Could not find or load main class fr.inria.sacha.remining.coming.analyzer.Main
Caused by: java.lang.ClassNotFoundException: fr.inria.sacha.remining.coming.analyzer.Main
",1,
/app/data/coming_data/pair_01921,False,"Error: Could not find or load main class fr.inria.sacha.remining.coming.analyzer.Main
Caused by: java.lang.ClassNotFoundException: fr.inria.sacha.remining.coming.analyzer.Main
",1,
/app/data/coming_data/pair_01922,False,"Error: Could not find or load main class fr.inria.sacha.remining.coming.analyzer.Main
Caused by: java.lang.ClassNotFoundException: fr.inria.sacha.remining.coming.analyzer.Main
",1,
/app/data/coming_data/pair_01923,False,"Error: Could not find or load main class fr.inria.sacha.remining.coming.analyzer.Main
Caused by: java.lang.ClassNotFoundException: fr.inria.sacha.remining.coming.analyzer.Main
",1,
/app/data/coming_data/pair_01924,False,"Error: Could not find or load main class fr.inria.sacha.remining.coming.analyzer.Main
Caused by: java.lang.ClassNotFoundException: fr.inria.sacha.remining.coming.analyzer.Main
",1,
/app/data/coming_data/pair_01925,False,"Error: Could not find or load main class fr.inria.sacha.remining.coming.analyzer.Main
Caused by: java.lang.ClassNotFoundException: fr.inria.sacha.remining.coming.analyzer.Main
",1,
/app/data/coming_data/pair_01926,False,"Error: Could not find or load main class fr.inria.sacha.remining.coming.analyzer.Main
Caused by: java.lang.ClassNotFoundException: fr.inria.sacha.remining.coming.analyzer.Main
",1,
/app/data/coming_data/pair_01927,False,"Error: Could not find or load main class fr.inria.sacha.remining.coming.analyzer.Main
Caused by: java.lang.ClassNotFoundException: fr.inria.sacha.remining.coming.analyzer.Main
",1,
/app/data/coming_data/pair_01928,False,"Error: Could not find or load main class fr.inria.sacha.remining.coming.analyzer.Main
Caused by: java.lang.ClassNotFoundException: fr.inria.sacha.remining.coming.analyzer.Main
",1,
/app/data/coming_data/pair_01929,False,"Error: Could not find or load main class fr.inria.sacha.remining.coming.analyzer.Main
Caused by: java.lang.ClassNotFoundException: fr.inria.sacha.remining.coming.analyzer.Main
",1,
/app/data/coming_data/pair_01930,False,"Error: Could not find or load main class fr.inria.sacha.remining.coming.analyzer.Main
Caused by: java.lang.ClassNotFoundException: fr.inria.sacha.remining.coming.analyzer.Main
",1,
/app/data/coming_data/pair_01931,False,"Error: Could not find or load main class fr.inria.sacha.remining.coming.analyzer.Main
Caused by: java.lang.ClassNotFoundException: fr.inria.sacha.remining.coming.analyzer.Main
",1,
/app/data/coming_data/pair_01932,False,"Error: Could not find or load main class fr.inria.sacha.remining.coming.analyzer.Main
Caused by: java.lang.ClassNotFoundException: fr.inria.sacha.remining.coming.analyzer.Main
",1,
/app/data/coming_data/pair_01933,False,"Error: Could not find or load main class fr.inria.sacha.remining.coming.analyzer.Main
Caused by: java.lang.ClassNotFoundException: fr.inria.sacha.remining.coming.analyzer.Main
",1,
/app/data/coming_data/pair_01934,False,"Error: Could not find or load main class fr.inria.sacha.remining.coming.analyzer.Main
Caused by: java.lang.ClassNotFoundException: fr.inria.sacha.remining.coming.analyzer.Main
",1,
/app/data/coming_data/pair_01935,False,"Error: Could not find or load main class fr.inria.sacha.remining.coming.analyzer.Main
Caused by: java.lang.ClassNotFoundException: fr.inria.sacha.remining.coming.analyzer.Main
",1,
/app/data/coming_data/pair_01936,False,"Error: Could not find or load main class fr.inria.sacha.remining.coming.analyzer.Main
Caused by: java.lang.ClassNotFoundException: fr.inria.sacha.remining.coming.analyzer.Main
",1,
/app/data/coming_data/pair_01937,False,"Error: Could not find or load main class fr.inria.sacha.remining.coming.analyzer.Main
Caused by: java.lang.ClassNotFoundException: fr.inria.sacha.remining.coming.analyzer.Main
",1,
/app/data/coming_data/pair_01938,False,"Error: Could not find or load main class fr.inria.sacha.remining.coming.analyzer.Main
Caused by: java.lang.ClassNotFoundException: fr.inria.sacha.remining.coming.analyzer.Main
",1,
/app/data/coming_data/pair_01939,False,"Error: Could not find or load main class fr.inria.sacha.remining.coming.analyzer.Main
Caused by: java.lang.ClassNotFoundException: fr.inria.sacha.remining.coming.analyzer.Main
",1,
/app/data/coming_data/pair_01940,False,"Error: Could not find or load main class fr.inria.sacha.remining.coming.analyzer.Main
Caused by: java.lang.ClassNotFoundException: fr.inria.sacha.remining.coming.analyzer.Main
",1,
/app/data/coming_data/pair_01941,False,"Error: Could not find or load main class fr.inria.sacha.remining.coming.analyzer.Main
Caused by: java.lang.ClassNotFoundException: fr.inria.sacha.remining.coming.analyzer.Main
",1,
/app/data/coming_data/pair_01942,False,"Error: Could not find or load main class fr.inria.sacha.remining.coming.analyzer.Main
Caused by: java.lang.ClassNotFoundException: fr.inria.sacha.remining.coming.analyzer.Main
",1,
/app/data/coming_data/pair_01943,False,"Error: Could not find or load main class fr.inria.sacha.remining.coming.analyzer.Main
Caused by: java.lang.ClassNotFoundException: fr.inria.sacha.remining.coming.analyzer.Main
",1,
/app/data/coming_data/pair_01944,False,"Error: Could not find or load main class fr.inria.sacha.remining.coming.analyzer.Main
Caused by: java.lang.ClassNotFoundException: fr.inria.sacha.remining.coming.analyzer.Main
",1,
/app/data/coming_data/pair_01945,False,"Error: Could not find or load main class fr.inria.sacha.remining.coming.analyzer.Main
Caused by: java.lang.ClassNotFoundException: fr.inria.sacha.remining.coming.analyzer.Main
",1,
/app/data/coming_data/pair_01946,False,"Error: Could not find or load main class fr.inria.sacha.remining.coming.analyzer.Main
Caused by: java.lang.ClassNotFoundException: fr.inria.sacha.remining.coming.analyzer.Main
",1,
/app/data/coming_data/pair_01947,False,"Error: Could not find or load main class fr.inria.sacha.remining.coming.analyzer.Main
Caused by: java.lang.ClassNotFoundException: fr.inria.sacha.remining.coming.analyzer.Main
",1,
/app/data/coming_data/pair_01948,False,"Error: Could not find or load main class fr.inria.sacha.remining.coming.analyzer.Main
Caused by: java.lang.ClassNotFoundException: fr.inria.sacha.remining.coming.analyzer.Main
",1,
/app/data/coming_data/pair_01949,False,"Error: Could not find or load main class fr.inria.sacha.remining.coming.analyzer.Main
Caused by: java.lang.ClassNotFoundException: fr.inria.sacha.remining.coming.analyzer.Main
",1,
/app/data/coming_data/pair_01950,False,"Error: Could not find or load main class fr.inria.sacha.remining.coming.analyzer.Main
Caused by: java.lang.ClassNotFoundException: fr.inria.sacha.remining.coming.analyzer.Main
",1,
/app/data/coming_data/pair_01951,False,"Error: Could not find or load main class fr.inria.sacha.remining.coming.analyzer.Main
Caused by: java.lang.ClassNotFoundException: fr.inria.sacha.remining.coming.analyzer.Main
",1,
/app/data/coming_data/pair_01952,False,"Error: Could not find or load main class fr.inria.sacha.remining.coming.analyzer.Main
Caused by: java.lang.ClassNotFoundException: fr.inria.sacha.remining.coming.analyzer.Main
",1,
/app/data/coming_data/pair_01953,False,"Error: Could not find or load main class fr.inria.sacha.remining.coming.analyzer.Main
Caused by: java.lang.ClassNotFoundException: fr.inria.sacha.remining.coming.analyzer.Main
",1,
/app/data/coming_data/pair_01954,False,"Error: Could not find or load main class fr.inria.sacha.remining.coming.analyzer.Main
Caused by: java.lang.ClassNotFoundException: fr.inria.sacha.remining.coming.analyzer.Main
",1,
/app/data/coming_data/pair_01955,False,"Error: Could not find or load main class fr.inria.sacha.remining.coming.analyzer.Main
Caused by: java.lang.ClassNotFoundException: fr.inria.sacha.remining.coming.analyzer.Main
",1,
/app/data/coming_data/pair_01956,False,"Error: Could not find or load main class fr.inria.sacha.remining.coming.analyzer.Main
Caused by: java.lang.ClassNotFoundException: fr.inria.sacha.remining.coming.analyzer.Main
",1,
/app/data/coming_data/pair_01957,False,"Error: Could not find or load main class fr.inria.sacha.remining.coming.analyzer.Main
Caused by: java.lang.ClassNotFoundException: fr.inria.sacha.remining.coming.analyzer.Main
",1,
/app/data/coming_data/pair_01958,False,"Error: Could not find or load main class fr.inria.sacha.remining.coming.analyzer.Main
Caused by: java.lang.ClassNotFoundException: fr.inria.sacha.remining.coming.analyzer.Main
",1,
/app/data/coming_data/pair_01959,False,"Error: Could not find or load main class fr.inria.sacha.remining.coming.analyzer.Main
Caused by: java.lang.ClassNotFoundException: fr.inria.sacha.remining.coming.analyzer.Main
",1,
/app/data/coming_data/pair_01960,False,"Error: Could not find or load main class fr.inria.sacha.remining.coming.analyzer.Main
Caused by: java.lang.ClassNotFoundException: fr.inria.sacha.remining.coming.analyzer.Main
",1,
/app/data/coming_data/pair_01961,False,"Error: Could not find or load main class fr.inria.sacha.remining.coming.analyzer.Main
Caused by: java.lang.ClassNotFoundException: fr.inria.sacha.remining.coming.analyzer.Main
",1,
/app/data/coming_data/pair_01962,False,"Error: Could not find or load main class fr.inria.sacha.remining.coming.analyzer.Main
Caused by: java.lang.ClassNotFoundException: fr.inria.sacha.remining.coming.analyzer.Main
",1,
/app/data/coming_data/pair_01963,False,"Error: Could not find or load main class fr.inria.sacha.remining.coming.analyzer.Main
Caused by: java.lang.ClassNotFoundException: fr.inria.sacha.remining.coming.analyzer.Main
",1,
/app/data/coming_data/pair_01964,False,"Error: Could not find or load main class fr.inria.sacha.remining.coming.analyzer.Main
Caused by: java.lang.ClassNotFoundException: fr.inria.sacha.remining.coming.analyzer.Main
",1,
/app/data/coming_data/pair_01965,False,"Error: Could not find or load main class fr.inria.sacha.remining.coming.analyzer.Main
Caused by: java.lang.ClassNotFoundException: fr.inria.sacha.remining.coming.analyzer.Main
",1,
/app/data/coming_data/pair_01966,False,"Error: Could not find or load main class fr.inria.sacha.remining.coming.analyzer.Main
Caused by: java.lang.ClassNotFoundException: fr.inria.sacha.remining.coming.analyzer.Main
",1,
/app/data/coming_data/pair_01967,False,"Error: Could not find or load main class fr.inria.sacha.remining.coming.analyzer.Main
Caused by: java.lang.ClassNotFoundException: fr.inria.sacha.remining.coming.analyzer.Main
",1,
/app/data/coming_data/pair_01968,False,"Error: Could not find or load main class fr.inria.sacha.remining.coming.analyzer.Main
Caused by: java.lang.ClassNotFoundException: fr.inria.sacha.remining.coming.analyzer.Main
",1,
/app/data/coming_data/pair_01969,False,"Error: Could not find or load main class fr.inria.sacha.remining.coming.analyzer.Main
Caused by: java.lang.ClassNotFoundException: fr.inria.sacha.remining.coming.analyzer.Main
",1,
/app/data/coming_data/pair_01970,False,"Error: Could not find or load main class fr.inria.sacha.remining.coming.analyzer.Main
Caused by: java.lang.ClassNotFoundException: fr.inria.sacha.remining.coming.analyzer.Main
",1,
/app/data/coming_data/pair_01971,False,"Error: Could not find or load main class fr.inria.sacha.remining.coming.analyzer.Main
Caused by: java.lang.ClassNotFoundException: fr.inria.sacha.remining.coming.analyzer.Main
",1,
/app/data/coming_data/pair_01972,False,"Error: Could not find or load main class fr.inria.sacha.remining.coming.analyzer.Main
Caused by: java.lang.ClassNotFoundException: fr.inria.sacha.remining.coming.analyzer.Main
",1,
/app/data/coming_data/pair_01973,False,"Error: Could not find or load main class fr.inria.sacha.remining.coming.analyzer.Main
Caused by: java.lang.ClassNotFoundException: fr.inria.sacha.remining.coming.analyzer.Main
",1,
/app/data/coming_data/pair_01974,False,"Error: Could not find or load main class fr.inria.sacha.remining.coming.analyzer.Main
Caused by: java.lang.ClassNotFoundException: fr.inria.sacha.remining.coming.analyzer.Main
",1,
/app/data/coming_data/pair_01975,False,"Error: Could not find or load main class fr.inria.sacha.remining.coming.analyzer.Main
Caused by: java.lang.ClassNotFoundException: fr.inria.sacha.remining.coming.analyzer.Main
",1,
/app/data/coming_data/pair_01976,False,"Error: Could not find or load main class fr.inria.sacha.remining.coming.analyzer.Main
Caused by: java.lang.ClassNotFoundException: fr.inria.sacha.remining.coming.analyzer.Main
",1,
/app/data/coming_data/pair_01977,False,"Error: Could not find or load main class fr.inria.sacha.remining.coming.analyzer.Main
Caused by: java.lang.ClassNotFoundException: fr.inria.sacha.remining.coming.analyzer.Main
",1,
/app/data/coming_data/pair_01978,False,"Error: Could not find or load main class fr.inria.sacha.remining.coming.analyzer.Main
Caused by: java.lang.ClassNotFoundException: fr.inria.sacha.remining.coming.analyzer.Main
",1,
/app/data/coming_data/pair_01979,False,"Error: Could not find or load main class fr.inria.sacha.remining.coming.analyzer.Main
Caused by: java.lang.ClassNotFoundException: fr.inria.sacha.remining.coming.analyzer.Main
",1,
/app/data/coming_data/pair_01980,False,"Error: Could not find or load main class fr.inria.sacha.remining.coming.analyzer.Main
Caused by: java.lang.ClassNotFoundException: fr.inria.sacha.remining.coming.analyzer.Main
",1,
/app/data/coming_data/pair_01981,False,"Error: Could not find or load main class fr.inria.sacha.remining.coming.analyzer.Main
Caused by: java.lang.ClassNotFoundException: fr.inria.sacha.remining.coming.analyzer.Main
",1,
/app/data/coming_data/pair_01982,False,"Error: Could not find or load main class fr.inria.sacha.remining.coming.analyzer.Main
Caused by: java.lang.ClassNotFoundException: fr.inria.sacha.remining.coming.analyzer.Main
",1,
/app/data/coming_data/pair_01983,False,"Error: Could not find or load main class fr.inria.sacha.remining.coming.analyzer.Main
Caused by: java.lang.ClassNotFoundException: fr.inria.sacha.remining.coming.analyzer.Main
",1,
/app/data/coming_data/pair_01984,False,"Error: Could not find or load main class fr.inria.sacha.remining.coming.analyzer.Main
Caused by: java.lang.ClassNotFoundException: fr.inria.sacha.remining.coming.analyzer.Main
",1,
/app/data/coming_data/pair_01985,False,"Error: Could not find or load main class fr.inria.sacha.remining.coming.analyzer.Main
Caused by: java.lang.ClassNotFoundException: fr.inria.sacha.remining.coming.analyzer.Main
",1,
/app/data/coming_data/pair_01986,False,"Error: Could not find or load main class fr.inria.sacha.remining.coming.analyzer.Main
Caused by: java.lang.ClassNotFoundException: fr.inria.sacha.remining.coming.analyzer.Main
",1,
/app/data/coming_data/pair_01987,False,"Error: Could not find or load main class fr.inria.sacha.remining.coming.analyzer.Main
Caused by: java.lang.ClassNotFoundException: fr.inria.sacha.remining.coming.analyzer.Main
",1,
/app/data/coming_data/pair_01988,False,"Error: Could not find or load main class fr.inria.sacha.remining.coming.analyzer.Main
Caused by: java.lang.ClassNotFoundException: fr.inria.sacha.remining.coming.analyzer.Main
",1,
/app/data/coming_data/pair_01989,False,"Error: Could not find or load main class fr.inria.sacha.remining.coming.analyzer.Main
Caused by: java.lang.ClassNotFoundException: fr.inria.sacha.remining.coming.analyzer.Main
",1,
/app/data/coming_data/pair_01990,False,"Error: Could not find or load main class fr.inria.sacha.remining.coming.analyzer.Main
Caused by: java.lang.ClassNotFoundException: fr.inria.sacha.remining.coming.analyzer.Main
",1,
/app/data/coming_data/pair_01991,False,"Error: Could not find or load main class fr.inria.sacha.remining.coming.analyzer.Main
Caused by: java.lang.ClassNotFoundException: fr.inria.sacha.remining.coming.analyzer.Main
",1,
/app/data/coming_data/pair_01992,False,"Error: Could not find or load main class fr.inria.sacha.remining.coming.analyzer.Main
Caused by: java.lang.ClassNotFoundException: fr.inria.sacha.remining.coming.analyzer.Main
",1,
/app/data/coming_data/pair_01993,False,"Error: Could not find or load main class fr.inria.sacha.remining.coming.analyzer.Main
Caused by: java.lang.ClassNotFoundException: fr.inria.sacha.remining.coming.analyzer.Main
",1,
/app/data/coming_data/pair_01994,False,"Error: Could not find or load main class fr.inria.sacha.remining.coming.analyzer.Main
Caused by: java.lang.ClassNotFoundException: fr.inria.sacha.remining.coming.analyzer.Main
",1,
/app/data/coming_data/pair_01995,False,"Error: Could not find or load main class fr.inria.sacha.remining.coming.analyzer.Main
Caused by: java.lang.ClassNotFoundException: fr.inria.sacha.remining.coming.analyzer.Main
",1,
/app/data/coming_data/pair_01996,False,"Error: Could not find or load main class fr.inria.sacha.remining.coming.analyzer.Main
Caused by: java.lang.ClassNotFoundException: fr.inria.sacha.remining.coming.analyzer.Main
",1,
/app/data/coming_data/pair_01997,False,"Error: Could not find or load main class fr.inria.sacha.remining.coming.analyzer.Main
Caused by: java.lang.ClassNotFoundException: fr.inria.sacha.remining.coming.analyzer.Main
",1,
/app/data/coming_data/pair_01998,False,"Error: Could not find or load main class fr.inria.sacha.remining.coming.analyzer.Main
Caused by: java.lang.ClassNotFoundException: fr.inria.sacha.remining.coming.analyzer.Main
",1,
/app/data/coming_data/pair_01999,False,"Error: Could not find or load main class fr.inria.sacha.remining.coming.analyzer.Main
Caused by: java.lang.ClassNotFoundException: fr.inria.sacha.remining.coming.analyzer.Main
",1,
/app/data/coming_data/pair_02000,False,"Error: Could not find or load main class fr.inria.sacha.remining.coming.analyzer.Main
Caused by: java.lang.ClassNotFoundException: fr.inria.sacha.remining.coming.analyzer.Main
",1,
/app/data/coming_data/pair_02001,False,"Error: Could not find or load main class fr.inria.sacha.remining.coming.analyzer.Main
Caused by: java.lang.ClassNotFoundException: fr.inria.sacha.remining.coming.analyzer.Main
",1,
/app/data/coming_data/pair_02002,False,"Error: Could not find or load main class fr.inria.sacha.remining.coming.analyzer.Main
Caused by: java.lang.ClassNotFoundException: fr.inria.sacha.remining.coming.analyzer.Main
",1,
/app/data/coming_data/pair_02003,False,"Error: Could not find or load main class fr.inria.sacha.remining.coming.analyzer.Main
Caused by: java.lang.ClassNotFoundException: fr.inria.sacha.remining.coming.analyzer.Main
",1,
/app/data/coming_data/pair_02004,False,"Error: Could not find or load main class fr.inria.sacha.remining.coming.analyzer.Main
Caused by: java.lang.ClassNotFoundException: fr.inria.sacha.remining.coming.analyzer.Main
",1,
/app/data/coming_data/pair_02005,False,"Error: Could not find or load main class fr.inria.sacha.remining.coming.analyzer.Main
Caused by: java.lang.ClassNotFoundException: fr.inria.sacha.remining.coming.analyzer.Main
",1,
/app/data/coming_data/pair_02006,False,"Error: Could not find or load main class fr.inria.sacha.remining.coming.analyzer.Main
Caused by: java.lang.ClassNotFoundException: fr.inria.sacha.remining.coming.analyzer.Main
",1,
/app/data/coming_data/pair_02007,False,"Error: Could not find or load main class fr.inria.sacha.remining.coming.analyzer.Main
Caused by: java.lang.ClassNotFoundException: fr.inria.sacha.remining.coming.analyzer.Main
",1,
/app/data/coming_data/pair_02008,False,"Error: Could not find or load main class fr.inria.sacha.remining.coming.analyzer.Main
Caused by: java.lang.ClassNotFoundException: fr.inria.sacha.remining.coming.analyzer.Main
",1,
/app/data/coming_data/pair_02009,False,"Error: Could not find or load main class fr.inria.sacha.remining.coming.analyzer.Main
Caused by: java.lang.ClassNotFoundException: fr.inria.sacha.remining.coming.analyzer.Main
",1,
/app/data/coming_data/pair_02010,False,"Error: Could not find or load main class fr.inria.sacha.remining.coming.analyzer.Main
Caused by: java.lang.ClassNotFoundException: fr.inria.sacha.remining.coming.analyzer.Main
",1,
/app/data/coming_data/pair_02011,False,"Error: Could not find or load main class fr.inria.sacha.remining.coming.analyzer.Main
Caused by: java.lang.ClassNotFoundException: fr.inria.sacha.remining.coming.analyzer.Main
",1,
/app/data/coming_data/pair_02012,False,"Error: Could not find or load main class fr.inria.sacha.remining.coming.analyzer.Main
Caused by: java.lang.ClassNotFoundException: fr.inria.sacha.remining.coming.analyzer.Main
",1,
/app/data/coming_data/pair_02013,False,"Error: Could not find or load main class fr.inria.sacha.remining.coming.analyzer.Main
Caused by: java.lang.ClassNotFoundException: fr.inria.sacha.remining.coming.analyzer.Main
",1,
/app/data/coming_data/pair_02014,False,"Error: Could not find or load main class fr.inria.sacha.remining.coming.analyzer.Main
Caused by: java.lang.ClassNotFoundException: fr.inria.sacha.remining.coming.analyzer.Main
",1,
/app/data/coming_data/pair_02015,False,"Error: Could not find or load main class fr.inria.sacha.remining.coming.analyzer.Main
Caused by: java.lang.ClassNotFoundException: fr.inria.sacha.remining.coming.analyzer.Main
",1,
/app/data/coming_data/pair_02016,False,"Error: Could not find or load main class fr.inria.sacha.remining.coming.analyzer.Main
Caused by: java.lang.ClassNotFoundException: fr.inria.sacha.remining.coming.analyzer.Main
",1,
/app/data/coming_data/pair_02017,False,"Error: Could not find or load main class fr.inria.sacha.remining.coming.analyzer.Main
Caused by: java.lang.ClassNotFoundException: fr.inria.sacha.remining.coming.analyzer.Main
",1,
/app/data/coming_data/pair_02018,False,"Error: Could not find or load main class fr.inria.sacha.remining.coming.analyzer.Main
Caused by: java.lang.ClassNotFoundException: fr.inria.sacha.remining.coming.analyzer.Main
",1,
/app/data/coming_data/pair_02019,False,"Error: Could not find or load main class fr.inria.sacha.remining.coming.analyzer.Main
Caused by: java.lang.ClassNotFoundException: fr.inria.sacha.remining.coming.analyzer.Main
",1,
/app/data/coming_data/pair_02020,False,"Error: Could not find or load main class fr.inria.sacha.remining.coming.analyzer.Main
Caused by: java.lang.ClassNotFoundException: fr.inria.sacha.remining.coming.analyzer.Main
",1,
/app/data/coming_data/pair_02021,False,"Error: Could not find or load main class fr.inria.sacha.remining.coming.analyzer.Main
Caused by: java.lang.ClassNotFoundException: fr.inria.sacha.remining.coming.analyzer.Main
",1,
/app/data/coming_data/pair_02022,False,"Error: Could not find or load main class fr.inria.sacha.remining.coming.analyzer.Main
Caused by: java.lang.ClassNotFoundException: fr.inria.sacha.remining.coming.analyzer.Main
",1,
/app/data/coming_data/pair_02023,False,"Error: Could not find or load main class fr.inria.sacha.remining.coming.analyzer.Main
Caused by: java.lang.ClassNotFoundException: fr.inria.sacha.remining.coming.analyzer.Main
",1,
/app/data/coming_data/pair_02024,False,"Error: Could not find or load main class fr.inria.sacha.remining.coming.analyzer.Main
Caused by: java.lang.ClassNotFoundException: fr.inria.sacha.remining.coming.analyzer.Main
",1,
/app/data/coming_data/pair_02025,False,"Error: Could not find or load main class fr.inria.sacha.remining.coming.analyzer.Main
Caused by: java.lang.ClassNotFoundException: fr.inria.sacha.remining.coming.analyzer.Main
",1,
/app/data/coming_data/pair_02026,False,"Error: Could not find or load main class fr.inria.sacha.remining.coming.analyzer.Main
Caused by: java.lang.ClassNotFoundException: fr.inria.sacha.remining.coming.analyzer.Main
",1,
/app/data/coming_data/pair_02027,False,"Error: Could not find or load main class fr.inria.sacha.remining.coming.analyzer.Main
Caused by: java.lang.ClassNotFoundException: fr.inria.sacha.remining.coming.analyzer.Main
",1,
/app/data/coming_data/pair_02028,False,"Error: Could not find or load main class fr.inria.sacha.remining.coming.analyzer.Main
Caused by: java.lang.ClassNotFoundException: fr.inria.sacha.remining.coming.analyzer.Main
",1,
/app/data/coming_data/pair_02029,False,"Error: Could not find or load main class fr.inria.sacha.remining.coming.analyzer.Main
Caused by: java.lang.ClassNotFoundException: fr.inria.sacha.remining.coming.analyzer.Main
",1,
/app/data/coming_data/pair_02030,False,"Error: Could not find or load main class fr.inria.sacha.remining.coming.analyzer.Main
Caused by: java.lang.ClassNotFoundException: fr.inria.sacha.remining.coming.analyzer.Main
",1,
/app/data/coming_data/pair_02031,False,"Error: Could not find or load main class fr.inria.sacha.remining.coming.analyzer.Main
Caused by: java.lang.ClassNotFoundException: fr.inria.sacha.remining.coming.analyzer.Main
",1,
/app/data/coming_data/pair_02032,False,"Error: Could not find or load main class fr.inria.sacha.remining.coming.analyzer.Main
Caused by: java.lang.ClassNotFoundException: fr.inria.sacha.remining.coming.analyzer.Main
",1,
/app/data/coming_data/pair_02033,False,"Error: Could not find or load main class fr.inria.sacha.remining.coming.analyzer.Main
Caused by: java.lang.ClassNotFoundException: fr.inria.sacha.remining.coming.analyzer.Main
",1,
/app/data/coming_data/pair_02034,False,"Error: Could not find or load main class fr.inria.sacha.remining.coming.analyzer.Main
Caused by: java.lang.ClassNotFoundException: fr.inria.sacha.remining.coming.analyzer.Main
",1,
/app/data/coming_data/pair_02035,False,"Error: Could not find or load main class fr.inria.sacha.remining.coming.analyzer.Main
Caused by: java.lang.ClassNotFoundException: fr.inria.sacha.remining.coming.analyzer.Main
",1,
/app/data/coming_data/pair_02036,False,"Error: Could not find or load main class fr.inria.sacha.remining.coming.analyzer.Main
Caused by: java.lang.ClassNotFoundException: fr.inria.sacha.remining.coming.analyzer.Main
",1,
/app/data/coming_data/pair_02037,False,"Error: Could not find or load main class fr.inria.sacha.remining.coming.analyzer.Main
Caused by: java.lang.ClassNotFoundException: fr.inria.sacha.remining.coming.analyzer.Main
",1,
/app/data/coming_data/pair_02038,False,"Error: Could not find or load main class fr.inria.sacha.remining.coming.analyzer.Main
Caused by: java.lang.ClassNotFoundException: fr.inria.sacha.remining.coming.analyzer.Main
",1,
/app/data/coming_data/pair_02039,False,"Error: Could not find or load main class fr.inria.sacha.remining.coming.analyzer.Main
Caused by: java.lang.ClassNotFoundException: fr.inria.sacha.remining.coming.analyzer.Main
",1,
/app/data/coming_data/pair_02040,False,"Error: Could not find or load main class fr.inria.sacha.remining.coming.analyzer.Main
Caused by: java.lang.ClassNotFoundException: fr.inria.sacha.remining.coming.analyzer.Main
",1,
/app/data/coming_data/pair_02041,False,"Error: Could not find or load main class fr.inria.sacha.remining.coming.analyzer.Main
Caused by: java.lang.ClassNotFoundException: fr.inria.sacha.remining.coming.analyzer.Main
",1,
/app/data/coming_data/pair_02042,False,"Error: Could not find or load main class fr.inria.sacha.remining.coming.analyzer.Main
Caused by: java.lang.ClassNotFoundException: fr.inria.sacha.remining.coming.analyzer.Main
",1,
/app/data/coming_data/pair_02043,False,"Error: Could not find or load main class fr.inria.sacha.remining.coming.analyzer.Main
Caused by: java.lang.ClassNotFoundException: fr.inria.sacha.remining.coming.analyzer.Main
",1,
/app/data/coming_data/pair_02044,False,"Error: Could not find or load main class fr.inria.sacha.remining.coming.analyzer.Main
Caused by: java.lang.ClassNotFoundException: fr.inria.sacha.remining.coming.analyzer.Main
",1,
/app/data/coming_data/pair_02045,False,"Error: Could not find or load main class fr.inria.sacha.remining.coming.analyzer.Main
Caused by: java.lang.ClassNotFoundException: fr.inria.sacha.remining.coming.analyzer.Main
",1,
/app/data/coming_data/pair_02046,False,"Error: Could not find or load main class fr.inria.sacha.remining.coming.analyzer.Main
Caused by: java.lang.ClassNotFoundException: fr.inria.sacha.remining.coming.analyzer.Main
",1,
/app/data/coming_data/pair_02047,False,"Error: Could not find or load main class fr.inria.sacha.remining.coming.analyzer.Main
Caused by: java.lang.ClassNotFoundException: fr.inria.sacha.remining.coming.analyzer.Main
",1,
/app/data/coming_data/pair_02048,False,"Error: Could not find or load main class fr.inria.sacha.remining.coming.analyzer.Main
Caused by: java.lang.ClassNotFoundException: fr.inria.sacha.remining.coming.analyzer.Main
",1,
/app/data/coming_data/pair_02049,False,"Error: Could not find or load main class fr.inria.sacha.remining.coming.analyzer.Main
Caused by: java.lang.ClassNotFoundException: fr.inria.sacha.remining.coming.analyzer.Main
",1,
/app/data/coming_data/pair_02050,False,"Error: Could not find or load main class fr.inria.sacha.remining.coming.analyzer.Main
Caused by: java.lang.ClassNotFoundException: fr.inria.sacha.remining.coming.analyzer.Main
",1,
/app/data/coming_data/pair_02051,False,"Error: Could not find or load main class fr.inria.sacha.remining.coming.analyzer.Main
Caused by: java.lang.ClassNotFoundException: fr.inria.sacha.remining.coming.analyzer.Main
",1,
/app/data/coming_data/pair_02052,False,"Error: Could not find or load main class fr.inria.sacha.remining.coming.analyzer.Main
Caused by: java.lang.ClassNotFoundException: fr.inria.sacha.remining.coming.analyzer.Main
",1,
/app/data/coming_data/pair_02053,False,"Error: Could not find or load main class fr.inria.sacha.remining.coming.analyzer.Main
Caused by: java.lang.ClassNotFoundException: fr.inria.sacha.remining.coming.analyzer.Main
",1,
/app/data/coming_data/pair_02054,False,"Error: Could not find or load main class fr.inria.sacha.remining.coming.analyzer.Main
Caused by: java.lang.ClassNotFoundException: fr.inria.sacha.remining.coming.analyzer.Main
",1,
/app/data/coming_data/pair_02055,False,"Error: Could not find or load main class fr.inria.sacha.remining.coming.analyzer.Main
Caused by: java.lang.ClassNotFoundException: fr.inria.sacha.remining.coming.analyzer.Main
",1,
/app/data/coming_data/pair_02056,False,"Error: Could not find or load main class fr.inria.sacha.remining.coming.analyzer.Main
Caused by: java.lang.ClassNotFoundException: fr.inria.sacha.remining.coming.analyzer.Main
",1,
/app/data/coming_data/pair_02057,False,"Error: Could not find or load main class fr.inria.sacha.remining.coming.analyzer.Main
Caused by: java.lang.ClassNotFoundException: fr.inria.sacha.remining.coming.analyzer.Main
",1,
/app/data/coming_data/pair_02058,False,"Error: Could not find or load main class fr.inria.sacha.remining.coming.analyzer.Main
Caused by: java.lang.ClassNotFoundException: fr.inria.sacha.remining.coming.analyzer.Main
",1,
/app/data/coming_data/pair_02059,False,"Error: Could not find or load main class fr.inria.sacha.remining.coming.analyzer.Main
Caused by: java.lang.ClassNotFoundException: fr.inria.sacha.remining.coming.analyzer.Main
",1,
/app/data/coming_data/pair_02060,False,"Error: Could not find or load main class fr.inria.sacha.remining.coming.analyzer.Main
Caused by: java.lang.ClassNotFoundException: fr.inria.sacha.remining.coming.analyzer.Main
",1,
/app/data/coming_data/pair_02061,False,"Error: Could not find or load main class fr.inria.sacha.remining.coming.analyzer.Main
Caused by: java.lang.ClassNotFoundException: fr.inria.sacha.remining.coming.analyzer.Main
",1,
/app/data/coming_data/pair_02062,False,"Error: Could not find or load main class fr.inria.sacha.remining.coming.analyzer.Main
Caused by: java.lang.ClassNotFoundException: fr.inria.sacha.remining.coming.analyzer.Main
",1,
/app/data/coming_data/pair_02063,False,"Error: Could not find or load main class fr.inria.sacha.remining.coming.analyzer.Main
Caused by: java.lang.ClassNotFoundException: fr.inria.sacha.remining.coming.analyzer.Main
",1,
/app/data/coming_data/pair_02064,False,"Error: Could not find or load main class fr.inria.sacha.remining.coming.analyzer.Main
Caused by: java.lang.ClassNotFoundException: fr.inria.sacha.remining.coming.analyzer.Main
",1,
/app/data/coming_data/pair_02065,False,"Error: Could not find or load main class fr.inria.sacha.remining.coming.analyzer.Main
Caused by: java.lang.ClassNotFoundException: fr.inria.sacha.remining.coming.analyzer.Main
",1,
/app/data/coming_data/pair_02066,False,"Error: Could not find or load main class fr.inria.sacha.remining.coming.analyzer.Main
Caused by: java.lang.ClassNotFoundException: fr.inria.sacha.remining.coming.analyzer.Main
",1,
/app/data/coming_data/pair_02067,False,"Error: Could not find or load main class fr.inria.sacha.remining.coming.analyzer.Main
Caused by: java.lang.ClassNotFoundException: fr.inria.sacha.remining.coming.analyzer.Main
",1,
/app/data/coming_data/pair_02068,False,"Error: Could not find or load main class fr.inria.sacha.remining.coming.analyzer.Main
Caused by: java.lang.ClassNotFoundException: fr.inria.sacha.remining.coming.analyzer.Main
",1,
/app/data/coming_data/pair_02069,False,"Error: Could not find or load main class fr.inria.sacha.remining.coming.analyzer.Main
Caused by: java.lang.ClassNotFoundException: fr.inria.sacha.remining.coming.analyzer.Main
",1,
/app/data/coming_data/pair_02070,False,"Error: Could not find or load main class fr.inria.sacha.remining.coming.analyzer.Main
Caused by: java.lang.ClassNotFoundException: fr.inria.sacha.remining.coming.analyzer.Main
",1,
/app/data/coming_data/pair_02071,False,"Error: Could not find or load main class fr.inria.sacha.remining.coming.analyzer.Main
Caused by: java.lang.ClassNotFoundException: fr.inria.sacha.remining.coming.analyzer.Main
",1,
/app/data/coming_data/pair_02072,False,"Error: Could not find or load main class fr.inria.sacha.remining.coming.analyzer.Main
Caused by: java.lang.ClassNotFoundException: fr.inria.sacha.remining.coming.analyzer.Main
",1,
/app/data/coming_data/pair_02073,False,"Error: Could not find or load main class fr.inria.sacha.remining.coming.analyzer.Main
Caused by: java.lang.ClassNotFoundException: fr.inria.sacha.remining.coming.analyzer.Main
",1,
/app/data/coming_data/pair_02074,False,"Error: Could not find or load main class fr.inria.sacha.remining.coming.analyzer.Main
Caused by: java.lang.ClassNotFoundException: fr.inria.sacha.remining.coming.analyzer.Main
",1,
/app/data/coming_data/pair_02075,False,"Error: Could not find or load main class fr.inria.sacha.remining.coming.analyzer.Main
Caused by: java.lang.ClassNotFoundException: fr.inria.sacha.remining.coming.analyzer.Main
",1,
/app/data/coming_data/pair_02076,False,"Error: Could not find or load main class fr.inria.sacha.remining.coming.analyzer.Main
Caused by: java.lang.ClassNotFoundException: fr.inria.sacha.remining.coming.analyzer.Main
",1,
/app/data/coming_data/pair_02077,False,"Error: Could not find or load main class fr.inria.sacha.remining.coming.analyzer.Main
Caused by: java.lang.ClassNotFoundException: fr.inria.sacha.remining.coming.analyzer.Main
",1,
/app/data/coming_data/pair_02078,False,"Error: Could not find or load main class fr.inria.sacha.remining.coming.analyzer.Main
Caused by: java.lang.ClassNotFoundException: fr.inria.sacha.remining.coming.analyzer.Main
",1,
/app/data/coming_data/pair_02079,False,"Error: Could not find or load main class fr.inria.sacha.remining.coming.analyzer.Main
Caused by: java.lang.ClassNotFoundException: fr.inria.sacha.remining.coming.analyzer.Main
",1,
/app/data/coming_data/pair_02080,False,"Error: Could not find or load main class fr.inria.sacha.remining.coming.analyzer.Main
Caused by: java.lang.ClassNotFoundException: fr.inria.sacha.remining.coming.analyzer.Main
",1,
/app/data/coming_data/pair_02081,False,"Error: Could not find or load main class fr.inria.sacha.remining.coming.analyzer.Main
Caused by: java.lang.ClassNotFoundException: fr.inria.sacha.remining.coming.analyzer.Main
",1,
/app/data/coming_data/pair_02082,False,"Error: Could not find or load main class fr.inria.sacha.remining.coming.analyzer.Main
Caused by: java.lang.ClassNotFoundException: fr.inria.sacha.remining.coming.analyzer.Main
",1,
/app/data/coming_data/pair_02083,False,"Error: Could not find or load main class fr.inria.sacha.remining.coming.analyzer.Main
Caused by: java.lang.ClassNotFoundException: fr.inria.sacha.remining.coming.analyzer.Main
",1,
/app/data/coming_data/pair_02084,False,"Error: Could not find or load main class fr.inria.sacha.remining.coming.analyzer.Main
Caused by: java.lang.ClassNotFoundException: fr.inria.sacha.remining.coming.analyzer.Main
",1,
/app/data/coming_data/pair_02085,False,"Error: Could not find or load main class fr.inria.sacha.remining.coming.analyzer.Main
Caused by: java.lang.ClassNotFoundException: fr.inria.sacha.remining.coming.analyzer.Main
",1,
/app/data/coming_data/pair_02086,False,"Error: Could not find or load main class fr.inria.sacha.remining.coming.analyzer.Main
Caused by: java.lang.ClassNotFoundException: fr.inria.sacha.remining.coming.analyzer.Main
",1,
/app/data/coming_data/pair_02087,False,"Error: Could not find or load main class fr.inria.sacha.remining.coming.analyzer.Main
Caused by: java.lang.ClassNotFoundException: fr.inria.sacha.remining.coming.analyzer.Main
",1,
/app/data/coming_data/pair_02088,False,"Error: Could not find or load main class fr.inria.sacha.remining.coming.analyzer.Main
Caused by: java.lang.ClassNotFoundException: fr.inria.sacha.remining.coming.analyzer.Main
",1,
/app/data/coming_data/pair_02089,False,"Error: Could not find or load main class fr.inria.sacha.remining.coming.analyzer.Main
Caused by: java.lang.ClassNotFoundException: fr.inria.sacha.remining.coming.analyzer.Main
",1,
/app/data/coming_data/pair_02090,False,"Error: Could not find or load main class fr.inria.sacha.remining.coming.analyzer.Main
Caused by: java.lang.ClassNotFoundException: fr.inria.sacha.remining.coming.analyzer.Main
",1,
/app/data/coming_data/pair_02091,False,"Error: Could not find or load main class fr.inria.sacha.remining.coming.analyzer.Main
Caused by: java.lang.ClassNotFoundException: fr.inria.sacha.remining.coming.analyzer.Main
",1,
/app/data/coming_data/pair_02092,False,"Error: Could not find or load main class fr.inria.sacha.remining.coming.analyzer.Main
Caused by: java.lang.ClassNotFoundException: fr.inria.sacha.remining.coming.analyzer.Main
",1,
/app/data/coming_data/pair_02093,False,"Error: Could not find or load main class fr.inria.sacha.remining.coming.analyzer.Main
Caused by: java.lang.ClassNotFoundException: fr.inria.sacha.remining.coming.analyzer.Main
",1,
/app/data/coming_data/pair_02094,False,"Error: Could not find or load main class fr.inria.sacha.remining.coming.analyzer.Main
Caused by: java.lang.ClassNotFoundException: fr.inria.sacha.remining.coming.analyzer.Main
",1,
/app/data/coming_data/pair_02095,False,"Error: Could not find or load main class fr.inria.sacha.remining.coming.analyzer.Main
Caused by: java.lang.ClassNotFoundException: fr.inria.sacha.remining.coming.analyzer.Main
",1,
/app/data/coming_data/pair_02096,False,"Error: Could not find or load main class fr.inria.sacha.remining.coming.analyzer.Main
Caused by: java.lang.ClassNotFoundException: fr.inria.sacha.remining.coming.analyzer.Main
",1,
/app/data/coming_data/pair_02097,False,"Error: Could not find or load main class fr.inria.sacha.remining.coming.analyzer.Main
Caused by: java.lang.ClassNotFoundException: fr.inria.sacha.remining.coming.analyzer.Main
",1,
/app/data/coming_data/pair_02098,False,"Error: Could not find or load main class fr.inria.sacha.remining.coming.analyzer.Main
Caused by: java.lang.ClassNotFoundException: fr.inria.sacha.remining.coming.analyzer.Main
",1,
/app/data/coming_data/pair_02099,False,"Error: Could not find or load main class fr.inria.sacha.remining.coming.analyzer.Main
Caused by: java.lang.ClassNotFoundException: fr.inria.sacha.remining.coming.analyzer.Main
",1,
/app/data/coming_data/pair_02100,False,"Error: Could not find or load main class fr.inria.sacha.remining.coming.analyzer.Main
Caused by: java.lang.ClassNotFoundException: fr.inria.sacha.remining.coming.analyzer.Main
",1,
/app/data/coming_data/pair_02101,False,"Error: Could not find or load main class fr.inria.sacha.remining.coming.analyzer.Main
Caused by: java.lang.ClassNotFoundException: fr.inria.sacha.remining.coming.analyzer.Main
",1,
/app/data/coming_data/pair_02102,False,"Error: Could not find or load main class fr.inria.sacha.remining.coming.analyzer.Main
Caused by: java.lang.ClassNotFoundException: fr.inria.sacha.remining.coming.analyzer.Main
",1,
/app/data/coming_data/pair_02103,False,"Error: Could not find or load main class fr.inria.sacha.remining.coming.analyzer.Main
Caused by: java.lang.ClassNotFoundException: fr.inria.sacha.remining.coming.analyzer.Main
",1,
/app/data/coming_data/pair_02104,False,"Error: Could not find or load main class fr.inria.sacha.remining.coming.analyzer.Main
Caused by: java.lang.ClassNotFoundException: fr.inria.sacha.remining.coming.analyzer.Main
",1,
/app/data/coming_data/pair_02105,False,"Error: Could not find or load main class fr.inria.sacha.remining.coming.analyzer.Main
Caused by: java.lang.ClassNotFoundException: fr.inria.sacha.remining.coming.analyzer.Main
",1,
/app/data/coming_data/pair_02106,False,"Error: Could not find or load main class fr.inria.sacha.remining.coming.analyzer.Main
Caused by: java.lang.ClassNotFoundException: fr.inria.sacha.remining.coming.analyzer.Main
",1,
/app/data/coming_data/pair_02107,False,"Error: Could not find or load main class fr.inria.sacha.remining.coming.analyzer.Main
Caused by: java.lang.ClassNotFoundException: fr.inria.sacha.remining.coming.analyzer.Main
",1,
/app/data/coming_data/pair_02108,False,"Error: Could not find or load main class fr.inria.sacha.remining.coming.analyzer.Main
Caused by: java.lang.ClassNotFoundException: fr.inria.sacha.remining.coming.analyzer.Main
",1,
/app/data/coming_data/pair_02109,False,"Error: Could not find or load main class fr.inria.sacha.remining.coming.analyzer.Main
Caused by: java.lang.ClassNotFoundException: fr.inria.sacha.remining.coming.analyzer.Main
",1,
/app/data/coming_data/pair_02110,False,"Error: Could not find or load main class fr.inria.sacha.remining.coming.analyzer.Main
Caused by: java.lang.ClassNotFoundException: fr.inria.sacha.remining.coming.analyzer.Main
",1,
/app/data/coming_data/pair_02111,False,"Error: Could not find or load main class fr.inria.sacha.remining.coming.analyzer.Main
Caused by: java.lang.ClassNotFoundException: fr.inria.sacha.remining.coming.analyzer.Main
",1,
/app/data/coming_data/pair_02112,False,"Error: Could not find or load main class fr.inria.sacha.remining.coming.analyzer.Main
Caused by: java.lang.ClassNotFoundException: fr.inria.sacha.remining.coming.analyzer.Main
",1,
/app/data/coming_data/pair_02113,False,"Error: Could not find or load main class fr.inria.sacha.remining.coming.analyzer.Main
Caused by: java.lang.ClassNotFoundException: fr.inria.sacha.remining.coming.analyzer.Main
",1,
/app/data/coming_data/pair_02114,False,"Error: Could not find or load main class fr.inria.sacha.remining.coming.analyzer.Main
Caused by: java.lang.ClassNotFoundException: fr.inria.sacha.remining.coming.analyzer.Main
",1,
/app/data/coming_data/pair_02115,False,"Error: Could not find or load main class fr.inria.sacha.remining.coming.analyzer.Main
Caused by: java.lang.ClassNotFoundException: fr.inria.sacha.remining.coming.analyzer.Main
",1,
/app/data/coming_data/pair_02116,False,"Error: Could not find or load main class fr.inria.sacha.remining.coming.analyzer.Main
Caused by: java.lang.ClassNotFoundException: fr.inria.sacha.remining.coming.analyzer.Main
",1,
/app/data/coming_data/pair_02117,False,"Error: Could not find or load main class fr.inria.sacha.remining.coming.analyzer.Main
Caused by: java.lang.ClassNotFoundException: fr.inria.sacha.remining.coming.analyzer.Main
",1,
/app/data/coming_data/pair_02118,False,"Error: Could not find or load main class fr.inria.sacha.remining.coming.analyzer.Main
Caused by: java.lang.ClassNotFoundException: fr.inria.sacha.remining.coming.analyzer.Main
",1,
/app/data/coming_data/pair_02119,False,"Error: Could not find or load main class fr.inria.sacha.remining.coming.analyzer.Main
Caused by: java.lang.ClassNotFoundException: fr.inria.sacha.remining.coming.analyzer.Main
",1,
/app/data/coming_data/pair_02120,False,"Error: Could not find or load main class fr.inria.sacha.remining.coming.analyzer.Main
Caused by: java.lang.ClassNotFoundException: fr.inria.sacha.remining.coming.analyzer.Main
",1,
/app/data/coming_data/pair_02121,False,"Error: Could not find or load main class fr.inria.sacha.remining.coming.analyzer.Main
Caused by: java.lang.ClassNotFoundException: fr.inria.sacha.remining.coming.analyzer.Main
",1,
/app/data/coming_data/pair_02122,False,"Error: Could not find or load main class fr.inria.sacha.remining.coming.analyzer.Main
Caused by: java.lang.ClassNotFoundException: fr.inria.sacha.remining.coming.analyzer.Main
",1,
/app/data/coming_data/pair_02123,False,"Error: Could not find or load main class fr.inria.sacha.remining.coming.analyzer.Main
Caused by: java.lang.ClassNotFoundException: fr.inria.sacha.remining.coming.analyzer.Main
",1,
/app/data/coming_data/pair_02124,False,"Error: Could not find or load main class fr.inria.sacha.remining.coming.analyzer.Main
Caused by: java.lang.ClassNotFoundException: fr.inria.sacha.remining.coming.analyzer.Main
",1,
/app/data/coming_data/pair_02125,False,"Error: Could not find or load main class fr.inria.sacha.remining.coming.analyzer.Main
Caused by: java.lang.ClassNotFoundException: fr.inria.sacha.remining.coming.analyzer.Main
",1,
/app/data/coming_data/pair_02126,False,"Error: Could not find or load main class fr.inria.sacha.remining.coming.analyzer.Main
Caused by: java.lang.ClassNotFoundException: fr.inria.sacha.remining.coming.analyzer.Main
",1,
/app/data/coming_data/pair_02127,False,"Error: Could not find or load main class fr.inria.sacha.remining.coming.analyzer.Main
Caused by: java.lang.ClassNotFoundException: fr.inria.sacha.remining.coming.analyzer.Main
",1,
/app/data/coming_data/pair_02128,False,"Error: Could not find or load main class fr.inria.sacha.remining.coming.analyzer.Main
Caused by: java.lang.ClassNotFoundException: fr.inria.sacha.remining.coming.analyzer.Main
",1,
/app/data/coming_data/pair_02129,False,"Error: Could not find or load main class fr.inria.sacha.remining.coming.analyzer.Main
Caused by: java.lang.ClassNotFoundException: fr.inria.sacha.remining.coming.analyzer.Main
",1,
/app/data/coming_data/pair_02130,False,"Error: Could not find or load main class fr.inria.sacha.remining.coming.analyzer.Main
Caused by: java.lang.ClassNotFoundException: fr.inria.sacha.remining.coming.analyzer.Main
",1,
/app/data/coming_data/pair_02131,False,"Error: Could not find or load main class fr.inria.sacha.remining.coming.analyzer.Main
Caused by: java.lang.ClassNotFoundException: fr.inria.sacha.remining.coming.analyzer.Main
",1,
/app/data/coming_data/pair_02132,False,"Error: Could not find or load main class fr.inria.sacha.remining.coming.analyzer.Main
Caused by: java.lang.ClassNotFoundException: fr.inria.sacha.remining.coming.analyzer.Main
",1,
/app/data/coming_data/pair_02133,False,"Error: Could not find or load main class fr.inria.sacha.remining.coming.analyzer.Main
Caused by: java.lang.ClassNotFoundException: fr.inria.sacha.remining.coming.analyzer.Main
",1,
/app/data/coming_data/pair_02134,False,"Error: Could not find or load main class fr.inria.sacha.remining.coming.analyzer.Main
Caused by: java.lang.ClassNotFoundException: fr.inria.sacha.remining.coming.analyzer.Main
",1,
/app/data/coming_data/pair_02135,False,"Error: Could not find or load main class fr.inria.sacha.remining.coming.analyzer.Main
Caused by: java.lang.ClassNotFoundException: fr.inria.sacha.remining.coming.analyzer.Main
",1,
/app/data/coming_data/pair_02136,False,"Error: Could not find or load main class fr.inria.sacha.remining.coming.analyzer.Main
Caused by: java.lang.ClassNotFoundException: fr.inria.sacha.remining.coming.analyzer.Main
",1,
/app/data/coming_data/pair_02137,False,"Error: Could not find or load main class fr.inria.sacha.remining.coming.analyzer.Main
Caused by: java.lang.ClassNotFoundException: fr.inria.sacha.remining.coming.analyzer.Main
",1,
/app/data/coming_data/pair_02138,False,"Error: Could not find or load main class fr.inria.sacha.remining.coming.analyzer.Main
Caused by: java.lang.ClassNotFoundException: fr.inria.sacha.remining.coming.analyzer.Main
",1,
/app/data/coming_data/pair_02139,False,"Error: Could not find or load main class fr.inria.sacha.remining.coming.analyzer.Main
Caused by: java.lang.ClassNotFoundException: fr.inria.sacha.remining.coming.analyzer.Main
",1,
/app/data/coming_data/pair_02140,False,"Error: Could not find or load main class fr.inria.sacha.remining.coming.analyzer.Main
Caused by: java.lang.ClassNotFoundException: fr.inria.sacha.remining.coming.analyzer.Main
",1,
/app/data/coming_data/pair_02141,False,"Error: Could not find or load main class fr.inria.sacha.remining.coming.analyzer.Main
Caused by: java.lang.ClassNotFoundException: fr.inria.sacha.remining.coming.analyzer.Main
",1,
/app/data/coming_data/pair_02142,False,"Error: Could not find or load main class fr.inria.sacha.remining.coming.analyzer.Main
Caused by: java.lang.ClassNotFoundException: fr.inria.sacha.remining.coming.analyzer.Main
",1,
/app/data/coming_data/pair_02143,False,"Error: Could not find or load main class fr.inria.sacha.remining.coming.analyzer.Main
Caused by: java.lang.ClassNotFoundException: fr.inria.sacha.remining.coming.analyzer.Main
",1,
/app/data/coming_data/pair_02144,False,"Error: Could not find or load main class fr.inria.sacha.remining.coming.analyzer.Main
Caused by: java.lang.ClassNotFoundException: fr.inria.sacha.remining.coming.analyzer.Main
",1,
/app/data/coming_data/pair_02145,False,"Error: Could not find or load main class fr.inria.sacha.remining.coming.analyzer.Main
Caused by: java.lang.ClassNotFoundException: fr.inria.sacha.remining.coming.analyzer.Main
",1,
/app/data/coming_data/pair_02146,False,"Error: Could not find or load main class fr.inria.sacha.remining.coming.analyzer.Main
Caused by: java.lang.ClassNotFoundException: fr.inria.sacha.remining.coming.analyzer.Main
",1,
/app/data/coming_data/pair_02147,False,"Error: Could not find or load main class fr.inria.sacha.remining.coming.analyzer.Main
Caused by: java.lang.ClassNotFoundException: fr.inria.sacha.remining.coming.analyzer.Main
",1,
/app/data/coming_data/pair_02148,False,"Error: Could not find or load main class fr.inria.sacha.remining.coming.analyzer.Main
Caused by: java.lang.ClassNotFoundException: fr.inria.sacha.remining.coming.analyzer.Main
",1,
/app/data/coming_data/pair_02149,False,"Error: Could not find or load main class fr.inria.sacha.remining.coming.analyzer.Main
Caused by: java.lang.ClassNotFoundException: fr.inria.sacha.remining.coming.analyzer.Main
",1,
/app/data/coming_data/pair_02150,False,"Error: Could not find or load main class fr.inria.sacha.remining.coming.analyzer.Main
Caused by: java.lang.ClassNotFoundException: fr.inria.sacha.remining.coming.analyzer.Main
",1,
/app/data/coming_data/pair_02151,False,"Error: Could not find or load main class fr.inria.sacha.remining.coming.analyzer.Main
Caused by: java.lang.ClassNotFoundException: fr.inria.sacha.remining.coming.analyzer.Main
",1,
/app/data/coming_data/pair_02152,False,"Error: Could not find or load main class fr.inria.sacha.remining.coming.analyzer.Main
Caused by: java.lang.ClassNotFoundException: fr.inria.sacha.remining.coming.analyzer.Main
",1,
/app/data/coming_data/pair_02153,False,"Error: Could not find or load main class fr.inria.sacha.remining.coming.analyzer.Main
Caused by: java.lang.ClassNotFoundException: fr.inria.sacha.remining.coming.analyzer.Main
",1,
/app/data/coming_data/pair_02154,False,"Error: Could not find or load main class fr.inria.sacha.remining.coming.analyzer.Main
Caused by: java.lang.ClassNotFoundException: fr.inria.sacha.remining.coming.analyzer.Main
",1,
/app/data/coming_data/pair_02155,False,"Error: Could not find or load main class fr.inria.sacha.remining.coming.analyzer.Main
Caused by: java.lang.ClassNotFoundException: fr.inria.sacha.remining.coming.analyzer.Main
",1,
/app/data/coming_data/pair_02156,False,"Error: Could not find or load main class fr.inria.sacha.remining.coming.analyzer.Main
Caused by: java.lang.ClassNotFoundException: fr.inria.sacha.remining.coming.analyzer.Main
",1,
/app/data/coming_data/pair_02157,False,"Error: Could not find or load main class fr.inria.sacha.remining.coming.analyzer.Main
Caused by: java.lang.ClassNotFoundException: fr.inria.sacha.remining.coming.analyzer.Main
",1,
/app/data/coming_data/pair_02158,False,"Error: Could not find or load main class fr.inria.sacha.remining.coming.analyzer.Main
Caused by: java.lang.ClassNotFoundException: fr.inria.sacha.remining.coming.analyzer.Main
",1,
/app/data/coming_data/pair_02159,False,"Error: Could not find or load main class fr.inria.sacha.remining.coming.analyzer.Main
Caused by: java.lang.ClassNotFoundException: fr.inria.sacha.remining.coming.analyzer.Main
",1,
/app/data/coming_data/pair_02160,False,"Error: Could not find or load main class fr.inria.sacha.remining.coming.analyzer.Main
Caused by: java.lang.ClassNotFoundException: fr.inria.sacha.remining.coming.analyzer.Main
",1,
/app/data/coming_data/pair_02161,False,"Error: Could not find or load main class fr.inria.sacha.remining.coming.analyzer.Main
Caused by: java.lang.ClassNotFoundException: fr.inria.sacha.remining.coming.analyzer.Main
",1,
/app/data/coming_data/pair_02162,False,"Error: Could not find or load main class fr.inria.sacha.remining.coming.analyzer.Main
Caused by: java.lang.ClassNotFoundException: fr.inria.sacha.remining.coming.analyzer.Main
",1,
/app/data/coming_data/pair_02163,False,"Error: Could not find or load main class fr.inria.sacha.remining.coming.analyzer.Main
Caused by: java.lang.ClassNotFoundException: fr.inria.sacha.remining.coming.analyzer.Main
",1,
/app/data/coming_data/pair_02164,False,"Error: Could not find or load main class fr.inria.sacha.remining.coming.analyzer.Main
Caused by: java.lang.ClassNotFoundException: fr.inria.sacha.remining.coming.analyzer.Main
",1,
/app/data/coming_data/pair_02165,False,"Error: Could not find or load main class fr.inria.sacha.remining.coming.analyzer.Main
Caused by: java.lang.ClassNotFoundException: fr.inria.sacha.remining.coming.analyzer.Main
",1,
/app/data/coming_data/pair_02166,False,"Error: Could not find or load main class fr.inria.sacha.remining.coming.analyzer.Main
Caused by: java.lang.ClassNotFoundException: fr.inria.sacha.remining.coming.analyzer.Main
",1,
/app/data/coming_data/pair_02167,False,"Error: Could not find or load main class fr.inria.sacha.remining.coming.analyzer.Main
Caused by: java.lang.ClassNotFoundException: fr.inria.sacha.remining.coming.analyzer.Main
",1,
/app/data/coming_data/pair_02168,False,"Error: Could not find or load main class fr.inria.sacha.remining.coming.analyzer.Main
Caused by: java.lang.ClassNotFoundException: fr.inria.sacha.remining.coming.analyzer.Main
",1,
/app/data/coming_data/pair_02169,False,"Error: Could not find or load main class fr.inria.sacha.remining.coming.analyzer.Main
Caused by: java.lang.ClassNotFoundException: fr.inria.sacha.remining.coming.analyzer.Main
",1,
/app/data/coming_data/pair_02170,False,"Error: Could not find or load main class fr.inria.sacha.remining.coming.analyzer.Main
Caused by: java.lang.ClassNotFoundException: fr.inria.sacha.remining.coming.analyzer.Main
",1,
/app/data/coming_data/pair_02171,False,"Error: Could not find or load main class fr.inria.sacha.remining.coming.analyzer.Main
Caused by: java.lang.ClassNotFoundException: fr.inria.sacha.remining.coming.analyzer.Main
",1,
/app/data/coming_data/pair_02172,False,"Error: Could not find or load main class fr.inria.sacha.remining.coming.analyzer.Main
Caused by: java.lang.ClassNotFoundException: fr.inria.sacha.remining.coming.analyzer.Main
",1,
/app/data/coming_data/pair_02173,False,"Error: Could not find or load main class fr.inria.sacha.remining.coming.analyzer.Main
Caused by: java.lang.ClassNotFoundException: fr.inria.sacha.remining.coming.analyzer.Main
",1,
/app/data/coming_data/pair_02174,False,"Error: Could not find or load main class fr.inria.sacha.remining.coming.analyzer.Main
Caused by: java.lang.ClassNotFoundException: fr.inria.sacha.remining.coming.analyzer.Main
",1,
/app/data/coming_data/pair_02175,False,"Error: Could not find or load main class fr.inria.sacha.remining.coming.analyzer.Main
Caused by: java.lang.ClassNotFoundException: fr.inria.sacha.remining.coming.analyzer.Main
",1,
/app/data/coming_data/pair_02176,False,"Error: Could not find or load main class fr.inria.sacha.remining.coming.analyzer.Main
Caused by: java.lang.ClassNotFoundException: fr.inria.sacha.remining.coming.analyzer.Main
",1,
/app/data/coming_data/pair_02177,False,"Error: Could not find or load main class fr.inria.sacha.remining.coming.analyzer.Main
Caused by: java.lang.ClassNotFoundException: fr.inria.sacha.remining.coming.analyzer.Main
",1,
/app/data/coming_data/pair_02178,False,"Error: Could not find or load main class fr.inria.sacha.remining.coming.analyzer.Main
Caused by: java.lang.ClassNotFoundException: fr.inria.sacha.remining.coming.analyzer.Main
",1,
/app/data/coming_data/pair_02179,False,"Error: Could not find or load main class fr.inria.sacha.remining.coming.analyzer.Main
Caused by: java.lang.ClassNotFoundException: fr.inria.sacha.remining.coming.analyzer.Main
",1,
/app/data/coming_data/pair_02180,False,"Error: Could not find or load main class fr.inria.sacha.remining.coming.analyzer.Main
Caused by: java.lang.ClassNotFoundException: fr.inria.sacha.remining.coming.analyzer.Main
",1,
/app/data/coming_data/pair_02181,False,"Error: Could not find or load main class fr.inria.sacha.remining.coming.analyzer.Main
Caused by: java.lang.ClassNotFoundException: fr.inria.sacha.remining.coming.analyzer.Main
",1,
/app/data/coming_data/pair_02182,False,"Error: Could not find or load main class fr.inria.sacha.remining.coming.analyzer.Main
Caused by: java.lang.ClassNotFoundException: fr.inria.sacha.remining.coming.analyzer.Main
",1,
/app/data/coming_data/pair_02183,False,"Error: Could not find or load main class fr.inria.sacha.remining.coming.analyzer.Main
Caused by: java.lang.ClassNotFoundException: fr.inria.sacha.remining.coming.analyzer.Main
",1,
/app/data/coming_data/pair_02184,False,"Error: Could not find or load main class fr.inria.sacha.remining.coming.analyzer.Main
Caused by: java.lang.ClassNotFoundException: fr.inria.sacha.remining.coming.analyzer.Main
",1,
/app/data/coming_data/pair_02185,False,"Error: Could not find or load main class fr.inria.sacha.remining.coming.analyzer.Main
Caused by: java.lang.ClassNotFoundException: fr.inria.sacha.remining.coming.analyzer.Main
",1,
/app/data/coming_data/pair_02186,False,"Error: Could not find or load main class fr.inria.sacha.remining.coming.analyzer.Main
Caused by: java.lang.ClassNotFoundException: fr.inria.sacha.remining.coming.analyzer.Main
",1,
/app/data/coming_data/pair_02187,False,"Error: Could not find or load main class fr.inria.sacha.remining.coming.analyzer.Main
Caused by: java.lang.ClassNotFoundException: fr.inria.sacha.remining.coming.analyzer.Main
",1,
/app/data/coming_data/pair_02188,False,"Error: Could not find or load main class fr.inria.sacha.remining.coming.analyzer.Main
Caused by: java.lang.ClassNotFoundException: fr.inria.sacha.remining.coming.analyzer.Main
",1,
/app/data/coming_data/pair_02189,False,"Error: Could not find or load main class fr.inria.sacha.remining.coming.analyzer.Main
Caused by: java.lang.ClassNotFoundException: fr.inria.sacha.remining.coming.analyzer.Main
",1,
/app/data/coming_data/pair_02190,False,"Error: Could not find or load main class fr.inria.sacha.remining.coming.analyzer.Main
Caused by: java.lang.ClassNotFoundException: fr.inria.sacha.remining.coming.analyzer.Main
",1,
/app/data/coming_data/pair_02191,False,"Error: Could not find or load main class fr.inria.sacha.remining.coming.analyzer.Main
Caused by: java.lang.ClassNotFoundException: fr.inria.sacha.remining.coming.analyzer.Main
",1,
/app/data/coming_data/pair_02192,False,"Error: Could not find or load main class fr.inria.sacha.remining.coming.analyzer.Main
Caused by: java.lang.ClassNotFoundException: fr.inria.sacha.remining.coming.analyzer.Main
",1,
/app/data/coming_data/pair_02193,False,"Error: Could not find or load main class fr.inria.sacha.remining.coming.analyzer.Main
Caused by: java.lang.ClassNotFoundException: fr.inria.sacha.remining.coming.analyzer.Main
",1,
/app/data/coming_data/pair_02194,False,"Error: Could not find or load main class fr.inria.sacha.remining.coming.analyzer.Main
Caused by: java.lang.ClassNotFoundException: fr.inria.sacha.remining.coming.analyzer.Main
",1,
/app/data/coming_data/pair_02195,False,"Error: Could not find or load main class fr.inria.sacha.remining.coming.analyzer.Main
Caused by: java.lang.ClassNotFoundException: fr.inria.sacha.remining.coming.analyzer.Main
",1,
/app/data/coming_data/pair_02196,False,"Error: Could not find or load main class fr.inria.sacha.remining.coming.analyzer.Main
Caused by: java.lang.ClassNotFoundException: fr.inria.sacha.remining.coming.analyzer.Main
",1,
/app/data/coming_data/pair_02197,False,"Error: Could not find or load main class fr.inria.sacha.remining.coming.analyzer.Main
Caused by: java.lang.ClassNotFoundException: fr.inria.sacha.remining.coming.analyzer.Main
",1,
/app/data/coming_data/pair_02198,False,"Error: Could not find or load main class fr.inria.sacha.remining.coming.analyzer.Main
Caused by: java.lang.ClassNotFoundException: fr.inria.sacha.remining.coming.analyzer.Main
",1,
/app/data/coming_data/pair_02199,False,"Error: Could not find or load main class fr.inria.sacha.remining.coming.analyzer.Main
Caused by: java.lang.ClassNotFoundException: fr.inria.sacha.remining.coming.analyzer.Main
",1,
/app/data/coming_data/pair_02200,False,"Error: Could not find or load main class fr.inria.sacha.remining.coming.analyzer.Main
Caused by: java.lang.ClassNotFoundException: fr.inria.sacha.remining.coming.analyzer.Main
",1,
/app/data/coming_data/pair_02201,False,"Error: Could not find or load main class fr.inria.sacha.remining.coming.analyzer.Main
Caused by: java.lang.ClassNotFoundException: fr.inria.sacha.remining.coming.analyzer.Main
",1,
/app/data/coming_data/pair_02202,False,"Error: Could not find or load main class fr.inria.sacha.remining.coming.analyzer.Main
Caused by: java.lang.ClassNotFoundException: fr.inria.sacha.remining.coming.analyzer.Main
",1,
/app/data/coming_data/pair_02203,False,"Error: Could not find or load main class fr.inria.sacha.remining.coming.analyzer.Main
Caused by: java.lang.ClassNotFoundException: fr.inria.sacha.remining.coming.analyzer.Main
",1,
/app/data/coming_data/pair_02204,False,"Error: Could not find or load main class fr.inria.sacha.remining.coming.analyzer.Main
Caused by: java.lang.ClassNotFoundException: fr.inria.sacha.remining.coming.analyzer.Main
",1,
/app/data/coming_data/pair_02205,False,"Error: Could not find or load main class fr.inria.sacha.remining.coming.analyzer.Main
Caused by: java.lang.ClassNotFoundException: fr.inria.sacha.remining.coming.analyzer.Main
",1,
/app/data/coming_data/pair_02206,False,"Error: Could not find or load main class fr.inria.sacha.remining.coming.analyzer.Main
Caused by: java.lang.ClassNotFoundException: fr.inria.sacha.remining.coming.analyzer.Main
",1,
/app/data/coming_data/pair_02207,False,"Error: Could not find or load main class fr.inria.sacha.remining.coming.analyzer.Main
Caused by: java.lang.ClassNotFoundException: fr.inria.sacha.remining.coming.analyzer.Main
",1,
/app/data/coming_data/pair_02208,False,"Error: Could not find or load main class fr.inria.sacha.remining.coming.analyzer.Main
Caused by: java.lang.ClassNotFoundException: fr.inria.sacha.remining.coming.analyzer.Main
",1,
/app/data/coming_data/pair_02209,False,"Error: Could not find or load main class fr.inria.sacha.remining.coming.analyzer.Main
Caused by: java.lang.ClassNotFoundException: fr.inria.sacha.remining.coming.analyzer.Main
",1,
/app/data/coming_data/pair_02210,False,"Error: Could not find or load main class fr.inria.sacha.remining.coming.analyzer.Main
Caused by: java.lang.ClassNotFoundException: fr.inria.sacha.remining.coming.analyzer.Main
",1,
/app/data/coming_data/pair_02211,False,"Error: Could not find or load main class fr.inria.sacha.remining.coming.analyzer.Main
Caused by: java.lang.ClassNotFoundException: fr.inria.sacha.remining.coming.analyzer.Main
",1,
/app/data/coming_data/pair_02212,False,"Error: Could not find or load main class fr.inria.sacha.remining.coming.analyzer.Main
Caused by: java.lang.ClassNotFoundException: fr.inria.sacha.remining.coming.analyzer.Main
",1,
/app/data/coming_data/pair_02213,False,"Error: Could not find or load main class fr.inria.sacha.remining.coming.analyzer.Main
Caused by: java.lang.ClassNotFoundException: fr.inria.sacha.remining.coming.analyzer.Main
",1,
/app/data/coming_data/pair_02214,False,"Error: Could not find or load main class fr.inria.sacha.remining.coming.analyzer.Main
Caused by: java.lang.ClassNotFoundException: fr.inria.sacha.remining.coming.analyzer.Main
",1,
/app/data/coming_data/pair_02215,False,"Error: Could not find or load main class fr.inria.sacha.remining.coming.analyzer.Main
Caused by: java.lang.ClassNotFoundException: fr.inria.sacha.remining.coming.analyzer.Main
",1,
/app/data/coming_data/pair_02216,False,"Error: Could not find or load main class fr.inria.sacha.remining.coming.analyzer.Main
Caused by: java.lang.ClassNotFoundException: fr.inria.sacha.remining.coming.analyzer.Main
",1,
/app/data/coming_data/pair_02217,False,"Error: Could not find or load main class fr.inria.sacha.remining.coming.analyzer.Main
Caused by: java.lang.ClassNotFoundException: fr.inria.sacha.remining.coming.analyzer.Main
",1,
/app/data/coming_data/pair_02218,False,"Error: Could not find or load main class fr.inria.sacha.remining.coming.analyzer.Main
Caused by: java.lang.ClassNotFoundException: fr.inria.sacha.remining.coming.analyzer.Main
",1,
/app/data/coming_data/pair_02219,False,"Error: Could not find or load main class fr.inria.sacha.remining.coming.analyzer.Main
Caused by: java.lang.ClassNotFoundException: fr.inria.sacha.remining.coming.analyzer.Main
",1,
/app/data/coming_data/pair_02220,False,"Error: Could not find or load main class fr.inria.sacha.remining.coming.analyzer.Main
Caused by: java.lang.ClassNotFoundException: fr.inria.sacha.remining.coming.analyzer.Main
",1,
/app/data/coming_data/pair_02221,False,"Error: Could not find or load main class fr.inria.sacha.remining.coming.analyzer.Main
Caused by: java.lang.ClassNotFoundException: fr.inria.sacha.remining.coming.analyzer.Main
",1,
/app/data/coming_data/pair_02222,False,"Error: Could not find or load main class fr.inria.sacha.remining.coming.analyzer.Main
Caused by: java.lang.ClassNotFoundException: fr.inria.sacha.remining.coming.analyzer.Main
",1,
/app/data/coming_data/pair_02223,False,"Error: Could not find or load main class fr.inria.sacha.remining.coming.analyzer.Main
Caused by: java.lang.ClassNotFoundException: fr.inria.sacha.remining.coming.analyzer.Main
",1,
/app/data/coming_data/pair_02224,False,"Error: Could not find or load main class fr.inria.sacha.remining.coming.analyzer.Main
Caused by: java.lang.ClassNotFoundException: fr.inria.sacha.remining.coming.analyzer.Main
",1,
/app/data/coming_data/pair_02225,False,"Error: Could not find or load main class fr.inria.sacha.remining.coming.analyzer.Main
Caused by: java.lang.ClassNotFoundException: fr.inria.sacha.remining.coming.analyzer.Main
",1,
/app/data/coming_data/pair_02226,False,"Error: Could not find or load main class fr.inria.sacha.remining.coming.analyzer.Main
Caused by: java.lang.ClassNotFoundException: fr.inria.sacha.remining.coming.analyzer.Main
",1,
/app/data/coming_data/pair_02227,False,"Error: Could not find or load main class fr.inria.sacha.remining.coming.analyzer.Main
Caused by: java.lang.ClassNotFoundException: fr.inria.sacha.remining.coming.analyzer.Main
",1,
/app/data/coming_data/pair_02228,False,"Error: Could not find or load main class fr.inria.sacha.remining.coming.analyzer.Main
Caused by: java.lang.ClassNotFoundException: fr.inria.sacha.remining.coming.analyzer.Main
",1,
/app/data/coming_data/pair_02229,False,"Error: Could not find or load main class fr.inria.sacha.remining.coming.analyzer.Main
Caused by: java.lang.ClassNotFoundException: fr.inria.sacha.remining.coming.analyzer.Main
",1,
/app/data/coming_data/pair_02230,False,"Error: Could not find or load main class fr.inria.sacha.remining.coming.analyzer.Main
Caused by: java.lang.ClassNotFoundException: fr.inria.sacha.remining.coming.analyzer.Main
",1,
/app/data/coming_data/pair_02231,False,"Error: Could not find or load main class fr.inria.sacha.remining.coming.analyzer.Main
Caused by: java.lang.ClassNotFoundException: fr.inria.sacha.remining.coming.analyzer.Main
",1,
/app/data/coming_data/pair_02232,False,"Error: Could not find or load main class fr.inria.sacha.remining.coming.analyzer.Main
Caused by: java.lang.ClassNotFoundException: fr.inria.sacha.remining.coming.analyzer.Main
",1,
/app/data/coming_data/pair_02233,False,"Error: Could not find or load main class fr.inria.sacha.remining.coming.analyzer.Main
Caused by: java.lang.ClassNotFoundException: fr.inria.sacha.remining.coming.analyzer.Main
",1,
/app/data/coming_data/pair_02234,False,"Error: Could not find or load main class fr.inria.sacha.remining.coming.analyzer.Main
Caused by: java.lang.ClassNotFoundException: fr.inria.sacha.remining.coming.analyzer.Main
",1,
/app/data/coming_data/pair_02235,False,"Error: Could not find or load main class fr.inria.sacha.remining.coming.analyzer.Main
Caused by: java.lang.ClassNotFoundException: fr.inria.sacha.remining.coming.analyzer.Main
",1,
/app/data/coming_data/pair_02236,False,"Error: Could not find or load main class fr.inria.sacha.remining.coming.analyzer.Main
Caused by: java.lang.ClassNotFoundException: fr.inria.sacha.remining.coming.analyzer.Main
",1,
/app/data/coming_data/pair_02237,False,"Error: Could not find or load main class fr.inria.sacha.remining.coming.analyzer.Main
Caused by: java.lang.ClassNotFoundException: fr.inria.sacha.remining.coming.analyzer.Main
",1,
/app/data/coming_data/pair_02238,False,"Error: Could not find or load main class fr.inria.sacha.remining.coming.analyzer.Main
Caused by: java.lang.ClassNotFoundException: fr.inria.sacha.remining.coming.analyzer.Main
",1,
/app/data/coming_data/pair_02239,False,"Error: Could not find or load main class fr.inria.sacha.remining.coming.analyzer.Main
Caused by: java.lang.ClassNotFoundException: fr.inria.sacha.remining.coming.analyzer.Main
",1,
/app/data/coming_data/pair_02240,False,"Error: Could not find or load main class fr.inria.sacha.remining.coming.analyzer.Main
Caused by: java.lang.ClassNotFoundException: fr.inria.sacha.remining.coming.analyzer.Main
",1,
/app/data/coming_data/pair_02241,False,"Error: Could not find or load main class fr.inria.sacha.remining.coming.analyzer.Main
Caused by: java.lang.ClassNotFoundException: fr.inria.sacha.remining.coming.analyzer.Main
",1,
/app/data/coming_data/pair_02242,False,"Error: Could not find or load main class fr.inria.sacha.remining.coming.analyzer.Main
Caused by: java.lang.ClassNotFoundException: fr.inria.sacha.remining.coming.analyzer.Main
",1,
/app/data/coming_data/pair_02243,False,"Error: Could not find or load main class fr.inria.sacha.remining.coming.analyzer.Main
Caused by: java.lang.ClassNotFoundException: fr.inria.sacha.remining.coming.analyzer.Main
",1,
/app/data/coming_data/pair_02244,False,"Error: Could not find or load main class fr.inria.sacha.remining.coming.analyzer.Main
Caused by: java.lang.ClassNotFoundException: fr.inria.sacha.remining.coming.analyzer.Main
",1,
/app/data/coming_data/pair_02245,False,"Error: Could not find or load main class fr.inria.sacha.remining.coming.analyzer.Main
Caused by: java.lang.ClassNotFoundException: fr.inria.sacha.remining.coming.analyzer.Main
",1,
/app/data/coming_data/pair_02246,False,"Error: Could not find or load main class fr.inria.sacha.remining.coming.analyzer.Main
Caused by: java.lang.ClassNotFoundException: fr.inria.sacha.remining.coming.analyzer.Main
",1,
/app/data/coming_data/pair_02247,False,"Error: Could not find or load main class fr.inria.sacha.remining.coming.analyzer.Main
Caused by: java.lang.ClassNotFoundException: fr.inria.sacha.remining.coming.analyzer.Main
",1,
/app/data/coming_data/pair_02248,False,"Error: Could not find or load main class fr.inria.sacha.remining.coming.analyzer.Main
Caused by: java.lang.ClassNotFoundException: fr.inria.sacha.remining.coming.analyzer.Main
",1,
/app/data/coming_data/pair_02249,False,"Error: Could not find or load main class fr.inria.sacha.remining.coming.analyzer.Main
Caused by: java.lang.ClassNotFoundException: fr.inria.sacha.remining.coming.analyzer.Main
",1,
/app/data/coming_data/pair_02250,False,"Error: Could not find or load main class fr.inria.sacha.remining.coming.analyzer.Main
Caused by: java.lang.ClassNotFoundException: fr.inria.sacha.remining.coming.analyzer.Main
",1,
/app/data/coming_data/pair_02251,False,"Error: Could not find or load main class fr.inria.sacha.remining.coming.analyzer.Main
Caused by: java.lang.ClassNotFoundException: fr.inria.sacha.remining.coming.analyzer.Main
",1,
/app/data/coming_data/pair_02252,False,"Error: Could not find or load main class fr.inria.sacha.remining.coming.analyzer.Main
Caused by: java.lang.ClassNotFoundException: fr.inria.sacha.remining.coming.analyzer.Main
",1,
/app/data/coming_data/pair_02253,False,"Error: Could not find or load main class fr.inria.sacha.remining.coming.analyzer.Main
Caused by: java.lang.ClassNotFoundException: fr.inria.sacha.remining.coming.analyzer.Main
",1,
/app/data/coming_data/pair_02254,False,"Error: Could not find or load main class fr.inria.sacha.remining.coming.analyzer.Main
Caused by: java.lang.ClassNotFoundException: fr.inria.sacha.remining.coming.analyzer.Main
",1,
/app/data/coming_data/pair_02255,False,"Error: Could not find or load main class fr.inria.sacha.remining.coming.analyzer.Main
Caused by: java.lang.ClassNotFoundException: fr.inria.sacha.remining.coming.analyzer.Main
",1,
/app/data/coming_data/pair_02256,False,"Error: Could not find or load main class fr.inria.sacha.remining.coming.analyzer.Main
Caused by: java.lang.ClassNotFoundException: fr.inria.sacha.remining.coming.analyzer.Main
",1,
/app/data/coming_data/pair_02257,False,"Error: Could not find or load main class fr.inria.sacha.remining.coming.analyzer.Main
Caused by: java.lang.ClassNotFoundException: fr.inria.sacha.remining.coming.analyzer.Main
",1,
/app/data/coming_data/pair_02258,False,"Error: Could not find or load main class fr.inria.sacha.remining.coming.analyzer.Main
Caused by: java.lang.ClassNotFoundException: fr.inria.sacha.remining.coming.analyzer.Main
",1,
/app/data/coming_data/pair_02259,False,"Error: Could not find or load main class fr.inria.sacha.remining.coming.analyzer.Main
Caused by: java.lang.ClassNotFoundException: fr.inria.sacha.remining.coming.analyzer.Main
",1,
/app/data/coming_data/pair_02260,False,"Error: Could not find or load main class fr.inria.sacha.remining.coming.analyzer.Main
Caused by: java.lang.ClassNotFoundException: fr.inria.sacha.remining.coming.analyzer.Main
",1,
/app/data/coming_data/pair_02261,False,"Error: Could not find or load main class fr.inria.sacha.remining.coming.analyzer.Main
Caused by: java.lang.ClassNotFoundException: fr.inria.sacha.remining.coming.analyzer.Main
",1,
/app/data/coming_data/pair_02262,False,"Error: Could not find or load main class fr.inria.sacha.remining.coming.analyzer.Main
Caused by: java.lang.ClassNotFoundException: fr.inria.sacha.remining.coming.analyzer.Main
",1,
/app/data/coming_data/pair_02263,False,"Error: Could not find or load main class fr.inria.sacha.remining.coming.analyzer.Main
Caused by: java.lang.ClassNotFoundException: fr.inria.sacha.remining.coming.analyzer.Main
",1,
/app/data/coming_data/pair_02264,False,"Error: Could not find or load main class fr.inria.sacha.remining.coming.analyzer.Main
Caused by: java.lang.ClassNotFoundException: fr.inria.sacha.remining.coming.analyzer.Main
",1,
/app/data/coming_data/pair_02265,False,"Error: Could not find or load main class fr.inria.sacha.remining.coming.analyzer.Main
Caused by: java.lang.ClassNotFoundException: fr.inria.sacha.remining.coming.analyzer.Main
",1,
/app/data/coming_data/pair_02266,False,"Error: Could not find or load main class fr.inria.sacha.remining.coming.analyzer.Main
Caused by: java.lang.ClassNotFoundException: fr.inria.sacha.remining.coming.analyzer.Main
",1,
/app/data/coming_data/pair_02267,False,"Error: Could not find or load main class fr.inria.sacha.remining.coming.analyzer.Main
Caused by: java.lang.ClassNotFoundException: fr.inria.sacha.remining.coming.analyzer.Main
",1,
/app/data/coming_data/pair_02268,False,"Error: Could not find or load main class fr.inria.sacha.remining.coming.analyzer.Main
Caused by: java.lang.ClassNotFoundException: fr.inria.sacha.remining.coming.analyzer.Main
",1,
/app/data/coming_data/pair_02269,False,"Error: Could not find or load main class fr.inria.sacha.remining.coming.analyzer.Main
Caused by: java.lang.ClassNotFoundException: fr.inria.sacha.remining.coming.analyzer.Main
",1,
/app/data/coming_data/pair_02270,False,"Error: Could not find or load main class fr.inria.sacha.remining.coming.analyzer.Main
Caused by: java.lang.ClassNotFoundException: fr.inria.sacha.remining.coming.analyzer.Main
",1,
/app/data/coming_data/pair_02271,False,"Error: Could not find or load main class fr.inria.sacha.remining.coming.analyzer.Main
Caused by: java.lang.ClassNotFoundException: fr.inria.sacha.remining.coming.analyzer.Main
",1,
/app/data/coming_data/pair_02272,False,"Error: Could not find or load main class fr.inria.sacha.remining.coming.analyzer.Main
Caused by: java.lang.ClassNotFoundException: fr.inria.sacha.remining.coming.analyzer.Main
",1,
/app/data/coming_data/pair_02273,False,"Error: Could not find or load main class fr.inria.sacha.remining.coming.analyzer.Main
Caused by: java.lang.ClassNotFoundException: fr.inria.sacha.remining.coming.analyzer.Main
",1,
/app/data/coming_data/pair_02274,False,"Error: Could not find or load main class fr.inria.sacha.remining.coming.analyzer.Main
Caused by: java.lang.ClassNotFoundException: fr.inria.sacha.remining.coming.analyzer.Main
",1,
/app/data/coming_data/pair_02275,False,"Error: Could not find or load main class fr.inria.sacha.remining.coming.analyzer.Main
Caused by: java.lang.ClassNotFoundException: fr.inria.sacha.remining.coming.analyzer.Main
",1,
/app/data/coming_data/pair_02276,False,"Error: Could not find or load main class fr.inria.sacha.remining.coming.analyzer.Main
Caused by: java.lang.ClassNotFoundException: fr.inria.sacha.remining.coming.analyzer.Main
",1,
/app/data/coming_data/pair_02277,False,"Error: Could not find or load main class fr.inria.sacha.remining.coming.analyzer.Main
Caused by: java.lang.ClassNotFoundException: fr.inria.sacha.remining.coming.analyzer.Main
",1,
/app/data/coming_data/pair_02278,False,"Error: Could not find or load main class fr.inria.sacha.remining.coming.analyzer.Main
Caused by: java.lang.ClassNotFoundException: fr.inria.sacha.remining.coming.analyzer.Main
",1,
/app/data/coming_data/pair_02279,False,"Error: Could not find or load main class fr.inria.sacha.remining.coming.analyzer.Main
Caused by: java.lang.ClassNotFoundException: fr.inria.sacha.remining.coming.analyzer.Main
",1,
/app/data/coming_data/pair_02280,False,"Error: Could not find or load main class fr.inria.sacha.remining.coming.analyzer.Main
Caused by: java.lang.ClassNotFoundException: fr.inria.sacha.remining.coming.analyzer.Main
",1,
/app/data/coming_data/pair_02281,False,"Error: Could not find or load main class fr.inria.sacha.remining.coming.analyzer.Main
Caused by: java.lang.ClassNotFoundException: fr.inria.sacha.remining.coming.analyzer.Main
",1,
/app/data/coming_data/pair_02282,False,"Error: Could not find or load main class fr.inria.sacha.remining.coming.analyzer.Main
Caused by: java.lang.ClassNotFoundException: fr.inria.sacha.remining.coming.analyzer.Main
",1,
/app/data/coming_data/pair_02283,False,"Error: Could not find or load main class fr.inria.sacha.remining.coming.analyzer.Main
Caused by: java.lang.ClassNotFoundException: fr.inria.sacha.remining.coming.analyzer.Main
",1,
/app/data/coming_data/pair_02284,False,"Error: Could not find or load main class fr.inria.sacha.remining.coming.analyzer.Main
Caused by: java.lang.ClassNotFoundException: fr.inria.sacha.remining.coming.analyzer.Main
",1,
/app/data/coming_data/pair_02285,False,"Error: Could not find or load main class fr.inria.sacha.remining.coming.analyzer.Main
Caused by: java.lang.ClassNotFoundException: fr.inria.sacha.remining.coming.analyzer.Main
",1,
/app/data/coming_data/pair_02286,False,"Error: Could not find or load main class fr.inria.sacha.remining.coming.analyzer.Main
Caused by: java.lang.ClassNotFoundException: fr.inria.sacha.remining.coming.analyzer.Main
",1,
/app/data/coming_data/pair_02287,False,"Error: Could not find or load main class fr.inria.sacha.remining.coming.analyzer.Main
Caused by: java.lang.ClassNotFoundException: fr.inria.sacha.remining.coming.analyzer.Main
",1,
/app/data/coming_data/pair_02288,False,"Error: Could not find or load main class fr.inria.sacha.remining.coming.analyzer.Main
Caused by: java.lang.ClassNotFoundException: fr.inria.sacha.remining.coming.analyzer.Main
",1,
/app/data/coming_data/pair_02289,False,"Error: Could not find or load main class fr.inria.sacha.remining.coming.analyzer.Main
Caused by: java.lang.ClassNotFoundException: fr.inria.sacha.remining.coming.analyzer.Main
",1,
/app/data/coming_data/pair_02290,False,"Error: Could not find or load main class fr.inria.sacha.remining.coming.analyzer.Main
Caused by: java.lang.ClassNotFoundException: fr.inria.sacha.remining.coming.analyzer.Main
",1,
/app/data/coming_data/pair_02291,False,"Error: Could not find or load main class fr.inria.sacha.remining.coming.analyzer.Main
Caused by: java.lang.ClassNotFoundException: fr.inria.sacha.remining.coming.analyzer.Main
",1,
/app/data/coming_data/pair_02292,False,"Error: Could not find or load main class fr.inria.sacha.remining.coming.analyzer.Main
Caused by: java.lang.ClassNotFoundException: fr.inria.sacha.remining.coming.analyzer.Main
",1,
/app/data/coming_data/pair_02293,False,"Error: Could not find or load main class fr.inria.sacha.remining.coming.analyzer.Main
Caused by: java.lang.ClassNotFoundException: fr.inria.sacha.remining.coming.analyzer.Main
",1,
/app/data/coming_data/pair_02294,False,"Error: Could not find or load main class fr.inria.sacha.remining.coming.analyzer.Main
Caused by: java.lang.ClassNotFoundException: fr.inria.sacha.remining.coming.analyzer.Main
",1,
/app/data/coming_data/pair_02295,False,"Error: Could not find or load main class fr.inria.sacha.remining.coming.analyzer.Main
Caused by: java.lang.ClassNotFoundException: fr.inria.sacha.remining.coming.analyzer.Main
",1,
/app/data/coming_data/pair_02296,False,"Error: Could not find or load main class fr.inria.sacha.remining.coming.analyzer.Main
Caused by: java.lang.ClassNotFoundException: fr.inria.sacha.remining.coming.analyzer.Main
",1,
/app/data/coming_data/pair_02297,False,"Error: Could not find or load main class fr.inria.sacha.remining.coming.analyzer.Main
Caused by: java.lang.ClassNotFoundException: fr.inria.sacha.remining.coming.analyzer.Main
",1,
/app/data/coming_data/pair_02298,False,"Error: Could not find or load main class fr.inria.sacha.remining.coming.analyzer.Main
Caused by: java.lang.ClassNotFoundException: fr.inria.sacha.remining.coming.analyzer.Main
",1,
/app/data/coming_data/pair_02299,False,"Error: Could not find or load main class fr.inria.sacha.remining.coming.analyzer.Main
Caused by: java.lang.ClassNotFoundException: fr.inria.sacha.remining.coming.analyzer.Main
",1,
/app/data/coming_data/pair_02300,False,"Error: Could not find or load main class fr.inria.sacha.remining.coming.analyzer.Main
Caused by: java.lang.ClassNotFoundException: fr.inria.sacha.remining.coming.analyzer.Main
",1,
/app/data/coming_data/pair_02301,False,"Error: Could not find or load main class fr.inria.sacha.remining.coming.analyzer.Main
Caused by: java.lang.ClassNotFoundException: fr.inria.sacha.remining.coming.analyzer.Main
",1,
/app/data/coming_data/pair_02302,False,"Error: Could not find or load main class fr.inria.sacha.remining.coming.analyzer.Main
Caused by: java.lang.ClassNotFoundException: fr.inria.sacha.remining.coming.analyzer.Main
",1,
/app/data/coming_data/pair_02303,False,"Error: Could not find or load main class fr.inria.sacha.remining.coming.analyzer.Main
Caused by: java.lang.ClassNotFoundException: fr.inria.sacha.remining.coming.analyzer.Main
",1,
/app/data/coming_data/pair_02304,False,"Error: Could not find or load main class fr.inria.sacha.remining.coming.analyzer.Main
Caused by: java.lang.ClassNotFoundException: fr.inria.sacha.remining.coming.analyzer.Main
",1,
/app/data/coming_data/pair_02305,False,"Error: Could not find or load main class fr.inria.sacha.remining.coming.analyzer.Main
Caused by: java.lang.ClassNotFoundException: fr.inria.sacha.remining.coming.analyzer.Main
",1,
/app/data/coming_data/pair_02306,False,"Error: Could not find or load main class fr.inria.sacha.remining.coming.analyzer.Main
Caused by: java.lang.ClassNotFoundException: fr.inria.sacha.remining.coming.analyzer.Main
",1,
/app/data/coming_data/pair_02307,False,"Error: Could not find or load main class fr.inria.sacha.remining.coming.analyzer.Main
Caused by: java.lang.ClassNotFoundException: fr.inria.sacha.remining.coming.analyzer.Main
",1,
/app/data/coming_data/pair_02308,False,"Error: Could not find or load main class fr.inria.sacha.remining.coming.analyzer.Main
Caused by: java.lang.ClassNotFoundException: fr.inria.sacha.remining.coming.analyzer.Main
",1,
/app/data/coming_data/pair_02309,False,"Error: Could not find or load main class fr.inria.sacha.remining.coming.analyzer.Main
Caused by: java.lang.ClassNotFoundException: fr.inria.sacha.remining.coming.analyzer.Main
",1,
/app/data/coming_data/pair_02310,False,"Error: Could not find or load main class fr.inria.sacha.remining.coming.analyzer.Main
Caused by: java.lang.ClassNotFoundException: fr.inria.sacha.remining.coming.analyzer.Main
",1,
/app/data/coming_data/pair_02311,False,"Error: Could not find or load main class fr.inria.sacha.remining.coming.analyzer.Main
Caused by: java.lang.ClassNotFoundException: fr.inria.sacha.remining.coming.analyzer.Main
",1,
/app/data/coming_data/pair_02312,False,"Error: Could not find or load main class fr.inria.sacha.remining.coming.analyzer.Main
Caused by: java.lang.ClassNotFoundException: fr.inria.sacha.remining.coming.analyzer.Main
",1,
/app/data/coming_data/pair_02313,False,"Error: Could not find or load main class fr.inria.sacha.remining.coming.analyzer.Main
Caused by: java.lang.ClassNotFoundException: fr.inria.sacha.remining.coming.analyzer.Main
",1,
/app/data/coming_data/pair_02314,False,"Error: Could not find or load main class fr.inria.sacha.remining.coming.analyzer.Main
Caused by: java.lang.ClassNotFoundException: fr.inria.sacha.remining.coming.analyzer.Main
",1,
/app/data/coming_data/pair_02315,False,"Error: Could not find or load main class fr.inria.sacha.remining.coming.analyzer.Main
Caused by: java.lang.ClassNotFoundException: fr.inria.sacha.remining.coming.analyzer.Main
",1,
/app/data/coming_data/pair_02316,False,"Error: Could not find or load main class fr.inria.sacha.remining.coming.analyzer.Main
Caused by: java.lang.ClassNotFoundException: fr.inria.sacha.remining.coming.analyzer.Main
",1,
/app/data/coming_data/pair_02317,False,"Error: Could not find or load main class fr.inria.sacha.remining.coming.analyzer.Main
Caused by: java.lang.ClassNotFoundException: fr.inria.sacha.remining.coming.analyzer.Main
",1,
/app/data/coming_data/pair_02318,False,"Error: Could not find or load main class fr.inria.sacha.remining.coming.analyzer.Main
Caused by: java.lang.ClassNotFoundException: fr.inria.sacha.remining.coming.analyzer.Main
",1,
/app/data/coming_data/pair_02319,False,"Error: Could not find or load main class fr.inria.sacha.remining.coming.analyzer.Main
Caused by: java.lang.ClassNotFoundException: fr.inria.sacha.remining.coming.analyzer.Main
",1,
/app/data/coming_data/pair_02320,False,"Error: Could not find or load main class fr.inria.sacha.remining.coming.analyzer.Main
Caused by: java.lang.ClassNotFoundException: fr.inria.sacha.remining.coming.analyzer.Main
",1,
/app/data/coming_data/pair_02321,False,"Error: Could not find or load main class fr.inria.sacha.remining.coming.analyzer.Main
Caused by: java.lang.ClassNotFoundException: fr.inria.sacha.remining.coming.analyzer.Main
",1,
/app/data/coming_data/pair_02322,False,"Error: Could not find or load main class fr.inria.sacha.remining.coming.analyzer.Main
Caused by: java.lang.ClassNotFoundException: fr.inria.sacha.remining.coming.analyzer.Main
",1,
/app/data/coming_data/pair_02323,False,"Error: Could not find or load main class fr.inria.sacha.remining.coming.analyzer.Main
Caused by: java.lang.ClassNotFoundException: fr.inria.sacha.remining.coming.analyzer.Main
",1,
/app/data/coming_data/pair_02324,False,"Error: Could not find or load main class fr.inria.sacha.remining.coming.analyzer.Main
Caused by: java.lang.ClassNotFoundException: fr.inria.sacha.remining.coming.analyzer.Main
",1,
/app/data/coming_data/pair_02325,False,"Error: Could not find or load main class fr.inria.sacha.remining.coming.analyzer.Main
Caused by: java.lang.ClassNotFoundException: fr.inria.sacha.remining.coming.analyzer.Main
",1,
/app/data/coming_data/pair_02326,False,"Error: Could not find or load main class fr.inria.sacha.remining.coming.analyzer.Main
Caused by: java.lang.ClassNotFoundException: fr.inria.sacha.remining.coming.analyzer.Main
",1,
/app/data/coming_data/pair_02327,False,"Error: Could not find or load main class fr.inria.sacha.remining.coming.analyzer.Main
Caused by: java.lang.ClassNotFoundException: fr.inria.sacha.remining.coming.analyzer.Main
",1,
/app/data/coming_data/pair_02328,False,"Error: Could not find or load main class fr.inria.sacha.remining.coming.analyzer.Main
Caused by: java.lang.ClassNotFoundException: fr.inria.sacha.remining.coming.analyzer.Main
",1,
/app/data/coming_data/pair_02329,False,"Error: Could not find or load main class fr.inria.sacha.remining.coming.analyzer.Main
Caused by: java.lang.ClassNotFoundException: fr.inria.sacha.remining.coming.analyzer.Main
",1,
/app/data/coming_data/pair_02330,False,"Error: Could not find or load main class fr.inria.sacha.remining.coming.analyzer.Main
Caused by: java.lang.ClassNotFoundException: fr.inria.sacha.remining.coming.analyzer.Main
",1,
/app/data/coming_data/pair_02331,False,"Error: Could not find or load main class fr.inria.sacha.remining.coming.analyzer.Main
Caused by: java.lang.ClassNotFoundException: fr.inria.sacha.remining.coming.analyzer.Main
",1,
/app/data/coming_data/pair_02332,False,"Error: Could not find or load main class fr.inria.sacha.remining.coming.analyzer.Main
Caused by: java.lang.ClassNotFoundException: fr.inria.sacha.remining.coming.analyzer.Main
",1,
/app/data/coming_data/pair_02333,False,"Error: Could not find or load main class fr.inria.sacha.remining.coming.analyzer.Main
Caused by: java.lang.ClassNotFoundException: fr.inria.sacha.remining.coming.analyzer.Main
",1,
/app/data/coming_data/pair_02334,False,"Error: Could not find or load main class fr.inria.sacha.remining.coming.analyzer.Main
Caused by: java.lang.ClassNotFoundException: fr.inria.sacha.remining.coming.analyzer.Main
",1,
/app/data/coming_data/pair_02335,False,"Error: Could not find or load main class fr.inria.sacha.remining.coming.analyzer.Main
Caused by: java.lang.ClassNotFoundException: fr.inria.sacha.remining.coming.analyzer.Main
",1,
/app/data/coming_data/pair_02336,False,"Error: Could not find or load main class fr.inria.sacha.remining.coming.analyzer.Main
Caused by: java.lang.ClassNotFoundException: fr.inria.sacha.remining.coming.analyzer.Main
",1,
/app/data/coming_data/pair_02337,False,"Error: Could not find or load main class fr.inria.sacha.remining.coming.analyzer.Main
Caused by: java.lang.ClassNotFoundException: fr.inria.sacha.remining.coming.analyzer.Main
",1,
/app/data/coming_data/pair_02338,False,"Error: Could not find or load main class fr.inria.sacha.remining.coming.analyzer.Main
Caused by: java.lang.ClassNotFoundException: fr.inria.sacha.remining.coming.analyzer.Main
",1,
/app/data/coming_data/pair_02339,False,"Error: Could not find or load main class fr.inria.sacha.remining.coming.analyzer.Main
Caused by: java.lang.ClassNotFoundException: fr.inria.sacha.remining.coming.analyzer.Main
",1,
/app/data/coming_data/pair_02340,False,"Error: Could not find or load main class fr.inria.sacha.remining.coming.analyzer.Main
Caused by: java.lang.ClassNotFoundException: fr.inria.sacha.remining.coming.analyzer.Main
",1,
/app/data/coming_data/pair_02341,False,"Error: Could not find or load main class fr.inria.sacha.remining.coming.analyzer.Main
Caused by: java.lang.ClassNotFoundException: fr.inria.sacha.remining.coming.analyzer.Main
",1,
/app/data/coming_data/pair_02342,False,"Error: Could not find or load main class fr.inria.sacha.remining.coming.analyzer.Main
Caused by: java.lang.ClassNotFoundException: fr.inria.sacha.remining.coming.analyzer.Main
",1,
/app/data/coming_data/pair_02343,False,"Error: Could not find or load main class fr.inria.sacha.remining.coming.analyzer.Main
Caused by: java.lang.ClassNotFoundException: fr.inria.sacha.remining.coming.analyzer.Main
",1,
/app/data/coming_data/pair_02344,False,"Error: Could not find or load main class fr.inria.sacha.remining.coming.analyzer.Main
Caused by: java.lang.ClassNotFoundException: fr.inria.sacha.remining.coming.analyzer.Main
",1,
/app/data/coming_data/pair_02345,False,"Error: Could not find or load main class fr.inria.sacha.remining.coming.analyzer.Main
Caused by: java.lang.ClassNotFoundException: fr.inria.sacha.remining.coming.analyzer.Main
",1,
/app/data/coming_data/pair_02346,False,"Error: Could not find or load main class fr.inria.sacha.remining.coming.analyzer.Main
Caused by: java.lang.ClassNotFoundException: fr.inria.sacha.remining.coming.analyzer.Main
",1,
/app/data/coming_data/pair_02347,False,"Error: Could not find or load main class fr.inria.sacha.remining.coming.analyzer.Main
Caused by: java.lang.ClassNotFoundException: fr.inria.sacha.remining.coming.analyzer.Main
",1,
/app/data/coming_data/pair_02348,False,"Error: Could not find or load main class fr.inria.sacha.remining.coming.analyzer.Main
Caused by: java.lang.ClassNotFoundException: fr.inria.sacha.remining.coming.analyzer.Main
",1,
/app/data/coming_data/pair_02349,False,"Error: Could not find or load main class fr.inria.sacha.remining.coming.analyzer.Main
Caused by: java.lang.ClassNotFoundException: fr.inria.sacha.remining.coming.analyzer.Main
",1,
/app/data/coming_data/pair_02350,False,"Error: Could not find or load main class fr.inria.sacha.remining.coming.analyzer.Main
Caused by: java.lang.ClassNotFoundException: fr.inria.sacha.remining.coming.analyzer.Main
",1,
/app/data/coming_data/pair_02351,False,"Error: Could not find or load main class fr.inria.sacha.remining.coming.analyzer.Main
Caused by: java.lang.ClassNotFoundException: fr.inria.sacha.remining.coming.analyzer.Main
",1,
/app/data/coming_data/pair_02352,False,"Error: Could not find or load main class fr.inria.sacha.remining.coming.analyzer.Main
Caused by: java.lang.ClassNotFoundException: fr.inria.sacha.remining.coming.analyzer.Main
",1,
/app/data/coming_data/pair_02353,False,"Error: Could not find or load main class fr.inria.sacha.remining.coming.analyzer.Main
Caused by: java.lang.ClassNotFoundException: fr.inria.sacha.remining.coming.analyzer.Main
",1,
/app/data/coming_data/pair_02354,False,"Error: Could not find or load main class fr.inria.sacha.remining.coming.analyzer.Main
Caused by: java.lang.ClassNotFoundException: fr.inria.sacha.remining.coming.analyzer.Main
",1,
/app/data/coming_data/pair_02355,False,"Error: Could not find or load main class fr.inria.sacha.remining.coming.analyzer.Main
Caused by: java.lang.ClassNotFoundException: fr.inria.sacha.remining.coming.analyzer.Main
",1,
/app/data/coming_data/pair_02356,False,"Error: Could not find or load main class fr.inria.sacha.remining.coming.analyzer.Main
Caused by: java.lang.ClassNotFoundException: fr.inria.sacha.remining.coming.analyzer.Main
",1,
/app/data/coming_data/pair_02357,False,"Error: Could not find or load main class fr.inria.sacha.remining.coming.analyzer.Main
Caused by: java.lang.ClassNotFoundException: fr.inria.sacha.remining.coming.analyzer.Main
",1,
/app/data/coming_data/pair_02358,False,"Error: Could not find or load main class fr.inria.sacha.remining.coming.analyzer.Main
Caused by: java.lang.ClassNotFoundException: fr.inria.sacha.remining.coming.analyzer.Main
",1,
/app/data/coming_data/pair_02359,False,"Error: Could not find or load main class fr.inria.sacha.remining.coming.analyzer.Main
Caused by: java.lang.ClassNotFoundException: fr.inria.sacha.remining.coming.analyzer.Main
",1,
/app/data/coming_data/pair_02360,False,"Error: Could not find or load main class fr.inria.sacha.remining.coming.analyzer.Main
Caused by: java.lang.ClassNotFoundException: fr.inria.sacha.remining.coming.analyzer.Main
",1,
/app/data/coming_data/pair_02361,False,"Error: Could not find or load main class fr.inria.sacha.remining.coming.analyzer.Main
Caused by: java.lang.ClassNotFoundException: fr.inria.sacha.remining.coming.analyzer.Main
",1,
/app/data/coming_data/pair_02362,False,"Error: Could not find or load main class fr.inria.sacha.remining.coming.analyzer.Main
Caused by: java.lang.ClassNotFoundException: fr.inria.sacha.remining.coming.analyzer.Main
",1,
/app/data/coming_data/pair_02363,False,"Error: Could not find or load main class fr.inria.sacha.remining.coming.analyzer.Main
Caused by: java.lang.ClassNotFoundException: fr.inria.sacha.remining.coming.analyzer.Main
",1,
/app/data/coming_data/pair_02364,False,"Error: Could not find or load main class fr.inria.sacha.remining.coming.analyzer.Main
Caused by: java.lang.ClassNotFoundException: fr.inria.sacha.remining.coming.analyzer.Main
",1,
/app/data/coming_data/pair_02365,False,"Error: Could not find or load main class fr.inria.sacha.remining.coming.analyzer.Main
Caused by: java.lang.ClassNotFoundException: fr.inria.sacha.remining.coming.analyzer.Main
",1,
/app/data/coming_data/pair_02366,False,"Error: Could not find or load main class fr.inria.sacha.remining.coming.analyzer.Main
Caused by: java.lang.ClassNotFoundException: fr.inria.sacha.remining.coming.analyzer.Main
",1,
/app/data/coming_data/pair_02367,False,"Error: Could not find or load main class fr.inria.sacha.remining.coming.analyzer.Main
Caused by: java.lang.ClassNotFoundException: fr.inria.sacha.remining.coming.analyzer.Main
",1,
/app/data/coming_data/pair_02368,False,"Error: Could not find or load main class fr.inria.sacha.remining.coming.analyzer.Main
Caused by: java.lang.ClassNotFoundException: fr.inria.sacha.remining.coming.analyzer.Main
",1,
/app/data/coming_data/pair_02369,False,"Error: Could not find or load main class fr.inria.sacha.remining.coming.analyzer.Main
Caused by: java.lang.ClassNotFoundException: fr.inria.sacha.remining.coming.analyzer.Main
",1,
/app/data/coming_data/pair_02370,False,"Error: Could not find or load main class fr.inria.sacha.remining.coming.analyzer.Main
Caused by: java.lang.ClassNotFoundException: fr.inria.sacha.remining.coming.analyzer.Main
",1,
/app/data/coming_data/pair_02371,False,"Error: Could not find or load main class fr.inria.sacha.remining.coming.analyzer.Main
Caused by: java.lang.ClassNotFoundException: fr.inria.sacha.remining.coming.analyzer.Main
",1,
/app/data/coming_data/pair_02372,False,"Error: Could not find or load main class fr.inria.sacha.remining.coming.analyzer.Main
Caused by: java.lang.ClassNotFoundException: fr.inria.sacha.remining.coming.analyzer.Main
",1,
/app/data/coming_data/pair_02373,False,"Error: Could not find or load main class fr.inria.sacha.remining.coming.analyzer.Main
Caused by: java.lang.ClassNotFoundException: fr.inria.sacha.remining.coming.analyzer.Main
",1,
/app/data/coming_data/pair_02374,False,"Error: Could not find or load main class fr.inria.sacha.remining.coming.analyzer.Main
Caused by: java.lang.ClassNotFoundException: fr.inria.sacha.remining.coming.analyzer.Main
",1,
/app/data/coming_data/pair_02375,False,"Error: Could not find or load main class fr.inria.sacha.remining.coming.analyzer.Main
Caused by: java.lang.ClassNotFoundException: fr.inria.sacha.remining.coming.analyzer.Main
",1,
/app/data/coming_data/pair_02376,False,"Error: Could not find or load main class fr.inria.sacha.remining.coming.analyzer.Main
Caused by: java.lang.ClassNotFoundException: fr.inria.sacha.remining.coming.analyzer.Main
",1,
/app/data/coming_data/pair_02377,False,"Error: Could not find or load main class fr.inria.sacha.remining.coming.analyzer.Main
Caused by: java.lang.ClassNotFoundException: fr.inria.sacha.remining.coming.analyzer.Main
",1,
/app/data/coming_data/pair_02378,False,"Error: Could not find or load main class fr.inria.sacha.remining.coming.analyzer.Main
Caused by: java.lang.ClassNotFoundException: fr.inria.sacha.remining.coming.analyzer.Main
",1,
/app/data/coming_data/pair_02379,False,"Error: Could not find or load main class fr.inria.sacha.remining.coming.analyzer.Main
Caused by: java.lang.ClassNotFoundException: fr.inria.sacha.remining.coming.analyzer.Main
",1,
/app/data/coming_data/pair_02380,False,"Error: Could not find or load main class fr.inria.sacha.remining.coming.analyzer.Main
Caused by: java.lang.ClassNotFoundException: fr.inria.sacha.remining.coming.analyzer.Main
",1,
/app/data/coming_data/pair_02381,False,"Error: Could not find or load main class fr.inria.sacha.remining.coming.analyzer.Main
Caused by: java.lang.ClassNotFoundException: fr.inria.sacha.remining.coming.analyzer.Main
",1,
/app/data/coming_data/pair_02382,False,"Error: Could not find or load main class fr.inria.sacha.remining.coming.analyzer.Main
Caused by: java.lang.ClassNotFoundException: fr.inria.sacha.remining.coming.analyzer.Main
",1,
/app/data/coming_data/pair_02383,False,"Error: Could not find or load main class fr.inria.sacha.remining.coming.analyzer.Main
Caused by: java.lang.ClassNotFoundException: fr.inria.sacha.remining.coming.analyzer.Main
",1,
/app/data/coming_data/pair_02384,False,"Error: Could not find or load main class fr.inria.sacha.remining.coming.analyzer.Main
Caused by: java.lang.ClassNotFoundException: fr.inria.sacha.remining.coming.analyzer.Main
",1,
/app/data/coming_data/pair_02385,False,"Error: Could not find or load main class fr.inria.sacha.remining.coming.analyzer.Main
Caused by: java.lang.ClassNotFoundException: fr.inria.sacha.remining.coming.analyzer.Main
",1,
/app/data/coming_data/pair_02386,False,"Error: Could not find or load main class fr.inria.sacha.remining.coming.analyzer.Main
Caused by: java.lang.ClassNotFoundException: fr.inria.sacha.remining.coming.analyzer.Main
",1,
/app/data/coming_data/pair_02387,False,"Error: Could not find or load main class fr.inria.sacha.remining.coming.analyzer.Main
Caused by: java.lang.ClassNotFoundException: fr.inria.sacha.remining.coming.analyzer.Main
",1,
/app/data/coming_data/pair_02388,False,"Error: Could not find or load main class fr.inria.sacha.remining.coming.analyzer.Main
Caused by: java.lang.ClassNotFoundException: fr.inria.sacha.remining.coming.analyzer.Main
",1,
/app/data/coming_data/pair_02389,False,"Error: Could not find or load main class fr.inria.sacha.remining.coming.analyzer.Main
Caused by: java.lang.ClassNotFoundException: fr.inria.sacha.remining.coming.analyzer.Main
",1,
/app/data/coming_data/pair_02390,False,"Error: Could not find or load main class fr.inria.sacha.remining.coming.analyzer.Main
Caused by: java.lang.ClassNotFoundException: fr.inria.sacha.remining.coming.analyzer.Main
",1,
/app/data/coming_data/pair_02391,False,"Error: Could not find or load main class fr.inria.sacha.remining.coming.analyzer.Main
Caused by: java.lang.ClassNotFoundException: fr.inria.sacha.remining.coming.analyzer.Main
",1,
/app/data/coming_data/pair_02392,False,"Error: Could not find or load main class fr.inria.sacha.remining.coming.analyzer.Main
Caused by: java.lang.ClassNotFoundException: fr.inria.sacha.remining.coming.analyzer.Main
",1,
/app/data/coming_data/pair_02393,False,"Error: Could not find or load main class fr.inria.sacha.remining.coming.analyzer.Main
Caused by: java.lang.ClassNotFoundException: fr.inria.sacha.remining.coming.analyzer.Main
",1,
/app/data/coming_data/pair_02394,False,"Error: Could not find or load main class fr.inria.sacha.remining.coming.analyzer.Main
Caused by: java.lang.ClassNotFoundException: fr.inria.sacha.remining.coming.analyzer.Main
",1,
/app/data/coming_data/pair_02395,False,"Error: Could not find or load main class fr.inria.sacha.remining.coming.analyzer.Main
Caused by: java.lang.ClassNotFoundException: fr.inria.sacha.remining.coming.analyzer.Main
",1,
/app/data/coming_data/pair_02396,False,"Error: Could not find or load main class fr.inria.sacha.remining.coming.analyzer.Main
Caused by: java.lang.ClassNotFoundException: fr.inria.sacha.remining.coming.analyzer.Main
",1,
/app/data/coming_data/pair_02397,False,"Error: Could not find or load main class fr.inria.sacha.remining.coming.analyzer.Main
Caused by: java.lang.ClassNotFoundException: fr.inria.sacha.remining.coming.analyzer.Main
",1,
/app/data/coming_data/pair_02398,False,"Error: Could not find or load main class fr.inria.sacha.remining.coming.analyzer.Main
Caused by: java.lang.ClassNotFoundException: fr.inria.sacha.remining.coming.analyzer.Main
",1,
/app/data/coming_data/pair_02399,False,"Error: Could not find or load main class fr.inria.sacha.remining.coming.analyzer.Main
Caused by: java.lang.ClassNotFoundException: fr.inria.sacha.remining.coming.analyzer.Main
",1,
/app/data/coming_data/pair_02400,False,"Error: Could not find or load main class fr.inria.sacha.remining.coming.analyzer.Main
Caused by: java.lang.ClassNotFoundException: fr.inria.sacha.remining.coming.analyzer.Main
",1,
/app/data/coming_data/pair_02401,False,"Error: Could not find or load main class fr.inria.sacha.remining.coming.analyzer.Main
Caused by: java.lang.ClassNotFoundException: fr.inria.sacha.remining.coming.analyzer.Main
",1,
/app/data/coming_data/pair_02402,False,"Error: Could not find or load main class fr.inria.sacha.remining.coming.analyzer.Main
Caused by: java.lang.ClassNotFoundException: fr.inria.sacha.remining.coming.analyzer.Main
",1,
/app/data/coming_data/pair_02403,False,"Error: Could not find or load main class fr.inria.sacha.remining.coming.analyzer.Main
Caused by: java.lang.ClassNotFoundException: fr.inria.sacha.remining.coming.analyzer.Main
",1,
/app/data/coming_data/pair_02404,False,"Error: Could not find or load main class fr.inria.sacha.remining.coming.analyzer.Main
Caused by: java.lang.ClassNotFoundException: fr.inria.sacha.remining.coming.analyzer.Main
",1,
/app/data/coming_data/pair_02405,False,"Error: Could not find or load main class fr.inria.sacha.remining.coming.analyzer.Main
Caused by: java.lang.ClassNotFoundException: fr.inria.sacha.remining.coming.analyzer.Main
",1,
/app/data/coming_data/pair_02406,False,"Error: Could not find or load main class fr.inria.sacha.remining.coming.analyzer.Main
Caused by: java.lang.ClassNotFoundException: fr.inria.sacha.remining.coming.analyzer.Main
",1,
/app/data/coming_data/pair_02407,False,"Error: Could not find or load main class fr.inria.sacha.remining.coming.analyzer.Main
Caused by: java.lang.ClassNotFoundException: fr.inria.sacha.remining.coming.analyzer.Main
",1,
/app/data/coming_data/pair_02408,False,"Error: Could not find or load main class fr.inria.sacha.remining.coming.analyzer.Main
Caused by: java.lang.ClassNotFoundException: fr.inria.sacha.remining.coming.analyzer.Main
",1,
/app/data/coming_data/pair_02409,False,"Error: Could not find or load main class fr.inria.sacha.remining.coming.analyzer.Main
Caused by: java.lang.ClassNotFoundException: fr.inria.sacha.remining.coming.analyzer.Main
",1,
/app/data/coming_data/pair_02410,False,"Error: Could not find or load main class fr.inria.sacha.remining.coming.analyzer.Main
Caused by: java.lang.ClassNotFoundException: fr.inria.sacha.remining.coming.analyzer.Main
",1,
/app/data/coming_data/pair_02411,False,"Error: Could not find or load main class fr.inria.sacha.remining.coming.analyzer.Main
Caused by: java.lang.ClassNotFoundException: fr.inria.sacha.remining.coming.analyzer.Main
",1,
/app/data/coming_data/pair_02412,False,"Error: Could not find or load main class fr.inria.sacha.remining.coming.analyzer.Main
Caused by: java.lang.ClassNotFoundException: fr.inria.sacha.remining.coming.analyzer.Main
",1,
/app/data/coming_data/pair_02413,False,"Error: Could not find or load main class fr.inria.sacha.remining.coming.analyzer.Main
Caused by: java.lang.ClassNotFoundException: fr.inria.sacha.remining.coming.analyzer.Main
",1,
/app/data/coming_data/pair_02414,False,"Error: Could not find or load main class fr.inria.sacha.remining.coming.analyzer.Main
Caused by: java.lang.ClassNotFoundException: fr.inria.sacha.remining.coming.analyzer.Main
",1,
/app/data/coming_data/pair_02415,False,"Error: Could not find or load main class fr.inria.sacha.remining.coming.analyzer.Main
Caused by: java.lang.ClassNotFoundException: fr.inria.sacha.remining.coming.analyzer.Main
",1,
/app/data/coming_data/pair_02416,False,"Error: Could not find or load main class fr.inria.sacha.remining.coming.analyzer.Main
Caused by: java.lang.ClassNotFoundException: fr.inria.sacha.remining.coming.analyzer.Main
",1,
/app/data/coming_data/pair_02417,False,"Error: Could not find or load main class fr.inria.sacha.remining.coming.analyzer.Main
Caused by: java.lang.ClassNotFoundException: fr.inria.sacha.remining.coming.analyzer.Main
",1,
/app/data/coming_data/pair_02418,False,"Error: Could not find or load main class fr.inria.sacha.remining.coming.analyzer.Main
Caused by: java.lang.ClassNotFoundException: fr.inria.sacha.remining.coming.analyzer.Main
",1,
/app/data/coming_data/pair_02419,False,"Error: Could not find or load main class fr.inria.sacha.remining.coming.analyzer.Main
Caused by: java.lang.ClassNotFoundException: fr.inria.sacha.remining.coming.analyzer.Main
",1,
/app/data/coming_data/pair_02420,False,"Error: Could not find or load main class fr.inria.sacha.remining.coming.analyzer.Main
Caused by: java.lang.ClassNotFoundException: fr.inria.sacha.remining.coming.analyzer.Main
",1,
/app/data/coming_data/pair_02421,False,"Error: Could not find or load main class fr.inria.sacha.remining.coming.analyzer.Main
Caused by: java.lang.ClassNotFoundException: fr.inria.sacha.remining.coming.analyzer.Main
",1,
/app/data/coming_data/pair_02422,False,"Error: Could not find or load main class fr.inria.sacha.remining.coming.analyzer.Main
Caused by: java.lang.ClassNotFoundException: fr.inria.sacha.remining.coming.analyzer.Main
",1,
/app/data/coming_data/pair_02423,False,"Error: Could not find or load main class fr.inria.sacha.remining.coming.analyzer.Main
Caused by: java.lang.ClassNotFoundException: fr.inria.sacha.remining.coming.analyzer.Main
",1,
/app/data/coming_data/pair_02424,False,"Error: Could not find or load main class fr.inria.sacha.remining.coming.analyzer.Main
Caused by: java.lang.ClassNotFoundException: fr.inria.sacha.remining.coming.analyzer.Main
",1,
/app/data/coming_data/pair_02425,False,"Error: Could not find or load main class fr.inria.sacha.remining.coming.analyzer.Main
Caused by: java.lang.ClassNotFoundException: fr.inria.sacha.remining.coming.analyzer.Main
",1,
/app/data/coming_data/pair_02426,False,"Error: Could not find or load main class fr.inria.sacha.remining.coming.analyzer.Main
Caused by: java.lang.ClassNotFoundException: fr.inria.sacha.remining.coming.analyzer.Main
",1,
/app/data/coming_data/pair_02427,False,"Error: Could not find or load main class fr.inria.sacha.remining.coming.analyzer.Main
Caused by: java.lang.ClassNotFoundException: fr.inria.sacha.remining.coming.analyzer.Main
",1,
/app/data/coming_data/pair_02428,False,"Error: Could not find or load main class fr.inria.sacha.remining.coming.analyzer.Main
Caused by: java.lang.ClassNotFoundException: fr.inria.sacha.remining.coming.analyzer.Main
",1,
/app/data/coming_data/pair_02429,False,"Error: Could not find or load main class fr.inria.sacha.remining.coming.analyzer.Main
Caused by: java.lang.ClassNotFoundException: fr.inria.sacha.remining.coming.analyzer.Main
",1,
/app/data/coming_data/pair_02430,False,"Error: Could not find or load main class fr.inria.sacha.remining.coming.analyzer.Main
Caused by: java.lang.ClassNotFoundException: fr.inria.sacha.remining.coming.analyzer.Main
",1,
/app/data/coming_data/pair_02431,False,"Error: Could not find or load main class fr.inria.sacha.remining.coming.analyzer.Main
Caused by: java.lang.ClassNotFoundException: fr.inria.sacha.remining.coming.analyzer.Main
",1,
/app/data/coming_data/pair_02432,False,"Error: Could not find or load main class fr.inria.sacha.remining.coming.analyzer.Main
Caused by: java.lang.ClassNotFoundException: fr.inria.sacha.remining.coming.analyzer.Main
",1,
/app/data/coming_data/pair_02433,False,"Error: Could not find or load main class fr.inria.sacha.remining.coming.analyzer.Main
Caused by: java.lang.ClassNotFoundException: fr.inria.sacha.remining.coming.analyzer.Main
",1,
/app/data/coming_data/pair_02434,False,"Error: Could not find or load main class fr.inria.sacha.remining.coming.analyzer.Main
Caused by: java.lang.ClassNotFoundException: fr.inria.sacha.remining.coming.analyzer.Main
",1,
/app/data/coming_data/pair_02435,False,"Error: Could not find or load main class fr.inria.sacha.remining.coming.analyzer.Main
Caused by: java.lang.ClassNotFoundException: fr.inria.sacha.remining.coming.analyzer.Main
",1,
/app/data/coming_data/pair_02436,False,"Error: Could not find or load main class fr.inria.sacha.remining.coming.analyzer.Main
Caused by: java.lang.ClassNotFoundException: fr.inria.sacha.remining.coming.analyzer.Main
",1,
/app/data/coming_data/pair_02437,False,"Error: Could not find or load main class fr.inria.sacha.remining.coming.analyzer.Main
Caused by: java.lang.ClassNotFoundException: fr.inria.sacha.remining.coming.analyzer.Main
",1,
/app/data/coming_data/pair_02438,False,"Error: Could not find or load main class fr.inria.sacha.remining.coming.analyzer.Main
Caused by: java.lang.ClassNotFoundException: fr.inria.sacha.remining.coming.analyzer.Main
",1,
/app/data/coming_data/pair_02439,False,"Error: Could not find or load main class fr.inria.sacha.remining.coming.analyzer.Main
Caused by: java.lang.ClassNotFoundException: fr.inria.sacha.remining.coming.analyzer.Main
",1,
/app/data/coming_data/pair_02440,False,"Error: Could not find or load main class fr.inria.sacha.remining.coming.analyzer.Main
Caused by: java.lang.ClassNotFoundException: fr.inria.sacha.remining.coming.analyzer.Main
",1,
/app/data/coming_data/pair_02441,False,"Error: Could not find or load main class fr.inria.sacha.remining.coming.analyzer.Main
Caused by: java.lang.ClassNotFoundException: fr.inria.sacha.remining.coming.analyzer.Main
",1,
/app/data/coming_data/pair_02442,False,"Error: Could not find or load main class fr.inria.sacha.remining.coming.analyzer.Main
Caused by: java.lang.ClassNotFoundException: fr.inria.sacha.remining.coming.analyzer.Main
",1,
/app/data/coming_data/pair_02443,False,"Error: Could not find or load main class fr.inria.sacha.remining.coming.analyzer.Main
Caused by: java.lang.ClassNotFoundException: fr.inria.sacha.remining.coming.analyzer.Main
",1,
/app/data/coming_data/pair_02444,False,"Error: Could not find or load main class fr.inria.sacha.remining.coming.analyzer.Main
Caused by: java.lang.ClassNotFoundException: fr.inria.sacha.remining.coming.analyzer.Main
",1,
/app/data/coming_data/pair_02445,False,"Error: Could not find or load main class fr.inria.sacha.remining.coming.analyzer.Main
Caused by: java.lang.ClassNotFoundException: fr.inria.sacha.remining.coming.analyzer.Main
",1,
/app/data/coming_data/pair_02446,False,"Error: Could not find or load main class fr.inria.sacha.remining.coming.analyzer.Main
Caused by: java.lang.ClassNotFoundException: fr.inria.sacha.remining.coming.analyzer.Main
",1,
/app/data/coming_data/pair_02447,False,"Error: Could not find or load main class fr.inria.sacha.remining.coming.analyzer.Main
Caused by: java.lang.ClassNotFoundException: fr.inria.sacha.remining.coming.analyzer.Main
",1,
/app/data/coming_data/pair_02448,False,"Error: Could not find or load main class fr.inria.sacha.remining.coming.analyzer.Main
Caused by: java.lang.ClassNotFoundException: fr.inria.sacha.remining.coming.analyzer.Main
",1,
/app/data/coming_data/pair_02449,False,"Error: Could not find or load main class fr.inria.sacha.remining.coming.analyzer.Main
Caused by: java.lang.ClassNotFoundException: fr.inria.sacha.remining.coming.analyzer.Main
",1,
/app/data/coming_data/pair_02450,False,"Error: Could not find or load main class fr.inria.sacha.remining.coming.analyzer.Main
Caused by: java.lang.ClassNotFoundException: fr.inria.sacha.remining.coming.analyzer.Main
",1,
/app/data/coming_data/pair_02451,False,"Error: Could not find or load main class fr.inria.sacha.remining.coming.analyzer.Main
Caused by: java.lang.ClassNotFoundException: fr.inria.sacha.remining.coming.analyzer.Main
",1,
/app/data/coming_data/pair_02452,False,"Error: Could not find or load main class fr.inria.sacha.remining.coming.analyzer.Main
Caused by: java.lang.ClassNotFoundException: fr.inria.sacha.remining.coming.analyzer.Main
",1,
/app/data/coming_data/pair_02453,False,"Error: Could not find or load main class fr.inria.sacha.remining.coming.analyzer.Main
Caused by: java.lang.ClassNotFoundException: fr.inria.sacha.remining.coming.analyzer.Main
",1,
/app/data/coming_data/pair_02454,False,"Error: Could not find or load main class fr.inria.sacha.remining.coming.analyzer.Main
Caused by: java.lang.ClassNotFoundException: fr.inria.sacha.remining.coming.analyzer.Main
",1,
/app/data/coming_data/pair_02455,False,"Error: Could not find or load main class fr.inria.sacha.remining.coming.analyzer.Main
Caused by: java.lang.ClassNotFoundException: fr.inria.sacha.remining.coming.analyzer.Main
",1,
/app/data/coming_data/pair_02456,False,"Error: Could not find or load main class fr.inria.sacha.remining.coming.analyzer.Main
Caused by: java.lang.ClassNotFoundException: fr.inria.sacha.remining.coming.analyzer.Main
",1,
/app/data/coming_data/pair_02457,False,"Error: Could not find or load main class fr.inria.sacha.remining.coming.analyzer.Main
Caused by: java.lang.ClassNotFoundException: fr.inria.sacha.remining.coming.analyzer.Main
",1,
/app/data/coming_data/pair_02458,False,"Error: Could not find or load main class fr.inria.sacha.remining.coming.analyzer.Main
Caused by: java.lang.ClassNotFoundException: fr.inria.sacha.remining.coming.analyzer.Main
",1,
/app/data/coming_data/pair_02459,False,"Error: Could not find or load main class fr.inria.sacha.remining.coming.analyzer.Main
Caused by: java.lang.ClassNotFoundException: fr.inria.sacha.remining.coming.analyzer.Main
",1,
/app/data/coming_data/pair_02460,False,"Error: Could not find or load main class fr.inria.sacha.remining.coming.analyzer.Main
Caused by: java.lang.ClassNotFoundException: fr.inria.sacha.remining.coming.analyzer.Main
",1,
/app/data/coming_data/pair_02461,False,"Error: Could not find or load main class fr.inria.sacha.remining.coming.analyzer.Main
Caused by: java.lang.ClassNotFoundException: fr.inria.sacha.remining.coming.analyzer.Main
",1,
/app/data/coming_data/pair_02462,False,"Error: Could not find or load main class fr.inria.sacha.remining.coming.analyzer.Main
Caused by: java.lang.ClassNotFoundException: fr.inria.sacha.remining.coming.analyzer.Main
",1,
/app/data/coming_data/pair_02463,False,"Error: Could not find or load main class fr.inria.sacha.remining.coming.analyzer.Main
Caused by: java.lang.ClassNotFoundException: fr.inria.sacha.remining.coming.analyzer.Main
",1,
/app/data/coming_data/pair_02464,False,"Error: Could not find or load main class fr.inria.sacha.remining.coming.analyzer.Main
Caused by: java.lang.ClassNotFoundException: fr.inria.sacha.remining.coming.analyzer.Main
",1,
/app/data/coming_data/pair_02465,False,"Error: Could not find or load main class fr.inria.sacha.remining.coming.analyzer.Main
Caused by: java.lang.ClassNotFoundException: fr.inria.sacha.remining.coming.analyzer.Main
",1,
/app/data/coming_data/pair_02466,False,"Error: Could not find or load main class fr.inria.sacha.remining.coming.analyzer.Main
Caused by: java.lang.ClassNotFoundException: fr.inria.sacha.remining.coming.analyzer.Main
",1,
/app/data/coming_data/pair_02467,False,"Error: Could not find or load main class fr.inria.sacha.remining.coming.analyzer.Main
Caused by: java.lang.ClassNotFoundException: fr.inria.sacha.remining.coming.analyzer.Main
",1,
/app/data/coming_data/pair_02468,False,"Error: Could not find or load main class fr.inria.sacha.remining.coming.analyzer.Main
Caused by: java.lang.ClassNotFoundException: fr.inria.sacha.remining.coming.analyzer.Main
",1,
/app/data/coming_data/pair_02469,False,"Error: Could not find or load main class fr.inria.sacha.remining.coming.analyzer.Main
Caused by: java.lang.ClassNotFoundException: fr.inria.sacha.remining.coming.analyzer.Main
",1,
/app/data/coming_data/pair_02470,False,"Error: Could not find or load main class fr.inria.sacha.remining.coming.analyzer.Main
Caused by: java.lang.ClassNotFoundException: fr.inria.sacha.remining.coming.analyzer.Main
",1,
/app/data/coming_data/pair_02471,False,"Error: Could not find or load main class fr.inria.sacha.remining.coming.analyzer.Main
Caused by: java.lang.ClassNotFoundException: fr.inria.sacha.remining.coming.analyzer.Main
",1,
/app/data/coming_data/pair_02472,False,"Error: Could not find or load main class fr.inria.sacha.remining.coming.analyzer.Main
Caused by: java.lang.ClassNotFoundException: fr.inria.sacha.remining.coming.analyzer.Main
",1,
/app/data/coming_data/pair_02473,False,"Error: Could not find or load main class fr.inria.sacha.remining.coming.analyzer.Main
Caused by: java.lang.ClassNotFoundException: fr.inria.sacha.remining.coming.analyzer.Main
",1,
/app/data/coming_data/pair_02474,False,"Error: Could not find or load main class fr.inria.sacha.remining.coming.analyzer.Main
Caused by: java.lang.ClassNotFoundException: fr.inria.sacha.remining.coming.analyzer.Main
",1,
/app/data/coming_data/pair_02475,False,"Error: Could not find or load main class fr.inria.sacha.remining.coming.analyzer.Main
Caused by: java.lang.ClassNotFoundException: fr.inria.sacha.remining.coming.analyzer.Main
",1,
/app/data/coming_data/pair_02476,False,"Error: Could not find or load main class fr.inria.sacha.remining.coming.analyzer.Main
Caused by: java.lang.ClassNotFoundException: fr.inria.sacha.remining.coming.analyzer.Main
",1,
/app/data/coming_data/pair_02477,False,"Error: Could not find or load main class fr.inria.sacha.remining.coming.analyzer.Main
Caused by: java.lang.ClassNotFoundException: fr.inria.sacha.remining.coming.analyzer.Main
",1,
/app/data/coming_data/pair_02478,False,"Error: Could not find or load main class fr.inria.sacha.remining.coming.analyzer.Main
Caused by: java.lang.ClassNotFoundException: fr.inria.sacha.remining.coming.analyzer.Main
",1,
/app/data/coming_data/pair_02479,False,"Error: Could not find or load main class fr.inria.sacha.remining.coming.analyzer.Main
Caused by: java.lang.ClassNotFoundException: fr.inria.sacha.remining.coming.analyzer.Main
",1,
/app/data/coming_data/pair_02480,False,"Error: Could not find or load main class fr.inria.sacha.remining.coming.analyzer.Main
Caused by: java.lang.ClassNotFoundException: fr.inria.sacha.remining.coming.analyzer.Main
",1,
/app/data/coming_data/pair_02481,False,"Error: Could not find or load main class fr.inria.sacha.remining.coming.analyzer.Main
Caused by: java.lang.ClassNotFoundException: fr.inria.sacha.remining.coming.analyzer.Main
",1,
/app/data/coming_data/pair_02482,False,"Error: Could not find or load main class fr.inria.sacha.remining.coming.analyzer.Main
Caused by: java.lang.ClassNotFoundException: fr.inria.sacha.remining.coming.analyzer.Main
",1,
/app/data/coming_data/pair_02483,False,"Error: Could not find or load main class fr.inria.sacha.remining.coming.analyzer.Main
Caused by: java.lang.ClassNotFoundException: fr.inria.sacha.remining.coming.analyzer.Main
",1,
/app/data/coming_data/pair_02484,False,"Error: Could not find or load main class fr.inria.sacha.remining.coming.analyzer.Main
Caused by: java.lang.ClassNotFoundException: fr.inria.sacha.remining.coming.analyzer.Main
",1,
/app/data/coming_data/pair_02485,False,"Error: Could not find or load main class fr.inria.sacha.remining.coming.analyzer.Main
Caused by: java.lang.ClassNotFoundException: fr.inria.sacha.remining.coming.analyzer.Main
",1,
/app/data/coming_data/pair_02486,False,"Error: Could not find or load main class fr.inria.sacha.remining.coming.analyzer.Main
Caused by: java.lang.ClassNotFoundException: fr.inria.sacha.remining.coming.analyzer.Main
",1,
/app/data/coming_data/pair_02487,False,"Error: Could not find or load main class fr.inria.sacha.remining.coming.analyzer.Main
Caused by: java.lang.ClassNotFoundException: fr.inria.sacha.remining.coming.analyzer.Main
",1,
/app/data/coming_data/pair_02488,False,"Error: Could not find or load main class fr.inria.sacha.remining.coming.analyzer.Main
Caused by: java.lang.ClassNotFoundException: fr.inria.sacha.remining.coming.analyzer.Main
",1,
/app/data/coming_data/pair_02489,False,"Error: Could not find or load main class fr.inria.sacha.remining.coming.analyzer.Main
Caused by: java.lang.ClassNotFoundException: fr.inria.sacha.remining.coming.analyzer.Main
",1,
/app/data/coming_data/pair_02490,False,"Error: Could not find or load main class fr.inria.sacha.remining.coming.analyzer.Main
Caused by: java.lang.ClassNotFoundException: fr.inria.sacha.remining.coming.analyzer.Main
",1,
/app/data/coming_data/pair_02491,False,"Error: Could not find or load main class fr.inria.sacha.remining.coming.analyzer.Main
Caused by: java.lang.ClassNotFoundException: fr.inria.sacha.remining.coming.analyzer.Main
",1,
/app/data/coming_data/pair_02492,False,"Error: Could not find or load main class fr.inria.sacha.remining.coming.analyzer.Main
Caused by: java.lang.ClassNotFoundException: fr.inria.sacha.remining.coming.analyzer.Main
",1,
/app/data/coming_data/pair_02493,False,"Error: Could not find or load main class fr.inria.sacha.remining.coming.analyzer.Main
Caused by: java.lang.ClassNotFoundException: fr.inria.sacha.remining.coming.analyzer.Main
",1,
/app/data/coming_data/pair_02494,False,"Error: Could not find or load main class fr.inria.sacha.remining.coming.analyzer.Main
Caused by: java.lang.ClassNotFoundException: fr.inria.sacha.remining.coming.analyzer.Main
",1,
/app/data/coming_data/pair_02495,False,"Error: Could not find or load main class fr.inria.sacha.remining.coming.analyzer.Main
Caused by: java.lang.ClassNotFoundException: fr.inria.sacha.remining.coming.analyzer.Main
",1,
/app/data/coming_data/pair_02496,False,"Error: Could not find or load main class fr.inria.sacha.remining.coming.analyzer.Main
Caused by: java.lang.ClassNotFoundException: fr.inria.sacha.remining.coming.analyzer.Main
",1,
/app/data/coming_data/pair_02497,False,"Error: Could not find or load main class fr.inria.sacha.remining.coming.analyzer.Main
Caused by: java.lang.ClassNotFoundException: fr.inria.sacha.remining.coming.analyzer.Main
",1,
/app/data/coming_data/pair_02498,False,"Error: Could not find or load main class fr.inria.sacha.remining.coming.analyzer.Main
Caused by: java.lang.ClassNotFoundException: fr.inria.sacha.remining.coming.analyzer.Main
",1,
/app/data/coming_data/pair_02499,False,"Error: Could not find or load main class fr.inria.sacha.remining.coming.analyzer.Main
Caused by: java.lang.ClassNotFoundException: fr.inria.sacha.remining.coming.analyzer.Main
",1,
/app/data/coming_data/pair_02500,False,"Error: Could not find or load main class fr.inria.sacha.remining.coming.analyzer.Main
Caused by: java.lang.ClassNotFoundException: fr.inria.sacha.remining.coming.analyzer.Main
",1,
/app/data/coming_data/pair_02501,False,"Error: Could not find or load main class fr.inria.sacha.remining.coming.analyzer.Main
Caused by: java.lang.ClassNotFoundException: fr.inria.sacha.remining.coming.analyzer.Main
",1,
/app/data/coming_data/pair_02502,False,"Error: Could not find or load main class fr.inria.sacha.remining.coming.analyzer.Main
Caused by: java.lang.ClassNotFoundException: fr.inria.sacha.remining.coming.analyzer.Main
",1,
/app/data/coming_data/pair_02503,False,"Error: Could not find or load main class fr.inria.sacha.remining.coming.analyzer.Main
Caused by: java.lang.ClassNotFoundException: fr.inria.sacha.remining.coming.analyzer.Main
",1,
/app/data/coming_data/pair_02504,False,"Error: Could not find or load main class fr.inria.sacha.remining.coming.analyzer.Main
Caused by: java.lang.ClassNotFoundException: fr.inria.sacha.remining.coming.analyzer.Main
",1,
/app/data/coming_data/pair_02505,False,"Error: Could not find or load main class fr.inria.sacha.remining.coming.analyzer.Main
Caused by: java.lang.ClassNotFoundException: fr.inria.sacha.remining.coming.analyzer.Main
",1,
/app/data/coming_data/pair_02506,False,"Error: Could not find or load main class fr.inria.sacha.remining.coming.analyzer.Main
Caused by: java.lang.ClassNotFoundException: fr.inria.sacha.remining.coming.analyzer.Main
",1,
/app/data/coming_data/pair_02507,False,"Error: Could not find or load main class fr.inria.sacha.remining.coming.analyzer.Main
Caused by: java.lang.ClassNotFoundException: fr.inria.sacha.remining.coming.analyzer.Main
",1,
/app/data/coming_data/pair_02508,False,"Error: Could not find or load main class fr.inria.sacha.remining.coming.analyzer.Main
Caused by: java.lang.ClassNotFoundException: fr.inria.sacha.remining.coming.analyzer.Main
",1,
/app/data/coming_data/pair_02509,False,"Error: Could not find or load main class fr.inria.sacha.remining.coming.analyzer.Main
Caused by: java.lang.ClassNotFoundException: fr.inria.sacha.remining.coming.analyzer.Main
",1,
/app/data/coming_data/pair_02510,False,"Error: Could not find or load main class fr.inria.sacha.remining.coming.analyzer.Main
Caused by: java.lang.ClassNotFoundException: fr.inria.sacha.remining.coming.analyzer.Main
",1,
/app/data/coming_data/pair_02511,False,"Error: Could not find or load main class fr.inria.sacha.remining.coming.analyzer.Main
Caused by: java.lang.ClassNotFoundException: fr.inria.sacha.remining.coming.analyzer.Main
",1,
/app/data/coming_data/pair_02512,False,"Error: Could not find or load main class fr.inria.sacha.remining.coming.analyzer.Main
Caused by: java.lang.ClassNotFoundException: fr.inria.sacha.remining.coming.analyzer.Main
",1,
/app/data/coming_data/pair_02513,False,"Error: Could not find or load main class fr.inria.sacha.remining.coming.analyzer.Main
Caused by: java.lang.ClassNotFoundException: fr.inria.sacha.remining.coming.analyzer.Main
",1,
/app/data/coming_data/pair_02514,False,"Error: Could not find or load main class fr.inria.sacha.remining.coming.analyzer.Main
Caused by: java.lang.ClassNotFoundException: fr.inria.sacha.remining.coming.analyzer.Main
",1,
/app/data/coming_data/pair_02515,False,"Error: Could not find or load main class fr.inria.sacha.remining.coming.analyzer.Main
Caused by: java.lang.ClassNotFoundException: fr.inria.sacha.remining.coming.analyzer.Main
",1,
/app/data/coming_data/pair_02516,False,"Error: Could not find or load main class fr.inria.sacha.remining.coming.analyzer.Main
Caused by: java.lang.ClassNotFoundException: fr.inria.sacha.remining.coming.analyzer.Main
",1,
/app/data/coming_data/pair_02517,False,"Error: Could not find or load main class fr.inria.sacha.remining.coming.analyzer.Main
Caused by: java.lang.ClassNotFoundException: fr.inria.sacha.remining.coming.analyzer.Main
",1,
/app/data/coming_data/pair_02518,False,"Error: Could not find or load main class fr.inria.sacha.remining.coming.analyzer.Main
Caused by: java.lang.ClassNotFoundException: fr.inria.sacha.remining.coming.analyzer.Main
",1,
/app/data/coming_data/pair_02519,False,"Error: Could not find or load main class fr.inria.sacha.remining.coming.analyzer.Main
Caused by: java.lang.ClassNotFoundException: fr.inria.sacha.remining.coming.analyzer.Main
",1,
/app/data/coming_data/pair_02520,False,"Error: Could not find or load main class fr.inria.sacha.remining.coming.analyzer.Main
Caused by: java.lang.ClassNotFoundException: fr.inria.sacha.remining.coming.analyzer.Main
",1,
/app/data/coming_data/pair_02521,False,"Error: Could not find or load main class fr.inria.sacha.remining.coming.analyzer.Main
Caused by: java.lang.ClassNotFoundException: fr.inria.sacha.remining.coming.analyzer.Main
",1,
/app/data/coming_data/pair_02522,False,"Error: Could not find or load main class fr.inria.sacha.remining.coming.analyzer.Main
Caused by: java.lang.ClassNotFoundException: fr.inria.sacha.remining.coming.analyzer.Main
",1,
/app/data/coming_data/pair_02523,False,"Error: Could not find or load main class fr.inria.sacha.remining.coming.analyzer.Main
Caused by: java.lang.ClassNotFoundException: fr.inria.sacha.remining.coming.analyzer.Main
",1,
/app/data/coming_data/pair_02524,False,"Error: Could not find or load main class fr.inria.sacha.remining.coming.analyzer.Main
Caused by: java.lang.ClassNotFoundException: fr.inria.sacha.remining.coming.analyzer.Main
",1,
/app/data/coming_data/pair_02525,False,"Error: Could not find or load main class fr.inria.sacha.remining.coming.analyzer.Main
Caused by: java.lang.ClassNotFoundException: fr.inria.sacha.remining.coming.analyzer.Main
",1,
/app/data/coming_data/pair_02526,False,"Error: Could not find or load main class fr.inria.sacha.remining.coming.analyzer.Main
Caused by: java.lang.ClassNotFoundException: fr.inria.sacha.remining.coming.analyzer.Main
",1,
/app/data/coming_data/pair_02527,False,"Error: Could not find or load main class fr.inria.sacha.remining.coming.analyzer.Main
Caused by: java.lang.ClassNotFoundException: fr.inria.sacha.remining.coming.analyzer.Main
",1,
/app/data/coming_data/pair_02528,False,"Error: Could not find or load main class fr.inria.sacha.remining.coming.analyzer.Main
Caused by: java.lang.ClassNotFoundException: fr.inria.sacha.remining.coming.analyzer.Main
",1,
/app/data/coming_data/pair_02529,False,"Error: Could not find or load main class fr.inria.sacha.remining.coming.analyzer.Main
Caused by: java.lang.ClassNotFoundException: fr.inria.sacha.remining.coming.analyzer.Main
",1,
/app/data/coming_data/pair_02530,False,"Error: Could not find or load main class fr.inria.sacha.remining.coming.analyzer.Main
Caused by: java.lang.ClassNotFoundException: fr.inria.sacha.remining.coming.analyzer.Main
",1,
/app/data/coming_data/pair_02531,False,"Error: Could not find or load main class fr.inria.sacha.remining.coming.analyzer.Main
Caused by: java.lang.ClassNotFoundException: fr.inria.sacha.remining.coming.analyzer.Main
",1,
/app/data/coming_data/pair_02532,False,"Error: Could not find or load main class fr.inria.sacha.remining.coming.analyzer.Main
Caused by: java.lang.ClassNotFoundException: fr.inria.sacha.remining.coming.analyzer.Main
",1,
/app/data/coming_data/pair_02533,False,"Error: Could not find or load main class fr.inria.sacha.remining.coming.analyzer.Main
Caused by: java.lang.ClassNotFoundException: fr.inria.sacha.remining.coming.analyzer.Main
",1,
/app/data/coming_data/pair_02534,False,"Error: Could not find or load main class fr.inria.sacha.remining.coming.analyzer.Main
Caused by: java.lang.ClassNotFoundException: fr.inria.sacha.remining.coming.analyzer.Main
",1,
/app/data/coming_data/pair_02535,False,"Error: Could not find or load main class fr.inria.sacha.remining.coming.analyzer.Main
Caused by: java.lang.ClassNotFoundException: fr.inria.sacha.remining.coming.analyzer.Main
",1,
/app/data/coming_data/pair_02536,False,"Error: Could not find or load main class fr.inria.sacha.remining.coming.analyzer.Main
Caused by: java.lang.ClassNotFoundException: fr.inria.sacha.remining.coming.analyzer.Main
",1,
/app/data/coming_data/pair_02537,False,"Error: Could not find or load main class fr.inria.sacha.remining.coming.analyzer.Main
Caused by: java.lang.ClassNotFoundException: fr.inria.sacha.remining.coming.analyzer.Main
",1,
/app/data/coming_data/pair_02538,False,"Error: Could not find or load main class fr.inria.sacha.remining.coming.analyzer.Main
Caused by: java.lang.ClassNotFoundException: fr.inria.sacha.remining.coming.analyzer.Main
",1,
/app/data/coming_data/pair_02539,False,"Error: Could not find or load main class fr.inria.sacha.remining.coming.analyzer.Main
Caused by: java.lang.ClassNotFoundException: fr.inria.sacha.remining.coming.analyzer.Main
",1,
/app/data/coming_data/pair_02540,False,"Error: Could not find or load main class fr.inria.sacha.remining.coming.analyzer.Main
Caused by: java.lang.ClassNotFoundException: fr.inria.sacha.remining.coming.analyzer.Main
",1,
/app/data/coming_data/pair_02541,False,"Error: Could not find or load main class fr.inria.sacha.remining.coming.analyzer.Main
Caused by: java.lang.ClassNotFoundException: fr.inria.sacha.remining.coming.analyzer.Main
",1,
/app/data/coming_data/pair_02542,False,"Error: Could not find or load main class fr.inria.sacha.remining.coming.analyzer.Main
Caused by: java.lang.ClassNotFoundException: fr.inria.sacha.remining.coming.analyzer.Main
",1,
/app/data/coming_data/pair_02543,False,"Error: Could not find or load main class fr.inria.sacha.remining.coming.analyzer.Main
Caused by: java.lang.ClassNotFoundException: fr.inria.sacha.remining.coming.analyzer.Main
",1,
/app/data/coming_data/pair_02544,False,"Error: Could not find or load main class fr.inria.sacha.remining.coming.analyzer.Main
Caused by: java.lang.ClassNotFoundException: fr.inria.sacha.remining.coming.analyzer.Main
",1,
/app/data/coming_data/pair_02545,False,"Error: Could not find or load main class fr.inria.sacha.remining.coming.analyzer.Main
Caused by: java.lang.ClassNotFoundException: fr.inria.sacha.remining.coming.analyzer.Main
",1,
/app/data/coming_data/pair_02546,False,"Error: Could not find or load main class fr.inria.sacha.remining.coming.analyzer.Main
Caused by: java.lang.ClassNotFoundException: fr.inria.sacha.remining.coming.analyzer.Main
",1,
/app/data/coming_data/pair_02547,False,"Error: Could not find or load main class fr.inria.sacha.remining.coming.analyzer.Main
Caused by: java.lang.ClassNotFoundException: fr.inria.sacha.remining.coming.analyzer.Main
",1,
/app/data/coming_data/pair_02548,False,"Error: Could not find or load main class fr.inria.sacha.remining.coming.analyzer.Main
Caused by: java.lang.ClassNotFoundException: fr.inria.sacha.remining.coming.analyzer.Main
",1,
/app/data/coming_data/pair_02549,False,"Error: Could not find or load main class fr.inria.sacha.remining.coming.analyzer.Main
Caused by: java.lang.ClassNotFoundException: fr.inria.sacha.remining.coming.analyzer.Main
",1,
/app/data/coming_data/pair_02550,False,"Error: Could not find or load main class fr.inria.sacha.remining.coming.analyzer.Main
Caused by: java.lang.ClassNotFoundException: fr.inria.sacha.remining.coming.analyzer.Main
",1,
/app/data/coming_data/pair_02551,False,"Error: Could not find or load main class fr.inria.sacha.remining.coming.analyzer.Main
Caused by: java.lang.ClassNotFoundException: fr.inria.sacha.remining.coming.analyzer.Main
",1,
/app/data/coming_data/pair_02552,False,"Error: Could not find or load main class fr.inria.sacha.remining.coming.analyzer.Main
Caused by: java.lang.ClassNotFoundException: fr.inria.sacha.remining.coming.analyzer.Main
",1,
/app/data/coming_data/pair_02553,False,"Error: Could not find or load main class fr.inria.sacha.remining.coming.analyzer.Main
Caused by: java.lang.ClassNotFoundException: fr.inria.sacha.remining.coming.analyzer.Main
",1,
/app/data/coming_data/pair_02554,False,"Error: Could not find or load main class fr.inria.sacha.remining.coming.analyzer.Main
Caused by: java.lang.ClassNotFoundException: fr.inria.sacha.remining.coming.analyzer.Main
",1,
/app/data/coming_data/pair_02555,False,"Error: Could not find or load main class fr.inria.sacha.remining.coming.analyzer.Main
Caused by: java.lang.ClassNotFoundException: fr.inria.sacha.remining.coming.analyzer.Main
",1,
/app/data/coming_data/pair_02556,False,"Error: Could not find or load main class fr.inria.sacha.remining.coming.analyzer.Main
Caused by: java.lang.ClassNotFoundException: fr.inria.sacha.remining.coming.analyzer.Main
",1,
/app/data/coming_data/pair_02557,False,"Error: Could not find or load main class fr.inria.sacha.remining.coming.analyzer.Main
Caused by: java.lang.ClassNotFoundException: fr.inria.sacha.remining.coming.analyzer.Main
",1,
/app/data/coming_data/pair_02558,False,"Error: Could not find or load main class fr.inria.sacha.remining.coming.analyzer.Main
Caused by: java.lang.ClassNotFoundException: fr.inria.sacha.remining.coming.analyzer.Main
",1,
/app/data/coming_data/pair_02559,False,"Error: Could not find or load main class fr.inria.sacha.remining.coming.analyzer.Main
Caused by: java.lang.ClassNotFoundException: fr.inria.sacha.remining.coming.analyzer.Main
",1,
/app/data/coming_data/pair_02560,False,"Error: Could not find or load main class fr.inria.sacha.remining.coming.analyzer.Main
Caused by: java.lang.ClassNotFoundException: fr.inria.sacha.remining.coming.analyzer.Main
",1,
/app/data/coming_data/pair_02561,False,"Error: Could not find or load main class fr.inria.sacha.remining.coming.analyzer.Main
Caused by: java.lang.ClassNotFoundException: fr.inria.sacha.remining.coming.analyzer.Main
",1,
/app/data/coming_data/pair_02562,False,"Error: Could not find or load main class fr.inria.sacha.remining.coming.analyzer.Main
Caused by: java.lang.ClassNotFoundException: fr.inria.sacha.remining.coming.analyzer.Main
",1,
/app/data/coming_data/pair_02563,False,"Error: Could not find or load main class fr.inria.sacha.remining.coming.analyzer.Main
Caused by: java.lang.ClassNotFoundException: fr.inria.sacha.remining.coming.analyzer.Main
",1,
/app/data/coming_data/pair_02564,False,"Error: Could not find or load main class fr.inria.sacha.remining.coming.analyzer.Main
Caused by: java.lang.ClassNotFoundException: fr.inria.sacha.remining.coming.analyzer.Main
",1,
/app/data/coming_data/pair_02565,False,"Error: Could not find or load main class fr.inria.sacha.remining.coming.analyzer.Main
Caused by: java.lang.ClassNotFoundException: fr.inria.sacha.remining.coming.analyzer.Main
",1,
/app/data/coming_data/pair_02566,False,"Error: Could not find or load main class fr.inria.sacha.remining.coming.analyzer.Main
Caused by: java.lang.ClassNotFoundException: fr.inria.sacha.remining.coming.analyzer.Main
",1,
/app/data/coming_data/pair_02567,False,"Error: Could not find or load main class fr.inria.sacha.remining.coming.analyzer.Main
Caused by: java.lang.ClassNotFoundException: fr.inria.sacha.remining.coming.analyzer.Main
",1,
/app/data/coming_data/pair_02568,False,"Error: Could not find or load main class fr.inria.sacha.remining.coming.analyzer.Main
Caused by: java.lang.ClassNotFoundException: fr.inria.sacha.remining.coming.analyzer.Main
",1,
/app/data/coming_data/pair_02569,False,"Error: Could not find or load main class fr.inria.sacha.remining.coming.analyzer.Main
Caused by: java.lang.ClassNotFoundException: fr.inria.sacha.remining.coming.analyzer.Main
",1,
/app/data/coming_data/pair_02570,False,"Error: Could not find or load main class fr.inria.sacha.remining.coming.analyzer.Main
Caused by: java.lang.ClassNotFoundException: fr.inria.sacha.remining.coming.analyzer.Main
",1,
/app/data/coming_data/pair_02571,False,"Error: Could not find or load main class fr.inria.sacha.remining.coming.analyzer.Main
Caused by: java.lang.ClassNotFoundException: fr.inria.sacha.remining.coming.analyzer.Main
",1,
/app/data/coming_data/pair_02572,False,"Error: Could not find or load main class fr.inria.sacha.remining.coming.analyzer.Main
Caused by: java.lang.ClassNotFoundException: fr.inria.sacha.remining.coming.analyzer.Main
",1,
/app/data/coming_data/pair_02573,False,"Error: Could not find or load main class fr.inria.sacha.remining.coming.analyzer.Main
Caused by: java.lang.ClassNotFoundException: fr.inria.sacha.remining.coming.analyzer.Main
",1,
/app/data/coming_data/pair_02574,False,"Error: Could not find or load main class fr.inria.sacha.remining.coming.analyzer.Main
Caused by: java.lang.ClassNotFoundException: fr.inria.sacha.remining.coming.analyzer.Main
",1,
/app/data/coming_data/pair_02575,False,"Error: Could not find or load main class fr.inria.sacha.remining.coming.analyzer.Main
Caused by: java.lang.ClassNotFoundException: fr.inria.sacha.remining.coming.analyzer.Main
",1,
/app/data/coming_data/pair_02576,False,"Error: Could not find or load main class fr.inria.sacha.remining.coming.analyzer.Main
Caused by: java.lang.ClassNotFoundException: fr.inria.sacha.remining.coming.analyzer.Main
",1,
/app/data/coming_data/pair_02577,False,"Error: Could not find or load main class fr.inria.sacha.remining.coming.analyzer.Main
Caused by: java.lang.ClassNotFoundException: fr.inria.sacha.remining.coming.analyzer.Main
",1,
/app/data/coming_data/pair_02578,False,"Error: Could not find or load main class fr.inria.sacha.remining.coming.analyzer.Main
Caused by: java.lang.ClassNotFoundException: fr.inria.sacha.remining.coming.analyzer.Main
",1,
/app/data/coming_data/pair_02579,False,"Error: Could not find or load main class fr.inria.sacha.remining.coming.analyzer.Main
Caused by: java.lang.ClassNotFoundException: fr.inria.sacha.remining.coming.analyzer.Main
",1,
/app/data/coming_data/pair_02580,False,"Error: Could not find or load main class fr.inria.sacha.remining.coming.analyzer.Main
Caused by: java.lang.ClassNotFoundException: fr.inria.sacha.remining.coming.analyzer.Main
",1,
/app/data/coming_data/pair_02581,False,"Error: Could not find or load main class fr.inria.sacha.remining.coming.analyzer.Main
Caused by: java.lang.ClassNotFoundException: fr.inria.sacha.remining.coming.analyzer.Main
",1,
/app/data/coming_data/pair_02582,False,"Error: Could not find or load main class fr.inria.sacha.remining.coming.analyzer.Main
Caused by: java.lang.ClassNotFoundException: fr.inria.sacha.remining.coming.analyzer.Main
",1,
/app/data/coming_data/pair_02583,False,"Error: Could not find or load main class fr.inria.sacha.remining.coming.analyzer.Main
Caused by: java.lang.ClassNotFoundException: fr.inria.sacha.remining.coming.analyzer.Main
",1,
/app/data/coming_data/pair_02584,False,"Error: Could not find or load main class fr.inria.sacha.remining.coming.analyzer.Main
Caused by: java.lang.ClassNotFoundException: fr.inria.sacha.remining.coming.analyzer.Main
",1,
/app/data/coming_data/pair_02585,False,"Error: Could not find or load main class fr.inria.sacha.remining.coming.analyzer.Main
Caused by: java.lang.ClassNotFoundException: fr.inria.sacha.remining.coming.analyzer.Main
",1,
/app/data/coming_data/pair_02586,False,"Error: Could not find or load main class fr.inria.sacha.remining.coming.analyzer.Main
Caused by: java.lang.ClassNotFoundException: fr.inria.sacha.remining.coming.analyzer.Main
",1,
/app/data/coming_data/pair_02587,False,"Error: Could not find or load main class fr.inria.sacha.remining.coming.analyzer.Main
Caused by: java.lang.ClassNotFoundException: fr.inria.sacha.remining.coming.analyzer.Main
",1,
/app/data/coming_data/pair_02588,False,"Error: Could not find or load main class fr.inria.sacha.remining.coming.analyzer.Main
Caused by: java.lang.ClassNotFoundException: fr.inria.sacha.remining.coming.analyzer.Main
",1,
/app/data/coming_data/pair_02589,False,"Error: Could not find or load main class fr.inria.sacha.remining.coming.analyzer.Main
Caused by: java.lang.ClassNotFoundException: fr.inria.sacha.remining.coming.analyzer.Main
",1,
/app/data/coming_data/pair_02590,False,"Error: Could not find or load main class fr.inria.sacha.remining.coming.analyzer.Main
Caused by: java.lang.ClassNotFoundException: fr.inria.sacha.remining.coming.analyzer.Main
",1,
/app/data/coming_data/pair_02591,False,"Error: Could not find or load main class fr.inria.sacha.remining.coming.analyzer.Main
Caused by: java.lang.ClassNotFoundException: fr.inria.sacha.remining.coming.analyzer.Main
",1,
/app/data/coming_data/pair_02592,False,"Error: Could not find or load main class fr.inria.sacha.remining.coming.analyzer.Main
Caused by: java.lang.ClassNotFoundException: fr.inria.sacha.remining.coming.analyzer.Main
",1,
/app/data/coming_data/pair_02593,False,"Error: Could not find or load main class fr.inria.sacha.remining.coming.analyzer.Main
Caused by: java.lang.ClassNotFoundException: fr.inria.sacha.remining.coming.analyzer.Main
",1,
/app/data/coming_data/pair_02594,False,"Error: Could not find or load main class fr.inria.sacha.remining.coming.analyzer.Main
Caused by: java.lang.ClassNotFoundException: fr.inria.sacha.remining.coming.analyzer.Main
",1,
/app/data/coming_data/pair_02595,False,"Error: Could not find or load main class fr.inria.sacha.remining.coming.analyzer.Main
Caused by: java.lang.ClassNotFoundException: fr.inria.sacha.remining.coming.analyzer.Main
",1,
/app/data/coming_data/pair_02596,False,"Error: Could not find or load main class fr.inria.sacha.remining.coming.analyzer.Main
Caused by: java.lang.ClassNotFoundException: fr.inria.sacha.remining.coming.analyzer.Main
",1,
/app/data/coming_data/pair_02597,False,"Error: Could not find or load main class fr.inria.sacha.remining.coming.analyzer.Main
Caused by: java.lang.ClassNotFoundException: fr.inria.sacha.remining.coming.analyzer.Main
",1,
/app/data/coming_data/pair_02598,False,"Error: Could not find or load main class fr.inria.sacha.remining.coming.analyzer.Main
Caused by: java.lang.ClassNotFoundException: fr.inria.sacha.remining.coming.analyzer.Main
",1,
/app/data/coming_data/pair_02599,False,"Error: Could not find or load main class fr.inria.sacha.remining.coming.analyzer.Main
Caused by: java.lang.ClassNotFoundException: fr.inria.sacha.remining.coming.analyzer.Main
",1,
/app/data/coming_data/pair_02600,False,"Error: Could not find or load main class fr.inria.sacha.remining.coming.analyzer.Main
Caused by: java.lang.ClassNotFoundException: fr.inria.sacha.remining.coming.analyzer.Main
",1,
/app/data/coming_data/pair_02601,False,"Error: Could not find or load main class fr.inria.sacha.remining.coming.analyzer.Main
Caused by: java.lang.ClassNotFoundException: fr.inria.sacha.remining.coming.analyzer.Main
",1,
/app/data/coming_data/pair_02602,False,"Error: Could not find or load main class fr.inria.sacha.remining.coming.analyzer.Main
Caused by: java.lang.ClassNotFoundException: fr.inria.sacha.remining.coming.analyzer.Main
",1,
/app/data/coming_data/pair_02603,False,"Error: Could not find or load main class fr.inria.sacha.remining.coming.analyzer.Main
Caused by: java.lang.ClassNotFoundException: fr.inria.sacha.remining.coming.analyzer.Main
",1,
/app/data/coming_data/pair_02604,False,"Error: Could not find or load main class fr.inria.sacha.remining.coming.analyzer.Main
Caused by: java.lang.ClassNotFoundException: fr.inria.sacha.remining.coming.analyzer.Main
",1,
/app/data/coming_data/pair_02605,False,"Error: Could not find or load main class fr.inria.sacha.remining.coming.analyzer.Main
Caused by: java.lang.ClassNotFoundException: fr.inria.sacha.remining.coming.analyzer.Main
",1,
/app/data/coming_data/pair_02606,False,"Error: Could not find or load main class fr.inria.sacha.remining.coming.analyzer.Main
Caused by: java.lang.ClassNotFoundException: fr.inria.sacha.remining.coming.analyzer.Main
",1,
/app/data/coming_data/pair_02607,False,"Error: Could not find or load main class fr.inria.sacha.remining.coming.analyzer.Main
Caused by: java.lang.ClassNotFoundException: fr.inria.sacha.remining.coming.analyzer.Main
",1,
/app/data/coming_data/pair_02608,False,"Error: Could not find or load main class fr.inria.sacha.remining.coming.analyzer.Main
Caused by: java.lang.ClassNotFoundException: fr.inria.sacha.remining.coming.analyzer.Main
",1,
/app/data/coming_data/pair_02609,False,"Error: Could not find or load main class fr.inria.sacha.remining.coming.analyzer.Main
Caused by: java.lang.ClassNotFoundException: fr.inria.sacha.remining.coming.analyzer.Main
",1,
/app/data/coming_data/pair_02610,False,"Error: Could not find or load main class fr.inria.sacha.remining.coming.analyzer.Main
Caused by: java.lang.ClassNotFoundException: fr.inria.sacha.remining.coming.analyzer.Main
",1,
/app/data/coming_data/pair_02611,False,"Error: Could not find or load main class fr.inria.sacha.remining.coming.analyzer.Main
Caused by: java.lang.ClassNotFoundException: fr.inria.sacha.remining.coming.analyzer.Main
",1,
/app/data/coming_data/pair_02612,False,"Error: Could not find or load main class fr.inria.sacha.remining.coming.analyzer.Main
Caused by: java.lang.ClassNotFoundException: fr.inria.sacha.remining.coming.analyzer.Main
",1,
/app/data/coming_data/pair_02613,False,"Error: Could not find or load main class fr.inria.sacha.remining.coming.analyzer.Main
Caused by: java.lang.ClassNotFoundException: fr.inria.sacha.remining.coming.analyzer.Main
",1,
/app/data/coming_data/pair_02614,False,"Error: Could not find or load main class fr.inria.sacha.remining.coming.analyzer.Main
Caused by: java.lang.ClassNotFoundException: fr.inria.sacha.remining.coming.analyzer.Main
",1,
/app/data/coming_data/pair_02615,False,"Error: Could not find or load main class fr.inria.sacha.remining.coming.analyzer.Main
Caused by: java.lang.ClassNotFoundException: fr.inria.sacha.remining.coming.analyzer.Main
",1,
/app/data/coming_data/pair_02616,False,"Error: Could not find or load main class fr.inria.sacha.remining.coming.analyzer.Main
Caused by: java.lang.ClassNotFoundException: fr.inria.sacha.remining.coming.analyzer.Main
",1,
/app/data/coming_data/pair_02617,False,"Error: Could not find or load main class fr.inria.sacha.remining.coming.analyzer.Main
Caused by: java.lang.ClassNotFoundException: fr.inria.sacha.remining.coming.analyzer.Main
",1,
/app/data/coming_data/pair_02618,False,"Error: Could not find or load main class fr.inria.sacha.remining.coming.analyzer.Main
Caused by: java.lang.ClassNotFoundException: fr.inria.sacha.remining.coming.analyzer.Main
",1,
/app/data/coming_data/pair_02619,False,"Error: Could not find or load main class fr.inria.sacha.remining.coming.analyzer.Main
Caused by: java.lang.ClassNotFoundException: fr.inria.sacha.remining.coming.analyzer.Main
",1,
/app/data/coming_data/pair_02620,False,"Error: Could not find or load main class fr.inria.sacha.remining.coming.analyzer.Main
Caused by: java.lang.ClassNotFoundException: fr.inria.sacha.remining.coming.analyzer.Main
",1,
/app/data/coming_data/pair_02621,False,"Error: Could not find or load main class fr.inria.sacha.remining.coming.analyzer.Main
Caused by: java.lang.ClassNotFoundException: fr.inria.sacha.remining.coming.analyzer.Main
",1,
/app/data/coming_data/pair_02622,False,"Error: Could not find or load main class fr.inria.sacha.remining.coming.analyzer.Main
Caused by: java.lang.ClassNotFoundException: fr.inria.sacha.remining.coming.analyzer.Main
",1,
/app/data/coming_data/pair_02623,False,"Error: Could not find or load main class fr.inria.sacha.remining.coming.analyzer.Main
Caused by: java.lang.ClassNotFoundException: fr.inria.sacha.remining.coming.analyzer.Main
",1,
/app/data/coming_data/pair_02624,False,"Error: Could not find or load main class fr.inria.sacha.remining.coming.analyzer.Main
Caused by: java.lang.ClassNotFoundException: fr.inria.sacha.remining.coming.analyzer.Main
",1,
/app/data/coming_data/pair_02625,False,"Error: Could not find or load main class fr.inria.sacha.remining.coming.analyzer.Main
Caused by: java.lang.ClassNotFoundException: fr.inria.sacha.remining.coming.analyzer.Main
",1,
/app/data/coming_data/pair_02626,False,"Error: Could not find or load main class fr.inria.sacha.remining.coming.analyzer.Main
Caused by: java.lang.ClassNotFoundException: fr.inria.sacha.remining.coming.analyzer.Main
",1,
/app/data/coming_data/pair_02627,False,"Error: Could not find or load main class fr.inria.sacha.remining.coming.analyzer.Main
Caused by: java.lang.ClassNotFoundException: fr.inria.sacha.remining.coming.analyzer.Main
",1,
/app/data/coming_data/pair_02628,False,"Error: Could not find or load main class fr.inria.sacha.remining.coming.analyzer.Main
Caused by: java.lang.ClassNotFoundException: fr.inria.sacha.remining.coming.analyzer.Main
",1,
/app/data/coming_data/pair_02629,False,"Error: Could not find or load main class fr.inria.sacha.remining.coming.analyzer.Main
Caused by: java.lang.ClassNotFoundException: fr.inria.sacha.remining.coming.analyzer.Main
",1,
/app/data/coming_data/pair_02630,False,"Error: Could not find or load main class fr.inria.sacha.remining.coming.analyzer.Main
Caused by: java.lang.ClassNotFoundException: fr.inria.sacha.remining.coming.analyzer.Main
",1,
/app/data/coming_data/pair_02631,False,"Error: Could not find or load main class fr.inria.sacha.remining.coming.analyzer.Main
Caused by: java.lang.ClassNotFoundException: fr.inria.sacha.remining.coming.analyzer.Main
",1,
/app/data/coming_data/pair_02632,False,"Error: Could not find or load main class fr.inria.sacha.remining.coming.analyzer.Main
Caused by: java.lang.ClassNotFoundException: fr.inria.sacha.remining.coming.analyzer.Main
",1,
/app/data/coming_data/pair_02633,False,"Error: Could not find or load main class fr.inria.sacha.remining.coming.analyzer.Main
Caused by: java.lang.ClassNotFoundException: fr.inria.sacha.remining.coming.analyzer.Main
",1,
/app/data/coming_data/pair_02634,False,"Error: Could not find or load main class fr.inria.sacha.remining.coming.analyzer.Main
Caused by: java.lang.ClassNotFoundException: fr.inria.sacha.remining.coming.analyzer.Main
",1,
/app/data/coming_data/pair_02635,False,"Error: Could not find or load main class fr.inria.sacha.remining.coming.analyzer.Main
Caused by: java.lang.ClassNotFoundException: fr.inria.sacha.remining.coming.analyzer.Main
",1,
/app/data/coming_data/pair_02636,False,"Error: Could not find or load main class fr.inria.sacha.remining.coming.analyzer.Main
Caused by: java.lang.ClassNotFoundException: fr.inria.sacha.remining.coming.analyzer.Main
",1,
/app/data/coming_data/pair_02637,False,"Error: Could not find or load main class fr.inria.sacha.remining.coming.analyzer.Main
Caused by: java.lang.ClassNotFoundException: fr.inria.sacha.remining.coming.analyzer.Main
",1,
/app/data/coming_data/pair_02638,False,"Error: Could not find or load main class fr.inria.sacha.remining.coming.analyzer.Main
Caused by: java.lang.ClassNotFoundException: fr.inria.sacha.remining.coming.analyzer.Main
",1,
/app/data/coming_data/pair_02639,False,"Error: Could not find or load main class fr.inria.sacha.remining.coming.analyzer.Main
Caused by: java.lang.ClassNotFoundException: fr.inria.sacha.remining.coming.analyzer.Main
",1,
/app/data/coming_data/pair_02640,False,"Error: Could not find or load main class fr.inria.sacha.remining.coming.analyzer.Main
Caused by: java.lang.ClassNotFoundException: fr.inria.sacha.remining.coming.analyzer.Main
",1,
/app/data/coming_data/pair_02641,False,"Error: Could not find or load main class fr.inria.sacha.remining.coming.analyzer.Main
Caused by: java.lang.ClassNotFoundException: fr.inria.sacha.remining.coming.analyzer.Main
",1,
/app/data/coming_data/pair_02642,False,"Error: Could not find or load main class fr.inria.sacha.remining.coming.analyzer.Main
Caused by: java.lang.ClassNotFoundException: fr.inria.sacha.remining.coming.analyzer.Main
",1,
/app/data/coming_data/pair_02643,False,"Error: Could not find or load main class fr.inria.sacha.remining.coming.analyzer.Main
Caused by: java.lang.ClassNotFoundException: fr.inria.sacha.remining.coming.analyzer.Main
",1,
/app/data/coming_data/pair_02644,False,"Error: Could not find or load main class fr.inria.sacha.remining.coming.analyzer.Main
Caused by: java.lang.ClassNotFoundException: fr.inria.sacha.remining.coming.analyzer.Main
",1,
/app/data/coming_data/pair_02645,False,"Error: Could not find or load main class fr.inria.sacha.remining.coming.analyzer.Main
Caused by: java.lang.ClassNotFoundException: fr.inria.sacha.remining.coming.analyzer.Main
",1,
/app/data/coming_data/pair_02646,False,"Error: Could not find or load main class fr.inria.sacha.remining.coming.analyzer.Main
Caused by: java.lang.ClassNotFoundException: fr.inria.sacha.remining.coming.analyzer.Main
",1,
/app/data/coming_data/pair_02647,False,"Error: Could not find or load main class fr.inria.sacha.remining.coming.analyzer.Main
Caused by: java.lang.ClassNotFoundException: fr.inria.sacha.remining.coming.analyzer.Main
",1,
/app/data/coming_data/pair_02648,False,"Error: Could not find or load main class fr.inria.sacha.remining.coming.analyzer.Main
Caused by: java.lang.ClassNotFoundException: fr.inria.sacha.remining.coming.analyzer.Main
",1,
/app/data/coming_data/pair_02649,False,"Error: Could not find or load main class fr.inria.sacha.remining.coming.analyzer.Main
Caused by: java.lang.ClassNotFoundException: fr.inria.sacha.remining.coming.analyzer.Main
",1,
/app/data/coming_data/pair_02650,False,"Error: Could not find or load main class fr.inria.sacha.remining.coming.analyzer.Main
Caused by: java.lang.ClassNotFoundException: fr.inria.sacha.remining.coming.analyzer.Main
",1,
/app/data/coming_data/pair_02651,False,"Error: Could not find or load main class fr.inria.sacha.remining.coming.analyzer.Main
Caused by: java.lang.ClassNotFoundException: fr.inria.sacha.remining.coming.analyzer.Main
",1,
/app/data/coming_data/pair_02652,False,"Error: Could not find or load main class fr.inria.sacha.remining.coming.analyzer.Main
Caused by: java.lang.ClassNotFoundException: fr.inria.sacha.remining.coming.analyzer.Main
",1,
/app/data/coming_data/pair_02653,False,"Error: Could not find or load main class fr.inria.sacha.remining.coming.analyzer.Main
Caused by: java.lang.ClassNotFoundException: fr.inria.sacha.remining.coming.analyzer.Main
",1,
/app/data/coming_data/pair_02654,False,"Error: Could not find or load main class fr.inria.sacha.remining.coming.analyzer.Main
Caused by: java.lang.ClassNotFoundException: fr.inria.sacha.remining.coming.analyzer.Main
",1,
/app/data/coming_data/pair_02655,False,"Error: Could not find or load main class fr.inria.sacha.remining.coming.analyzer.Main
Caused by: java.lang.ClassNotFoundException: fr.inria.sacha.remining.coming.analyzer.Main
",1,
/app/data/coming_data/pair_02656,False,"Error: Could not find or load main class fr.inria.sacha.remining.coming.analyzer.Main
Caused by: java.lang.ClassNotFoundException: fr.inria.sacha.remining.coming.analyzer.Main
",1,
/app/data/coming_data/pair_02657,False,"Error: Could not find or load main class fr.inria.sacha.remining.coming.analyzer.Main
Caused by: java.lang.ClassNotFoundException: fr.inria.sacha.remining.coming.analyzer.Main
",1,
/app/data/coming_data/pair_02658,False,"Error: Could not find or load main class fr.inria.sacha.remining.coming.analyzer.Main
Caused by: java.lang.ClassNotFoundException: fr.inria.sacha.remining.coming.analyzer.Main
",1,
/app/data/coming_data/pair_02659,False,"Error: Could not find or load main class fr.inria.sacha.remining.coming.analyzer.Main
Caused by: java.lang.ClassNotFoundException: fr.inria.sacha.remining.coming.analyzer.Main
",1,
/app/data/coming_data/pair_02660,False,"Error: Could not find or load main class fr.inria.sacha.remining.coming.analyzer.Main
Caused by: java.lang.ClassNotFoundException: fr.inria.sacha.remining.coming.analyzer.Main
",1,
/app/data/coming_data/pair_02661,False,"Error: Could not find or load main class fr.inria.sacha.remining.coming.analyzer.Main
Caused by: java.lang.ClassNotFoundException: fr.inria.sacha.remining.coming.analyzer.Main
",1,
/app/data/coming_data/pair_02662,False,"Error: Could not find or load main class fr.inria.sacha.remining.coming.analyzer.Main
Caused by: java.lang.ClassNotFoundException: fr.inria.sacha.remining.coming.analyzer.Main
",1,
/app/data/coming_data/pair_02663,False,"Error: Could not find or load main class fr.inria.sacha.remining.coming.analyzer.Main
Caused by: java.lang.ClassNotFoundException: fr.inria.sacha.remining.coming.analyzer.Main
",1,
/app/data/coming_data/pair_02664,False,"Error: Could not find or load main class fr.inria.sacha.remining.coming.analyzer.Main
Caused by: java.lang.ClassNotFoundException: fr.inria.sacha.remining.coming.analyzer.Main
",1,
/app/data/coming_data/pair_02665,False,"Error: Could not find or load main class fr.inria.sacha.remining.coming.analyzer.Main
Caused by: java.lang.ClassNotFoundException: fr.inria.sacha.remining.coming.analyzer.Main
",1,
/app/data/coming_data/pair_02666,False,"Error: Could not find or load main class fr.inria.sacha.remining.coming.analyzer.Main
Caused by: java.lang.ClassNotFoundException: fr.inria.sacha.remining.coming.analyzer.Main
",1,
/app/data/coming_data/pair_02667,False,"Error: Could not find or load main class fr.inria.sacha.remining.coming.analyzer.Main
Caused by: java.lang.ClassNotFoundException: fr.inria.sacha.remining.coming.analyzer.Main
",1,
/app/data/coming_data/pair_02668,False,"Error: Could not find or load main class fr.inria.sacha.remining.coming.analyzer.Main
Caused by: java.lang.ClassNotFoundException: fr.inria.sacha.remining.coming.analyzer.Main
",1,
/app/data/coming_data/pair_02669,False,"Error: Could not find or load main class fr.inria.sacha.remining.coming.analyzer.Main
Caused by: java.lang.ClassNotFoundException: fr.inria.sacha.remining.coming.analyzer.Main
",1,
/app/data/coming_data/pair_02670,False,"Error: Could not find or load main class fr.inria.sacha.remining.coming.analyzer.Main
Caused by: java.lang.ClassNotFoundException: fr.inria.sacha.remining.coming.analyzer.Main
",1,
/app/data/coming_data/pair_02671,False,"Error: Could not find or load main class fr.inria.sacha.remining.coming.analyzer.Main
Caused by: java.lang.ClassNotFoundException: fr.inria.sacha.remining.coming.analyzer.Main
",1,
/app/data/coming_data/pair_02672,False,"Error: Could not find or load main class fr.inria.sacha.remining.coming.analyzer.Main
Caused by: java.lang.ClassNotFoundException: fr.inria.sacha.remining.coming.analyzer.Main
",1,
/app/data/coming_data/pair_02673,False,"Error: Could not find or load main class fr.inria.sacha.remining.coming.analyzer.Main
Caused by: java.lang.ClassNotFoundException: fr.inria.sacha.remining.coming.analyzer.Main
",1,
/app/data/coming_data/pair_02674,False,"Error: Could not find or load main class fr.inria.sacha.remining.coming.analyzer.Main
Caused by: java.lang.ClassNotFoundException: fr.inria.sacha.remining.coming.analyzer.Main
",1,
/app/data/coming_data/pair_02675,False,"Error: Could not find or load main class fr.inria.sacha.remining.coming.analyzer.Main
Caused by: java.lang.ClassNotFoundException: fr.inria.sacha.remining.coming.analyzer.Main
",1,
/app/data/coming_data/pair_02676,False,"Error: Could not find or load main class fr.inria.sacha.remining.coming.analyzer.Main
Caused by: java.lang.ClassNotFoundException: fr.inria.sacha.remining.coming.analyzer.Main
",1,
/app/data/coming_data/pair_02677,False,"Error: Could not find or load main class fr.inria.sacha.remining.coming.analyzer.Main
Caused by: java.lang.ClassNotFoundException: fr.inria.sacha.remining.coming.analyzer.Main
",1,
/app/data/coming_data/pair_02678,False,"Error: Could not find or load main class fr.inria.sacha.remining.coming.analyzer.Main
Caused by: java.lang.ClassNotFoundException: fr.inria.sacha.remining.coming.analyzer.Main
",1,
/app/data/coming_data/pair_02679,False,"Error: Could not find or load main class fr.inria.sacha.remining.coming.analyzer.Main
Caused by: java.lang.ClassNotFoundException: fr.inria.sacha.remining.coming.analyzer.Main
",1,
/app/data/coming_data/pair_02680,False,"Error: Could not find or load main class fr.inria.sacha.remining.coming.analyzer.Main
Caused by: java.lang.ClassNotFoundException: fr.inria.sacha.remining.coming.analyzer.Main
",1,
/app/data/coming_data/pair_02681,False,"Error: Could not find or load main class fr.inria.sacha.remining.coming.analyzer.Main
Caused by: java.lang.ClassNotFoundException: fr.inria.sacha.remining.coming.analyzer.Main
",1,
/app/data/coming_data/pair_02682,False,"Error: Could not find or load main class fr.inria.sacha.remining.coming.analyzer.Main
Caused by: java.lang.ClassNotFoundException: fr.inria.sacha.remining.coming.analyzer.Main
",1,
/app/data/coming_data/pair_02683,False,"Error: Could not find or load main class fr.inria.sacha.remining.coming.analyzer.Main
Caused by: java.lang.ClassNotFoundException: fr.inria.sacha.remining.coming.analyzer.Main
",1,
/app/data/coming_data/pair_02684,False,"Error: Could not find or load main class fr.inria.sacha.remining.coming.analyzer.Main
Caused by: java.lang.ClassNotFoundException: fr.inria.sacha.remining.coming.analyzer.Main
",1,
/app/data/coming_data/pair_02685,False,"Error: Could not find or load main class fr.inria.sacha.remining.coming.analyzer.Main
Caused by: java.lang.ClassNotFoundException: fr.inria.sacha.remining.coming.analyzer.Main
",1,
/app/data/coming_data/pair_02686,False,"Error: Could not find or load main class fr.inria.sacha.remining.coming.analyzer.Main
Caused by: java.lang.ClassNotFoundException: fr.inria.sacha.remining.coming.analyzer.Main
",1,
/app/data/coming_data/pair_02687,False,"Error: Could not find or load main class fr.inria.sacha.remining.coming.analyzer.Main
Caused by: java.lang.ClassNotFoundException: fr.inria.sacha.remining.coming.analyzer.Main
",1,
/app/data/coming_data/pair_02688,False,"Error: Could not find or load main class fr.inria.sacha.remining.coming.analyzer.Main
Caused by: java.lang.ClassNotFoundException: fr.inria.sacha.remining.coming.analyzer.Main
",1,
/app/data/coming_data/pair_02689,False,"Error: Could not find or load main class fr.inria.sacha.remining.coming.analyzer.Main
Caused by: java.lang.ClassNotFoundException: fr.inria.sacha.remining.coming.analyzer.Main
",1,
/app/data/coming_data/pair_02690,False,"Error: Could not find or load main class fr.inria.sacha.remining.coming.analyzer.Main
Caused by: java.lang.ClassNotFoundException: fr.inria.sacha.remining.coming.analyzer.Main
",1,
/app/data/coming_data/pair_02691,False,"Error: Could not find or load main class fr.inria.sacha.remining.coming.analyzer.Main
Caused by: java.lang.ClassNotFoundException: fr.inria.sacha.remining.coming.analyzer.Main
",1,
/app/data/coming_data/pair_02692,False,"Error: Could not find or load main class fr.inria.sacha.remining.coming.analyzer.Main
Caused by: java.lang.ClassNotFoundException: fr.inria.sacha.remining.coming.analyzer.Main
",1,
/app/data/coming_data/pair_02693,False,"Error: Could not find or load main class fr.inria.sacha.remining.coming.analyzer.Main
Caused by: java.lang.ClassNotFoundException: fr.inria.sacha.remining.coming.analyzer.Main
",1,
/app/data/coming_data/pair_02694,False,"Error: Could not find or load main class fr.inria.sacha.remining.coming.analyzer.Main
Caused by: java.lang.ClassNotFoundException: fr.inria.sacha.remining.coming.analyzer.Main
",1,
/app/data/coming_data/pair_02695,False,"Error: Could not find or load main class fr.inria.sacha.remining.coming.analyzer.Main
Caused by: java.lang.ClassNotFoundException: fr.inria.sacha.remining.coming.analyzer.Main
",1,
/app/data/coming_data/pair_02696,False,"Error: Could not find or load main class fr.inria.sacha.remining.coming.analyzer.Main
Caused by: java.lang.ClassNotFoundException: fr.inria.sacha.remining.coming.analyzer.Main
",1,
/app/data/coming_data/pair_02697,False,"Error: Could not find or load main class fr.inria.sacha.remining.coming.analyzer.Main
Caused by: java.lang.ClassNotFoundException: fr.inria.sacha.remining.coming.analyzer.Main
",1,
/app/data/coming_data/pair_02698,False,"Error: Could not find or load main class fr.inria.sacha.remining.coming.analyzer.Main
Caused by: java.lang.ClassNotFoundException: fr.inria.sacha.remining.coming.analyzer.Main
",1,
/app/data/coming_data/pair_02699,False,"Error: Could not find or load main class fr.inria.sacha.remining.coming.analyzer.Main
Caused by: java.lang.ClassNotFoundException: fr.inria.sacha.remining.coming.analyzer.Main
",1,
/app/data/coming_data/pair_02700,False,"Error: Could not find or load main class fr.inria.sacha.remining.coming.analyzer.Main
Caused by: java.lang.ClassNotFoundException: fr.inria.sacha.remining.coming.analyzer.Main
",1,
/app/data/coming_data/pair_02701,False,"Error: Could not find or load main class fr.inria.sacha.remining.coming.analyzer.Main
Caused by: java.lang.ClassNotFoundException: fr.inria.sacha.remining.coming.analyzer.Main
",1,
/app/data/coming_data/pair_02702,False,"Error: Could not find or load main class fr.inria.sacha.remining.coming.analyzer.Main
Caused by: java.lang.ClassNotFoundException: fr.inria.sacha.remining.coming.analyzer.Main
",1,
/app/data/coming_data/pair_02703,False,"Error: Could not find or load main class fr.inria.sacha.remining.coming.analyzer.Main
Caused by: java.lang.ClassNotFoundException: fr.inria.sacha.remining.coming.analyzer.Main
",1,
/app/data/coming_data/pair_02704,False,"Error: Could not find or load main class fr.inria.sacha.remining.coming.analyzer.Main
Caused by: java.lang.ClassNotFoundException: fr.inria.sacha.remining.coming.analyzer.Main
",1,
/app/data/coming_data/pair_02705,False,"Error: Could not find or load main class fr.inria.sacha.remining.coming.analyzer.Main
Caused by: java.lang.ClassNotFoundException: fr.inria.sacha.remining.coming.analyzer.Main
",1,
/app/data/coming_data/pair_02706,False,"Error: Could not find or load main class fr.inria.sacha.remining.coming.analyzer.Main
Caused by: java.lang.ClassNotFoundException: fr.inria.sacha.remining.coming.analyzer.Main
",1,
/app/data/coming_data/pair_02707,False,"Error: Could not find or load main class fr.inria.sacha.remining.coming.analyzer.Main
Caused by: java.lang.ClassNotFoundException: fr.inria.sacha.remining.coming.analyzer.Main
",1,
/app/data/coming_data/pair_02708,False,"Error: Could not find or load main class fr.inria.sacha.remining.coming.analyzer.Main
Caused by: java.lang.ClassNotFoundException: fr.inria.sacha.remining.coming.analyzer.Main
",1,
/app/data/coming_data/pair_02709,False,"Error: Could not find or load main class fr.inria.sacha.remining.coming.analyzer.Main
Caused by: java.lang.ClassNotFoundException: fr.inria.sacha.remining.coming.analyzer.Main
",1,
/app/data/coming_data/pair_02710,False,"Error: Could not find or load main class fr.inria.sacha.remining.coming.analyzer.Main
Caused by: java.lang.ClassNotFoundException: fr.inria.sacha.remining.coming.analyzer.Main
",1,
/app/data/coming_data/pair_02711,False,"Error: Could not find or load main class fr.inria.sacha.remining.coming.analyzer.Main
Caused by: java.lang.ClassNotFoundException: fr.inria.sacha.remining.coming.analyzer.Main
",1,
/app/data/coming_data/pair_02712,False,"Error: Could not find or load main class fr.inria.sacha.remining.coming.analyzer.Main
Caused by: java.lang.ClassNotFoundException: fr.inria.sacha.remining.coming.analyzer.Main
",1,
/app/data/coming_data/pair_02713,False,"Error: Could not find or load main class fr.inria.sacha.remining.coming.analyzer.Main
Caused by: java.lang.ClassNotFoundException: fr.inria.sacha.remining.coming.analyzer.Main
",1,
/app/data/coming_data/pair_02714,False,"Error: Could not find or load main class fr.inria.sacha.remining.coming.analyzer.Main
Caused by: java.lang.ClassNotFoundException: fr.inria.sacha.remining.coming.analyzer.Main
",1,
/app/data/coming_data/pair_02715,False,"Error: Could not find or load main class fr.inria.sacha.remining.coming.analyzer.Main
Caused by: java.lang.ClassNotFoundException: fr.inria.sacha.remining.coming.analyzer.Main
",1,
/app/data/coming_data/pair_02716,False,"Error: Could not find or load main class fr.inria.sacha.remining.coming.analyzer.Main
Caused by: java.lang.ClassNotFoundException: fr.inria.sacha.remining.coming.analyzer.Main
",1,
/app/data/coming_data/pair_02717,False,"Error: Could not find or load main class fr.inria.sacha.remining.coming.analyzer.Main
Caused by: java.lang.ClassNotFoundException: fr.inria.sacha.remining.coming.analyzer.Main
",1,
/app/data/coming_data/pair_02718,False,"Error: Could not find or load main class fr.inria.sacha.remining.coming.analyzer.Main
Caused by: java.lang.ClassNotFoundException: fr.inria.sacha.remining.coming.analyzer.Main
",1,
/app/data/coming_data/pair_02719,False,"Error: Could not find or load main class fr.inria.sacha.remining.coming.analyzer.Main
Caused by: java.lang.ClassNotFoundException: fr.inria.sacha.remining.coming.analyzer.Main
",1,
/app/data/coming_data/pair_02720,False,"Error: Could not find or load main class fr.inria.sacha.remining.coming.analyzer.Main
Caused by: java.lang.ClassNotFoundException: fr.inria.sacha.remining.coming.analyzer.Main
",1,
/app/data/coming_data/pair_02721,False,"Error: Could not find or load main class fr.inria.sacha.remining.coming.analyzer.Main
Caused by: java.lang.ClassNotFoundException: fr.inria.sacha.remining.coming.analyzer.Main
",1,
/app/data/coming_data/pair_02722,False,"Error: Could not find or load main class fr.inria.sacha.remining.coming.analyzer.Main
Caused by: java.lang.ClassNotFoundException: fr.inria.sacha.remining.coming.analyzer.Main
",1,
/app/data/coming_data/pair_02723,False,"Error: Could not find or load main class fr.inria.sacha.remining.coming.analyzer.Main
Caused by: java.lang.ClassNotFoundException: fr.inria.sacha.remining.coming.analyzer.Main
",1,
/app/data/coming_data/pair_02724,False,"Error: Could not find or load main class fr.inria.sacha.remining.coming.analyzer.Main
Caused by: java.lang.ClassNotFoundException: fr.inria.sacha.remining.coming.analyzer.Main
",1,
/app/data/coming_data/pair_02725,False,"Error: Could not find or load main class fr.inria.sacha.remining.coming.analyzer.Main
Caused by: java.lang.ClassNotFoundException: fr.inria.sacha.remining.coming.analyzer.Main
",1,
/app/data/coming_data/pair_02726,False,"Error: Could not find or load main class fr.inria.sacha.remining.coming.analyzer.Main
Caused by: java.lang.ClassNotFoundException: fr.inria.sacha.remining.coming.analyzer.Main
",1,
/app/data/coming_data/pair_02727,False,"Error: Could not find or load main class fr.inria.sacha.remining.coming.analyzer.Main
Caused by: java.lang.ClassNotFoundException: fr.inria.sacha.remining.coming.analyzer.Main
",1,
/app/data/coming_data/pair_02728,False,"Error: Could not find or load main class fr.inria.sacha.remining.coming.analyzer.Main
Caused by: java.lang.ClassNotFoundException: fr.inria.sacha.remining.coming.analyzer.Main
",1,
/app/data/coming_data/pair_02729,False,"Error: Could not find or load main class fr.inria.sacha.remining.coming.analyzer.Main
Caused by: java.lang.ClassNotFoundException: fr.inria.sacha.remining.coming.analyzer.Main
",1,
/app/data/coming_data/pair_02730,False,"Error: Could not find or load main class fr.inria.sacha.remining.coming.analyzer.Main
Caused by: java.lang.ClassNotFoundException: fr.inria.sacha.remining.coming.analyzer.Main
",1,
/app/data/coming_data/pair_02731,False,"Error: Could not find or load main class fr.inria.sacha.remining.coming.analyzer.Main
Caused by: java.lang.ClassNotFoundException: fr.inria.sacha.remining.coming.analyzer.Main
",1,
/app/data/coming_data/pair_02732,False,"Error: Could not find or load main class fr.inria.sacha.remining.coming.analyzer.Main
Caused by: java.lang.ClassNotFoundException: fr.inria.sacha.remining.coming.analyzer.Main
",1,
/app/data/coming_data/pair_02733,False,"Error: Could not find or load main class fr.inria.sacha.remining.coming.analyzer.Main
Caused by: java.lang.ClassNotFoundException: fr.inria.sacha.remining.coming.analyzer.Main
",1,
/app/data/coming_data/pair_02734,False,"Error: Could not find or load main class fr.inria.sacha.remining.coming.analyzer.Main
Caused by: java.lang.ClassNotFoundException: fr.inria.sacha.remining.coming.analyzer.Main
",1,
/app/data/coming_data/pair_02735,False,"Error: Could not find or load main class fr.inria.sacha.remining.coming.analyzer.Main
Caused by: java.lang.ClassNotFoundException: fr.inria.sacha.remining.coming.analyzer.Main
",1,
/app/data/coming_data/pair_02736,False,"Error: Could not find or load main class fr.inria.sacha.remining.coming.analyzer.Main
Caused by: java.lang.ClassNotFoundException: fr.inria.sacha.remining.coming.analyzer.Main
",1,
/app/data/coming_data/pair_02737,False,"Error: Could not find or load main class fr.inria.sacha.remining.coming.analyzer.Main
Caused by: java.lang.ClassNotFoundException: fr.inria.sacha.remining.coming.analyzer.Main
",1,
/app/data/coming_data/pair_02738,False,"Error: Could not find or load main class fr.inria.sacha.remining.coming.analyzer.Main
Caused by: java.lang.ClassNotFoundException: fr.inria.sacha.remining.coming.analyzer.Main
",1,
/app/data/coming_data/pair_02739,False,"Error: Could not find or load main class fr.inria.sacha.remining.coming.analyzer.Main
Caused by: java.lang.ClassNotFoundException: fr.inria.sacha.remining.coming.analyzer.Main
",1,
/app/data/coming_data/pair_02740,False,"Error: Could not find or load main class fr.inria.sacha.remining.coming.analyzer.Main
Caused by: java.lang.ClassNotFoundException: fr.inria.sacha.remining.coming.analyzer.Main
",1,
/app/data/coming_data/pair_02741,False,"Error: Could not find or load main class fr.inria.sacha.remining.coming.analyzer.Main
Caused by: java.lang.ClassNotFoundException: fr.inria.sacha.remining.coming.analyzer.Main
",1,
/app/data/coming_data/pair_02742,False,"Error: Could not find or load main class fr.inria.sacha.remining.coming.analyzer.Main
Caused by: java.lang.ClassNotFoundException: fr.inria.sacha.remining.coming.analyzer.Main
",1,
/app/data/coming_data/pair_02743,False,"Error: Could not find or load main class fr.inria.sacha.remining.coming.analyzer.Main
Caused by: java.lang.ClassNotFoundException: fr.inria.sacha.remining.coming.analyzer.Main
",1,
/app/data/coming_data/pair_02744,False,"Error: Could not find or load main class fr.inria.sacha.remining.coming.analyzer.Main
Caused by: java.lang.ClassNotFoundException: fr.inria.sacha.remining.coming.analyzer.Main
",1,
/app/data/coming_data/pair_02745,False,"Error: Could not find or load main class fr.inria.sacha.remining.coming.analyzer.Main
Caused by: java.lang.ClassNotFoundException: fr.inria.sacha.remining.coming.analyzer.Main
",1,
/app/data/coming_data/pair_02746,False,"Error: Could not find or load main class fr.inria.sacha.remining.coming.analyzer.Main
Caused by: java.lang.ClassNotFoundException: fr.inria.sacha.remining.coming.analyzer.Main
",1,
/app/data/coming_data/pair_02747,False,"Error: Could not find or load main class fr.inria.sacha.remining.coming.analyzer.Main
Caused by: java.lang.ClassNotFoundException: fr.inria.sacha.remining.coming.analyzer.Main
",1,
/app/data/coming_data/pair_02748,False,"Error: Could not find or load main class fr.inria.sacha.remining.coming.analyzer.Main
Caused by: java.lang.ClassNotFoundException: fr.inria.sacha.remining.coming.analyzer.Main
",1,
/app/data/coming_data/pair_02749,False,"Error: Could not find or load main class fr.inria.sacha.remining.coming.analyzer.Main
Caused by: java.lang.ClassNotFoundException: fr.inria.sacha.remining.coming.analyzer.Main
",1,
/app/data/coming_data/pair_02750,False,"Error: Could not find or load main class fr.inria.sacha.remining.coming.analyzer.Main
Caused by: java.lang.ClassNotFoundException: fr.inria.sacha.remining.coming.analyzer.Main
",1,
/app/data/coming_data/pair_02751,False,"Error: Could not find or load main class fr.inria.sacha.remining.coming.analyzer.Main
Caused by: java.lang.ClassNotFoundException: fr.inria.sacha.remining.coming.analyzer.Main
",1,
/app/data/coming_data/pair_02752,False,"Error: Could not find or load main class fr.inria.sacha.remining.coming.analyzer.Main
Caused by: java.lang.ClassNotFoundException: fr.inria.sacha.remining.coming.analyzer.Main
",1,
/app/data/coming_data/pair_02753,False,"Error: Could not find or load main class fr.inria.sacha.remining.coming.analyzer.Main
Caused by: java.lang.ClassNotFoundException: fr.inria.sacha.remining.coming.analyzer.Main
",1,
/app/data/coming_data/pair_02754,False,"Error: Could not find or load main class fr.inria.sacha.remining.coming.analyzer.Main
Caused by: java.lang.ClassNotFoundException: fr.inria.sacha.remining.coming.analyzer.Main
",1,
/app/data/coming_data/pair_02755,False,"Error: Could not find or load main class fr.inria.sacha.remining.coming.analyzer.Main
Caused by: java.lang.ClassNotFoundException: fr.inria.sacha.remining.coming.analyzer.Main
",1,
/app/data/coming_data/pair_02756,False,"Error: Could not find or load main class fr.inria.sacha.remining.coming.analyzer.Main
Caused by: java.lang.ClassNotFoundException: fr.inria.sacha.remining.coming.analyzer.Main
",1,
/app/data/coming_data/pair_02757,False,"Error: Could not find or load main class fr.inria.sacha.remining.coming.analyzer.Main
Caused by: java.lang.ClassNotFoundException: fr.inria.sacha.remining.coming.analyzer.Main
",1,
/app/data/coming_data/pair_02758,False,"Error: Could not find or load main class fr.inria.sacha.remining.coming.analyzer.Main
Caused by: java.lang.ClassNotFoundException: fr.inria.sacha.remining.coming.analyzer.Main
",1,
/app/data/coming_data/pair_02759,False,"Error: Could not find or load main class fr.inria.sacha.remining.coming.analyzer.Main
Caused by: java.lang.ClassNotFoundException: fr.inria.sacha.remining.coming.analyzer.Main
",1,
/app/data/coming_data/pair_02760,False,"Error: Could not find or load main class fr.inria.sacha.remining.coming.analyzer.Main
Caused by: java.lang.ClassNotFoundException: fr.inria.sacha.remining.coming.analyzer.Main
",1,
/app/data/coming_data/pair_02761,False,"Error: Could not find or load main class fr.inria.sacha.remining.coming.analyzer.Main
Caused by: java.lang.ClassNotFoundException: fr.inria.sacha.remining.coming.analyzer.Main
",1,
/app/data/coming_data/pair_02762,False,"Error: Could not find or load main class fr.inria.sacha.remining.coming.analyzer.Main
Caused by: java.lang.ClassNotFoundException: fr.inria.sacha.remining.coming.analyzer.Main
",1,
/app/data/coming_data/pair_02763,False,"Error: Could not find or load main class fr.inria.sacha.remining.coming.analyzer.Main
Caused by: java.lang.ClassNotFoundException: fr.inria.sacha.remining.coming.analyzer.Main
",1,
/app/data/coming_data/pair_02764,False,"Error: Could not find or load main class fr.inria.sacha.remining.coming.analyzer.Main
Caused by: java.lang.ClassNotFoundException: fr.inria.sacha.remining.coming.analyzer.Main
",1,
/app/data/coming_data/pair_02765,False,"Error: Could not find or load main class fr.inria.sacha.remining.coming.analyzer.Main
Caused by: java.lang.ClassNotFoundException: fr.inria.sacha.remining.coming.analyzer.Main
",1,
/app/data/coming_data/pair_02766,False,"Error: Could not find or load main class fr.inria.sacha.remining.coming.analyzer.Main
Caused by: java.lang.ClassNotFoundException: fr.inria.sacha.remining.coming.analyzer.Main
",1,
/app/data/coming_data/pair_02767,False,"Error: Could not find or load main class fr.inria.sacha.remining.coming.analyzer.Main
Caused by: java.lang.ClassNotFoundException: fr.inria.sacha.remining.coming.analyzer.Main
",1,
/app/data/coming_data/pair_02768,False,"Error: Could not find or load main class fr.inria.sacha.remining.coming.analyzer.Main
Caused by: java.lang.ClassNotFoundException: fr.inria.sacha.remining.coming.analyzer.Main
",1,
/app/data/coming_data/pair_02769,False,"Error: Could not find or load main class fr.inria.sacha.remining.coming.analyzer.Main
Caused by: java.lang.ClassNotFoundException: fr.inria.sacha.remining.coming.analyzer.Main
",1,
/app/data/coming_data/pair_02770,False,"Error: Could not find or load main class fr.inria.sacha.remining.coming.analyzer.Main
Caused by: java.lang.ClassNotFoundException: fr.inria.sacha.remining.coming.analyzer.Main
",1,
/app/data/coming_data/pair_02771,False,"Error: Could not find or load main class fr.inria.sacha.remining.coming.analyzer.Main
Caused by: java.lang.ClassNotFoundException: fr.inria.sacha.remining.coming.analyzer.Main
",1,
/app/data/coming_data/pair_02772,False,"Error: Could not find or load main class fr.inria.sacha.remining.coming.analyzer.Main
Caused by: java.lang.ClassNotFoundException: fr.inria.sacha.remining.coming.analyzer.Main
",1,
/app/data/coming_data/pair_02773,False,"Error: Could not find or load main class fr.inria.sacha.remining.coming.analyzer.Main
Caused by: java.lang.ClassNotFoundException: fr.inria.sacha.remining.coming.analyzer.Main
",1,
/app/data/coming_data/pair_02774,False,"Error: Could not find or load main class fr.inria.sacha.remining.coming.analyzer.Main
Caused by: java.lang.ClassNotFoundException: fr.inria.sacha.remining.coming.analyzer.Main
",1,
/app/data/coming_data/pair_02775,False,"Error: Could not find or load main class fr.inria.sacha.remining.coming.analyzer.Main
Caused by: java.lang.ClassNotFoundException: fr.inria.sacha.remining.coming.analyzer.Main
",1,
/app/data/coming_data/pair_02776,False,"Error: Could not find or load main class fr.inria.sacha.remining.coming.analyzer.Main
Caused by: java.lang.ClassNotFoundException: fr.inria.sacha.remining.coming.analyzer.Main
",1,
/app/data/coming_data/pair_02777,False,"Error: Could not find or load main class fr.inria.sacha.remining.coming.analyzer.Main
Caused by: java.lang.ClassNotFoundException: fr.inria.sacha.remining.coming.analyzer.Main
",1,
/app/data/coming_data/pair_02778,False,"Error: Could not find or load main class fr.inria.sacha.remining.coming.analyzer.Main
Caused by: java.lang.ClassNotFoundException: fr.inria.sacha.remining.coming.analyzer.Main
",1,
/app/data/coming_data/pair_02779,False,"Error: Could not find or load main class fr.inria.sacha.remining.coming.analyzer.Main
Caused by: java.lang.ClassNotFoundException: fr.inria.sacha.remining.coming.analyzer.Main
",1,
/app/data/coming_data/pair_02780,False,"Error: Could not find or load main class fr.inria.sacha.remining.coming.analyzer.Main
Caused by: java.lang.ClassNotFoundException: fr.inria.sacha.remining.coming.analyzer.Main
",1,
/app/data/coming_data/pair_02781,False,"Error: Could not find or load main class fr.inria.sacha.remining.coming.analyzer.Main
Caused by: java.lang.ClassNotFoundException: fr.inria.sacha.remining.coming.analyzer.Main
",1,
/app/data/coming_data/pair_02782,False,"Error: Could not find or load main class fr.inria.sacha.remining.coming.analyzer.Main
Caused by: java.lang.ClassNotFoundException: fr.inria.sacha.remining.coming.analyzer.Main
",1,
/app/data/coming_data/pair_02783,False,"Error: Could not find or load main class fr.inria.sacha.remining.coming.analyzer.Main
Caused by: java.lang.ClassNotFoundException: fr.inria.sacha.remining.coming.analyzer.Main
",1,
/app/data/coming_data/pair_02784,False,"Error: Could not find or load main class fr.inria.sacha.remining.coming.analyzer.Main
Caused by: java.lang.ClassNotFoundException: fr.inria.sacha.remining.coming.analyzer.Main
",1,
/app/data/coming_data/pair_02785,False,"Error: Could not find or load main class fr.inria.sacha.remining.coming.analyzer.Main
Caused by: java.lang.ClassNotFoundException: fr.inria.sacha.remining.coming.analyzer.Main
",1,
/app/data/coming_data/pair_02786,False,"Error: Could not find or load main class fr.inria.sacha.remining.coming.analyzer.Main
Caused by: java.lang.ClassNotFoundException: fr.inria.sacha.remining.coming.analyzer.Main
",1,
/app/data/coming_data/pair_02787,False,"Error: Could not find or load main class fr.inria.sacha.remining.coming.analyzer.Main
Caused by: java.lang.ClassNotFoundException: fr.inria.sacha.remining.coming.analyzer.Main
",1,
/app/data/coming_data/pair_02788,False,"Error: Could not find or load main class fr.inria.sacha.remining.coming.analyzer.Main
Caused by: java.lang.ClassNotFoundException: fr.inria.sacha.remining.coming.analyzer.Main
",1,
/app/data/coming_data/pair_02789,False,"Error: Could not find or load main class fr.inria.sacha.remining.coming.analyzer.Main
Caused by: java.lang.ClassNotFoundException: fr.inria.sacha.remining.coming.analyzer.Main
",1,
/app/data/coming_data/pair_02790,False,"Error: Could not find or load main class fr.inria.sacha.remining.coming.analyzer.Main
Caused by: java.lang.ClassNotFoundException: fr.inria.sacha.remining.coming.analyzer.Main
",1,
/app/data/coming_data/pair_02791,False,"Error: Could not find or load main class fr.inria.sacha.remining.coming.analyzer.Main
Caused by: java.lang.ClassNotFoundException: fr.inria.sacha.remining.coming.analyzer.Main
",1,
/app/data/coming_data/pair_02792,False,"Error: Could not find or load main class fr.inria.sacha.remining.coming.analyzer.Main
Caused by: java.lang.ClassNotFoundException: fr.inria.sacha.remining.coming.analyzer.Main
",1,
/app/data/coming_data/pair_02793,False,"Error: Could not find or load main class fr.inria.sacha.remining.coming.analyzer.Main
Caused by: java.lang.ClassNotFoundException: fr.inria.sacha.remining.coming.analyzer.Main
",1,
/app/data/coming_data/pair_02794,False,"Error: Could not find or load main class fr.inria.sacha.remining.coming.analyzer.Main
Caused by: java.lang.ClassNotFoundException: fr.inria.sacha.remining.coming.analyzer.Main
",1,
/app/data/coming_data/pair_02795,False,"Error: Could not find or load main class fr.inria.sacha.remining.coming.analyzer.Main
Caused by: java.lang.ClassNotFoundException: fr.inria.sacha.remining.coming.analyzer.Main
",1,
/app/data/coming_data/pair_02796,False,"Error: Could not find or load main class fr.inria.sacha.remining.coming.analyzer.Main
Caused by: java.lang.ClassNotFoundException: fr.inria.sacha.remining.coming.analyzer.Main
",1,
/app/data/coming_data/pair_02797,False,"Error: Could not find or load main class fr.inria.sacha.remining.coming.analyzer.Main
Caused by: java.lang.ClassNotFoundException: fr.inria.sacha.remining.coming.analyzer.Main
",1,
/app/data/coming_data/pair_02798,False,"Error: Could not find or load main class fr.inria.sacha.remining.coming.analyzer.Main
Caused by: java.lang.ClassNotFoundException: fr.inria.sacha.remining.coming.analyzer.Main
",1,
/app/data/coming_data/pair_02799,False,"Error: Could not find or load main class fr.inria.sacha.remining.coming.analyzer.Main
Caused by: java.lang.ClassNotFoundException: fr.inria.sacha.remining.coming.analyzer.Main
",1,
/app/data/coming_data/pair_02800,False,"Error: Could not find or load main class fr.inria.sacha.remining.coming.analyzer.Main
Caused by: java.lang.ClassNotFoundException: fr.inria.sacha.remining.coming.analyzer.Main
",1,
/app/data/coming_data/pair_02801,False,"Error: Could not find or load main class fr.inria.sacha.remining.coming.analyzer.Main
Caused by: java.lang.ClassNotFoundException: fr.inria.sacha.remining.coming.analyzer.Main
",1,
/app/data/coming_data/pair_02802,False,"Error: Could not find or load main class fr.inria.sacha.remining.coming.analyzer.Main
Caused by: java.lang.ClassNotFoundException: fr.inria.sacha.remining.coming.analyzer.Main
",1,
/app/data/coming_data/pair_02803,False,"Error: Could not find or load main class fr.inria.sacha.remining.coming.analyzer.Main
Caused by: java.lang.ClassNotFoundException: fr.inria.sacha.remining.coming.analyzer.Main
",1,
/app/data/coming_data/pair_02804,False,"Error: Could not find or load main class fr.inria.sacha.remining.coming.analyzer.Main
Caused by: java.lang.ClassNotFoundException: fr.inria.sacha.remining.coming.analyzer.Main
",1,
/app/data/coming_data/pair_02805,False,"Error: Could not find or load main class fr.inria.sacha.remining.coming.analyzer.Main
Caused by: java.lang.ClassNotFoundException: fr.inria.sacha.remining.coming.analyzer.Main
",1,
/app/data/coming_data/pair_02806,False,"Error: Could not find or load main class fr.inria.sacha.remining.coming.analyzer.Main
Caused by: java.lang.ClassNotFoundException: fr.inria.sacha.remining.coming.analyzer.Main
",1,
/app/data/coming_data/pair_02807,False,"Error: Could not find or load main class fr.inria.sacha.remining.coming.analyzer.Main
Caused by: java.lang.ClassNotFoundException: fr.inria.sacha.remining.coming.analyzer.Main
",1,
/app/data/coming_data/pair_02808,False,"Error: Could not find or load main class fr.inria.sacha.remining.coming.analyzer.Main
Caused by: java.lang.ClassNotFoundException: fr.inria.sacha.remining.coming.analyzer.Main
",1,
/app/data/coming_data/pair_02809,False,"Error: Could not find or load main class fr.inria.sacha.remining.coming.analyzer.Main
Caused by: java.lang.ClassNotFoundException: fr.inria.sacha.remining.coming.analyzer.Main
",1,
/app/data/coming_data/pair_02810,False,"Error: Could not find or load main class fr.inria.sacha.remining.coming.analyzer.Main
Caused by: java.lang.ClassNotFoundException: fr.inria.sacha.remining.coming.analyzer.Main
",1,
/app/data/coming_data/pair_02811,False,"Error: Could not find or load main class fr.inria.sacha.remining.coming.analyzer.Main
Caused by: java.lang.ClassNotFoundException: fr.inria.sacha.remining.coming.analyzer.Main
",1,
/app/data/coming_data/pair_02812,False,"Error: Could not find or load main class fr.inria.sacha.remining.coming.analyzer.Main
Caused by: java.lang.ClassNotFoundException: fr.inria.sacha.remining.coming.analyzer.Main
",1,
/app/data/coming_data/pair_02813,False,"Error: Could not find or load main class fr.inria.sacha.remining.coming.analyzer.Main
Caused by: java.lang.ClassNotFoundException: fr.inria.sacha.remining.coming.analyzer.Main
",1,
/app/data/coming_data/pair_02814,False,"Error: Could not find or load main class fr.inria.sacha.remining.coming.analyzer.Main
Caused by: java.lang.ClassNotFoundException: fr.inria.sacha.remining.coming.analyzer.Main
",1,
/app/data/coming_data/pair_02815,False,"Error: Could not find or load main class fr.inria.sacha.remining.coming.analyzer.Main
Caused by: java.lang.ClassNotFoundException: fr.inria.sacha.remining.coming.analyzer.Main
",1,
/app/data/coming_data/pair_02816,False,"Error: Could not find or load main class fr.inria.sacha.remining.coming.analyzer.Main
Caused by: java.lang.ClassNotFoundException: fr.inria.sacha.remining.coming.analyzer.Main
",1,
/app/data/coming_data/pair_02817,False,"Error: Could not find or load main class fr.inria.sacha.remining.coming.analyzer.Main
Caused by: java.lang.ClassNotFoundException: fr.inria.sacha.remining.coming.analyzer.Main
",1,
/app/data/coming_data/pair_02818,False,"Error: Could not find or load main class fr.inria.sacha.remining.coming.analyzer.Main
Caused by: java.lang.ClassNotFoundException: fr.inria.sacha.remining.coming.analyzer.Main
",1,
/app/data/coming_data/pair_02819,False,"Error: Could not find or load main class fr.inria.sacha.remining.coming.analyzer.Main
Caused by: java.lang.ClassNotFoundException: fr.inria.sacha.remining.coming.analyzer.Main
",1,
/app/data/coming_data/pair_02820,False,"Error: Could not find or load main class fr.inria.sacha.remining.coming.analyzer.Main
Caused by: java.lang.ClassNotFoundException: fr.inria.sacha.remining.coming.analyzer.Main
",1,
/app/data/coming_data/pair_02821,False,"Error: Could not find or load main class fr.inria.sacha.remining.coming.analyzer.Main
Caused by: java.lang.ClassNotFoundException: fr.inria.sacha.remining.coming.analyzer.Main
",1,
/app/data/coming_data/pair_02822,False,"Error: Could not find or load main class fr.inria.sacha.remining.coming.analyzer.Main
Caused by: java.lang.ClassNotFoundException: fr.inria.sacha.remining.coming.analyzer.Main
",1,
/app/data/coming_data/pair_02823,False,"Error: Could not find or load main class fr.inria.sacha.remining.coming.analyzer.Main
Caused by: java.lang.ClassNotFoundException: fr.inria.sacha.remining.coming.analyzer.Main
",1,
/app/data/coming_data/pair_02824,False,"Error: Could not find or load main class fr.inria.sacha.remining.coming.analyzer.Main
Caused by: java.lang.ClassNotFoundException: fr.inria.sacha.remining.coming.analyzer.Main
",1,
/app/data/coming_data/pair_02825,False,"Error: Could not find or load main class fr.inria.sacha.remining.coming.analyzer.Main
Caused by: java.lang.ClassNotFoundException: fr.inria.sacha.remining.coming.analyzer.Main
",1,
/app/data/coming_data/pair_02826,False,"Error: Could not find or load main class fr.inria.sacha.remining.coming.analyzer.Main
Caused by: java.lang.ClassNotFoundException: fr.inria.sacha.remining.coming.analyzer.Main
",1,
/app/data/coming_data/pair_02827,False,"Error: Could not find or load main class fr.inria.sacha.remining.coming.analyzer.Main
Caused by: java.lang.ClassNotFoundException: fr.inria.sacha.remining.coming.analyzer.Main
",1,
/app/data/coming_data/pair_02828,False,"Error: Could not find or load main class fr.inria.sacha.remining.coming.analyzer.Main
Caused by: java.lang.ClassNotFoundException: fr.inria.sacha.remining.coming.analyzer.Main
",1,
/app/data/coming_data/pair_02829,False,"Error: Could not find or load main class fr.inria.sacha.remining.coming.analyzer.Main
Caused by: java.lang.ClassNotFoundException: fr.inria.sacha.remining.coming.analyzer.Main
",1,
/app/data/coming_data/pair_02830,False,"Error: Could not find or load main class fr.inria.sacha.remining.coming.analyzer.Main
Caused by: java.lang.ClassNotFoundException: fr.inria.sacha.remining.coming.analyzer.Main
",1,
/app/data/coming_data/pair_02831,False,"Error: Could not find or load main class fr.inria.sacha.remining.coming.analyzer.Main
Caused by: java.lang.ClassNotFoundException: fr.inria.sacha.remining.coming.analyzer.Main
",1,
/app/data/coming_data/pair_02832,False,"Error: Could not find or load main class fr.inria.sacha.remining.coming.analyzer.Main
Caused by: java.lang.ClassNotFoundException: fr.inria.sacha.remining.coming.analyzer.Main
",1,
/app/data/coming_data/pair_02833,False,"Error: Could not find or load main class fr.inria.sacha.remining.coming.analyzer.Main
Caused by: java.lang.ClassNotFoundException: fr.inria.sacha.remining.coming.analyzer.Main
",1,
/app/data/coming_data/pair_02834,False,"Error: Could not find or load main class fr.inria.sacha.remining.coming.analyzer.Main
Caused by: java.lang.ClassNotFoundException: fr.inria.sacha.remining.coming.analyzer.Main
",1,
/app/data/coming_data/pair_02835,False,"Error: Could not find or load main class fr.inria.sacha.remining.coming.analyzer.Main
Caused by: java.lang.ClassNotFoundException: fr.inria.sacha.remining.coming.analyzer.Main
",1,
/app/data/coming_data/pair_02836,False,"Error: Could not find or load main class fr.inria.sacha.remining.coming.analyzer.Main
Caused by: java.lang.ClassNotFoundException: fr.inria.sacha.remining.coming.analyzer.Main
",1,
/app/data/coming_data/pair_02837,False,"Error: Could not find or load main class fr.inria.sacha.remining.coming.analyzer.Main
Caused by: java.lang.ClassNotFoundException: fr.inria.sacha.remining.coming.analyzer.Main
",1,
/app/data/coming_data/pair_02838,False,"Error: Could not find or load main class fr.inria.sacha.remining.coming.analyzer.Main
Caused by: java.lang.ClassNotFoundException: fr.inria.sacha.remining.coming.analyzer.Main
",1,
/app/data/coming_data/pair_02839,False,"Error: Could not find or load main class fr.inria.sacha.remining.coming.analyzer.Main
Caused by: java.lang.ClassNotFoundException: fr.inria.sacha.remining.coming.analyzer.Main
",1,
/app/data/coming_data/pair_02840,False,"Error: Could not find or load main class fr.inria.sacha.remining.coming.analyzer.Main
Caused by: java.lang.ClassNotFoundException: fr.inria.sacha.remining.coming.analyzer.Main
",1,
/app/data/coming_data/pair_02841,False,"Error: Could not find or load main class fr.inria.sacha.remining.coming.analyzer.Main
Caused by: java.lang.ClassNotFoundException: fr.inria.sacha.remining.coming.analyzer.Main
",1,
/app/data/coming_data/pair_02842,False,"Error: Could not find or load main class fr.inria.sacha.remining.coming.analyzer.Main
Caused by: java.lang.ClassNotFoundException: fr.inria.sacha.remining.coming.analyzer.Main
",1,
/app/data/coming_data/pair_02843,False,"Error: Could not find or load main class fr.inria.sacha.remining.coming.analyzer.Main
Caused by: java.lang.ClassNotFoundException: fr.inria.sacha.remining.coming.analyzer.Main
",1,
/app/data/coming_data/pair_02844,False,"Error: Could not find or load main class fr.inria.sacha.remining.coming.analyzer.Main
Caused by: java.lang.ClassNotFoundException: fr.inria.sacha.remining.coming.analyzer.Main
",1,
/app/data/coming_data/pair_02845,False,"Error: Could not find or load main class fr.inria.sacha.remining.coming.analyzer.Main
Caused by: java.lang.ClassNotFoundException: fr.inria.sacha.remining.coming.analyzer.Main
",1,
/app/data/coming_data/pair_02846,False,"Error: Could not find or load main class fr.inria.sacha.remining.coming.analyzer.Main
Caused by: java.lang.ClassNotFoundException: fr.inria.sacha.remining.coming.analyzer.Main
",1,
/app/data/coming_data/pair_02847,False,"Error: Could not find or load main class fr.inria.sacha.remining.coming.analyzer.Main
Caused by: java.lang.ClassNotFoundException: fr.inria.sacha.remining.coming.analyzer.Main
",1,
/app/data/coming_data/pair_02848,False,"Error: Could not find or load main class fr.inria.sacha.remining.coming.analyzer.Main
Caused by: java.lang.ClassNotFoundException: fr.inria.sacha.remining.coming.analyzer.Main
",1,
/app/data/coming_data/pair_02849,False,"Error: Could not find or load main class fr.inria.sacha.remining.coming.analyzer.Main
Caused by: java.lang.ClassNotFoundException: fr.inria.sacha.remining.coming.analyzer.Main
",1,
/app/data/coming_data/pair_02850,False,"Error: Could not find or load main class fr.inria.sacha.remining.coming.analyzer.Main
Caused by: java.lang.ClassNotFoundException: fr.inria.sacha.remining.coming.analyzer.Main
",1,
/app/data/coming_data/pair_02851,False,"Error: Could not find or load main class fr.inria.sacha.remining.coming.analyzer.Main
Caused by: java.lang.ClassNotFoundException: fr.inria.sacha.remining.coming.analyzer.Main
",1,
/app/data/coming_data/pair_02852,False,"Error: Could not find or load main class fr.inria.sacha.remining.coming.analyzer.Main
Caused by: java.lang.ClassNotFoundException: fr.inria.sacha.remining.coming.analyzer.Main
",1,
/app/data/coming_data/pair_02853,False,"Error: Could not find or load main class fr.inria.sacha.remining.coming.analyzer.Main
Caused by: java.lang.ClassNotFoundException: fr.inria.sacha.remining.coming.analyzer.Main
",1,
/app/data/coming_data/pair_02854,False,"Error: Could not find or load main class fr.inria.sacha.remining.coming.analyzer.Main
Caused by: java.lang.ClassNotFoundException: fr.inria.sacha.remining.coming.analyzer.Main
",1,
/app/data/coming_data/pair_02855,False,"Error: Could not find or load main class fr.inria.sacha.remining.coming.analyzer.Main
Caused by: java.lang.ClassNotFoundException: fr.inria.sacha.remining.coming.analyzer.Main
",1,
/app/data/coming_data/pair_02856,False,"Error: Could not find or load main class fr.inria.sacha.remining.coming.analyzer.Main
Caused by: java.lang.ClassNotFoundException: fr.inria.sacha.remining.coming.analyzer.Main
",1,
/app/data/coming_data/pair_02857,False,"Error: Could not find or load main class fr.inria.sacha.remining.coming.analyzer.Main
Caused by: java.lang.ClassNotFoundException: fr.inria.sacha.remining.coming.analyzer.Main
",1,
/app/data/coming_data/pair_02858,False,"Error: Could not find or load main class fr.inria.sacha.remining.coming.analyzer.Main
Caused by: java.lang.ClassNotFoundException: fr.inria.sacha.remining.coming.analyzer.Main
",1,
/app/data/coming_data/pair_02859,False,"Error: Could not find or load main class fr.inria.sacha.remining.coming.analyzer.Main
Caused by: java.lang.ClassNotFoundException: fr.inria.sacha.remining.coming.analyzer.Main
",1,
/app/data/coming_data/pair_02860,False,"Error: Could not find or load main class fr.inria.sacha.remining.coming.analyzer.Main
Caused by: java.lang.ClassNotFoundException: fr.inria.sacha.remining.coming.analyzer.Main
",1,
/app/data/coming_data/pair_02861,False,"Error: Could not find or load main class fr.inria.sacha.remining.coming.analyzer.Main
Caused by: java.lang.ClassNotFoundException: fr.inria.sacha.remining.coming.analyzer.Main
",1,
/app/data/coming_data/pair_02862,False,"Error: Could not find or load main class fr.inria.sacha.remining.coming.analyzer.Main
Caused by: java.lang.ClassNotFoundException: fr.inria.sacha.remining.coming.analyzer.Main
",1,
/app/data/coming_data/pair_02863,False,"Error: Could not find or load main class fr.inria.sacha.remining.coming.analyzer.Main
Caused by: java.lang.ClassNotFoundException: fr.inria.sacha.remining.coming.analyzer.Main
",1,
/app/data/coming_data/pair_02864,False,"Error: Could not find or load main class fr.inria.sacha.remining.coming.analyzer.Main
Caused by: java.lang.ClassNotFoundException: fr.inria.sacha.remining.coming.analyzer.Main
",1,
/app/data/coming_data/pair_02865,False,"Error: Could not find or load main class fr.inria.sacha.remining.coming.analyzer.Main
Caused by: java.lang.ClassNotFoundException: fr.inria.sacha.remining.coming.analyzer.Main
",1,
/app/data/coming_data/pair_02866,False,"Error: Could not find or load main class fr.inria.sacha.remining.coming.analyzer.Main
Caused by: java.lang.ClassNotFoundException: fr.inria.sacha.remining.coming.analyzer.Main
",1,
/app/data/coming_data/pair_02867,False,"Error: Could not find or load main class fr.inria.sacha.remining.coming.analyzer.Main
Caused by: java.lang.ClassNotFoundException: fr.inria.sacha.remining.coming.analyzer.Main
",1,
/app/data/coming_data/pair_02868,False,"Error: Could not find or load main class fr.inria.sacha.remining.coming.analyzer.Main
Caused by: java.lang.ClassNotFoundException: fr.inria.sacha.remining.coming.analyzer.Main
",1,
/app/data/coming_data/pair_02869,False,"Error: Could not find or load main class fr.inria.sacha.remining.coming.analyzer.Main
Caused by: java.lang.ClassNotFoundException: fr.inria.sacha.remining.coming.analyzer.Main
",1,
/app/data/coming_data/pair_02870,False,"Error: Could not find or load main class fr.inria.sacha.remining.coming.analyzer.Main
Caused by: java.lang.ClassNotFoundException: fr.inria.sacha.remining.coming.analyzer.Main
",1,
/app/data/coming_data/pair_02871,False,"Error: Could not find or load main class fr.inria.sacha.remining.coming.analyzer.Main
Caused by: java.lang.ClassNotFoundException: fr.inria.sacha.remining.coming.analyzer.Main
",1,
/app/data/coming_data/pair_02872,False,"Error: Could not find or load main class fr.inria.sacha.remining.coming.analyzer.Main
Caused by: java.lang.ClassNotFoundException: fr.inria.sacha.remining.coming.analyzer.Main
",1,
/app/data/coming_data/pair_02873,False,"Error: Could not find or load main class fr.inria.sacha.remining.coming.analyzer.Main
Caused by: java.lang.ClassNotFoundException: fr.inria.sacha.remining.coming.analyzer.Main
",1,
/app/data/coming_data/pair_02874,False,"Error: Could not find or load main class fr.inria.sacha.remining.coming.analyzer.Main
Caused by: java.lang.ClassNotFoundException: fr.inria.sacha.remining.coming.analyzer.Main
",1,
/app/data/coming_data/pair_02875,False,"Error: Could not find or load main class fr.inria.sacha.remining.coming.analyzer.Main
Caused by: java.lang.ClassNotFoundException: fr.inria.sacha.remining.coming.analyzer.Main
",1,
/app/data/coming_data/pair_02876,False,"Error: Could not find or load main class fr.inria.sacha.remining.coming.analyzer.Main
Caused by: java.lang.ClassNotFoundException: fr.inria.sacha.remining.coming.analyzer.Main
",1,
/app/data/coming_data/pair_02877,False,"Error: Could not find or load main class fr.inria.sacha.remining.coming.analyzer.Main
Caused by: java.lang.ClassNotFoundException: fr.inria.sacha.remining.coming.analyzer.Main
",1,
/app/data/coming_data/pair_02878,False,"Error: Could not find or load main class fr.inria.sacha.remining.coming.analyzer.Main
Caused by: java.lang.ClassNotFoundException: fr.inria.sacha.remining.coming.analyzer.Main
",1,
/app/data/coming_data/pair_02879,False,"Error: Could not find or load main class fr.inria.sacha.remining.coming.analyzer.Main
Caused by: java.lang.ClassNotFoundException: fr.inria.sacha.remining.coming.analyzer.Main
",1,
/app/data/coming_data/pair_02880,False,"Error: Could not find or load main class fr.inria.sacha.remining.coming.analyzer.Main
Caused by: java.lang.ClassNotFoundException: fr.inria.sacha.remining.coming.analyzer.Main
",1,
/app/data/coming_data/pair_02881,False,"Error: Could not find or load main class fr.inria.sacha.remining.coming.analyzer.Main
Caused by: java.lang.ClassNotFoundException: fr.inria.sacha.remining.coming.analyzer.Main
",1,
/app/data/coming_data/pair_02882,False,"Error: Could not find or load main class fr.inria.sacha.remining.coming.analyzer.Main
Caused by: java.lang.ClassNotFoundException: fr.inria.sacha.remining.coming.analyzer.Main
",1,
/app/data/coming_data/pair_02883,False,"Error: Could not find or load main class fr.inria.sacha.remining.coming.analyzer.Main
Caused by: java.lang.ClassNotFoundException: fr.inria.sacha.remining.coming.analyzer.Main
",1,
/app/data/coming_data/pair_02884,False,"Error: Could not find or load main class fr.inria.sacha.remining.coming.analyzer.Main
Caused by: java.lang.ClassNotFoundException: fr.inria.sacha.remining.coming.analyzer.Main
",1,
/app/data/coming_data/pair_02885,False,"Error: Could not find or load main class fr.inria.sacha.remining.coming.analyzer.Main
Caused by: java.lang.ClassNotFoundException: fr.inria.sacha.remining.coming.analyzer.Main
",1,
/app/data/coming_data/pair_02886,False,"Error: Could not find or load main class fr.inria.sacha.remining.coming.analyzer.Main
Caused by: java.lang.ClassNotFoundException: fr.inria.sacha.remining.coming.analyzer.Main
",1,
/app/data/coming_data/pair_02887,False,"Error: Could not find or load main class fr.inria.sacha.remining.coming.analyzer.Main
Caused by: java.lang.ClassNotFoundException: fr.inria.sacha.remining.coming.analyzer.Main
",1,
/app/data/coming_data/pair_02888,False,"Error: Could not find or load main class fr.inria.sacha.remining.coming.analyzer.Main
Caused by: java.lang.ClassNotFoundException: fr.inria.sacha.remining.coming.analyzer.Main
",1,
/app/data/coming_data/pair_02889,False,"Error: Could not find or load main class fr.inria.sacha.remining.coming.analyzer.Main
Caused by: java.lang.ClassNotFoundException: fr.inria.sacha.remining.coming.analyzer.Main
",1,
/app/data/coming_data/pair_02890,False,"Error: Could not find or load main class fr.inria.sacha.remining.coming.analyzer.Main
Caused by: java.lang.ClassNotFoundException: fr.inria.sacha.remining.coming.analyzer.Main
",1,
/app/data/coming_data/pair_02891,False,"Error: Could not find or load main class fr.inria.sacha.remining.coming.analyzer.Main
Caused by: java.lang.ClassNotFoundException: fr.inria.sacha.remining.coming.analyzer.Main
",1,
/app/data/coming_data/pair_02892,False,"Error: Could not find or load main class fr.inria.sacha.remining.coming.analyzer.Main
Caused by: java.lang.ClassNotFoundException: fr.inria.sacha.remining.coming.analyzer.Main
",1,
/app/data/coming_data/pair_02893,False,"Error: Could not find or load main class fr.inria.sacha.remining.coming.analyzer.Main
Caused by: java.lang.ClassNotFoundException: fr.inria.sacha.remining.coming.analyzer.Main
",1,
/app/data/coming_data/pair_02894,False,"Error: Could not find or load main class fr.inria.sacha.remining.coming.analyzer.Main
Caused by: java.lang.ClassNotFoundException: fr.inria.sacha.remining.coming.analyzer.Main
",1,
/app/data/coming_data/pair_02895,False,"Error: Could not find or load main class fr.inria.sacha.remining.coming.analyzer.Main
Caused by: java.lang.ClassNotFoundException: fr.inria.sacha.remining.coming.analyzer.Main
",1,
/app/data/coming_data/pair_02896,False,"Error: Could not find or load main class fr.inria.sacha.remining.coming.analyzer.Main
Caused by: java.lang.ClassNotFoundException: fr.inria.sacha.remining.coming.analyzer.Main
",1,
/app/data/coming_data/pair_02897,False,"Error: Could not find or load main class fr.inria.sacha.remining.coming.analyzer.Main
Caused by: java.lang.ClassNotFoundException: fr.inria.sacha.remining.coming.analyzer.Main
",1,
/app/data/coming_data/pair_02898,False,"Error: Could not find or load main class fr.inria.sacha.remining.coming.analyzer.Main
Caused by: java.lang.ClassNotFoundException: fr.inria.sacha.remining.coming.analyzer.Main
",1,
/app/data/coming_data/pair_02899,False,"Error: Could not find or load main class fr.inria.sacha.remining.coming.analyzer.Main
Caused by: java.lang.ClassNotFoundException: fr.inria.sacha.remining.coming.analyzer.Main
",1,
/app/data/coming_data/pair_02900,False,"Error: Could not find or load main class fr.inria.sacha.remining.coming.analyzer.Main
Caused by: java.lang.ClassNotFoundException: fr.inria.sacha.remining.coming.analyzer.Main
",1,
/app/data/coming_data/pair_02901,False,"Error: Could not find or load main class fr.inria.sacha.remining.coming.analyzer.Main
Caused by: java.lang.ClassNotFoundException: fr.inria.sacha.remining.coming.analyzer.Main
",1,
/app/data/coming_data/pair_02902,False,"Error: Could not find or load main class fr.inria.sacha.remining.coming.analyzer.Main
Caused by: java.lang.ClassNotFoundException: fr.inria.sacha.remining.coming.analyzer.Main
",1,
/app/data/coming_data/pair_02903,False,"Error: Could not find or load main class fr.inria.sacha.remining.coming.analyzer.Main
Caused by: java.lang.ClassNotFoundException: fr.inria.sacha.remining.coming.analyzer.Main
",1,
/app/data/coming_data/pair_02904,False,"Error: Could not find or load main class fr.inria.sacha.remining.coming.analyzer.Main
Caused by: java.lang.ClassNotFoundException: fr.inria.sacha.remining.coming.analyzer.Main
",1,
/app/data/coming_data/pair_02905,False,"Error: Could not find or load main class fr.inria.sacha.remining.coming.analyzer.Main
Caused by: java.lang.ClassNotFoundException: fr.inria.sacha.remining.coming.analyzer.Main
",1,
/app/data/coming_data/pair_02906,False,"Error: Could not find or load main class fr.inria.sacha.remining.coming.analyzer.Main
Caused by: java.lang.ClassNotFoundException: fr.inria.sacha.remining.coming.analyzer.Main
",1,
/app/data/coming_data/pair_02907,False,"Error: Could not find or load main class fr.inria.sacha.remining.coming.analyzer.Main
Caused by: java.lang.ClassNotFoundException: fr.inria.sacha.remining.coming.analyzer.Main
",1,
/app/data/coming_data/pair_02908,False,"Error: Could not find or load main class fr.inria.sacha.remining.coming.analyzer.Main
Caused by: java.lang.ClassNotFoundException: fr.inria.sacha.remining.coming.analyzer.Main
",1,
/app/data/coming_data/pair_02909,False,"Error: Could not find or load main class fr.inria.sacha.remining.coming.analyzer.Main
Caused by: java.lang.ClassNotFoundException: fr.inria.sacha.remining.coming.analyzer.Main
",1,
/app/data/coming_data/pair_02910,False,"Error: Could not find or load main class fr.inria.sacha.remining.coming.analyzer.Main
Caused by: java.lang.ClassNotFoundException: fr.inria.sacha.remining.coming.analyzer.Main
",1,
/app/data/coming_data/pair_02911,False,"Error: Could not find or load main class fr.inria.sacha.remining.coming.analyzer.Main
Caused by: java.lang.ClassNotFoundException: fr.inria.sacha.remining.coming.analyzer.Main
",1,
/app/data/coming_data/pair_02912,False,"Error: Could not find or load main class fr.inria.sacha.remining.coming.analyzer.Main
Caused by: java.lang.ClassNotFoundException: fr.inria.sacha.remining.coming.analyzer.Main
",1,
/app/data/coming_data/pair_02913,False,"Error: Could not find or load main class fr.inria.sacha.remining.coming.analyzer.Main
Caused by: java.lang.ClassNotFoundException: fr.inria.sacha.remining.coming.analyzer.Main
",1,
/app/data/coming_data/pair_02914,False,"Error: Could not find or load main class fr.inria.sacha.remining.coming.analyzer.Main
Caused by: java.lang.ClassNotFoundException: fr.inria.sacha.remining.coming.analyzer.Main
",1,
/app/data/coming_data/pair_02915,False,"Error: Could not find or load main class fr.inria.sacha.remining.coming.analyzer.Main
Caused by: java.lang.ClassNotFoundException: fr.inria.sacha.remining.coming.analyzer.Main
",1,
/app/data/coming_data/pair_02916,False,"Error: Could not find or load main class fr.inria.sacha.remining.coming.analyzer.Main
Caused by: java.lang.ClassNotFoundException: fr.inria.sacha.remining.coming.analyzer.Main
",1,
/app/data/coming_data/pair_02917,False,"Error: Could not find or load main class fr.inria.sacha.remining.coming.analyzer.Main
Caused by: java.lang.ClassNotFoundException: fr.inria.sacha.remining.coming.analyzer.Main
",1,
/app/data/coming_data/pair_02918,False,"Error: Could not find or load main class fr.inria.sacha.remining.coming.analyzer.Main
Caused by: java.lang.ClassNotFoundException: fr.inria.sacha.remining.coming.analyzer.Main
",1,
/app/data/coming_data/pair_02919,False,"Error: Could not find or load main class fr.inria.sacha.remining.coming.analyzer.Main
Caused by: java.lang.ClassNotFoundException: fr.inria.sacha.remining.coming.analyzer.Main
",1,
/app/data/coming_data/pair_02920,False,"Error: Could not find or load main class fr.inria.sacha.remining.coming.analyzer.Main
Caused by: java.lang.ClassNotFoundException: fr.inria.sacha.remining.coming.analyzer.Main
",1,
/app/data/coming_data/pair_02921,False,"Error: Could not find or load main class fr.inria.sacha.remining.coming.analyzer.Main
Caused by: java.lang.ClassNotFoundException: fr.inria.sacha.remining.coming.analyzer.Main
",1,
/app/data/coming_data/pair_02922,False,"Error: Could not find or load main class fr.inria.sacha.remining.coming.analyzer.Main
Caused by: java.lang.ClassNotFoundException: fr.inria.sacha.remining.coming.analyzer.Main
",1,
/app/data/coming_data/pair_02923,False,"Error: Could not find or load main class fr.inria.sacha.remining.coming.analyzer.Main
Caused by: java.lang.ClassNotFoundException: fr.inria.sacha.remining.coming.analyzer.Main
",1,
/app/data/coming_data/pair_02924,False,"Error: Could not find or load main class fr.inria.sacha.remining.coming.analyzer.Main
Caused by: java.lang.ClassNotFoundException: fr.inria.sacha.remining.coming.analyzer.Main
",1,
/app/data/coming_data/pair_02925,False,"Error: Could not find or load main class fr.inria.sacha.remining.coming.analyzer.Main
Caused by: java.lang.ClassNotFoundException: fr.inria.sacha.remining.coming.analyzer.Main
",1,
/app/data/coming_data/pair_02926,False,"Error: Could not find or load main class fr.inria.sacha.remining.coming.analyzer.Main
Caused by: java.lang.ClassNotFoundException: fr.inria.sacha.remining.coming.analyzer.Main
",1,
/app/data/coming_data/pair_02927,False,"Error: Could not find or load main class fr.inria.sacha.remining.coming.analyzer.Main
Caused by: java.lang.ClassNotFoundException: fr.inria.sacha.remining.coming.analyzer.Main
",1,
/app/data/coming_data/pair_02928,False,"Error: Could not find or load main class fr.inria.sacha.remining.coming.analyzer.Main
Caused by: java.lang.ClassNotFoundException: fr.inria.sacha.remining.coming.analyzer.Main
",1,
/app/data/coming_data/pair_02929,False,"Error: Could not find or load main class fr.inria.sacha.remining.coming.analyzer.Main
Caused by: java.lang.ClassNotFoundException: fr.inria.sacha.remining.coming.analyzer.Main
",1,
/app/data/coming_data/pair_02930,False,"Error: Could not find or load main class fr.inria.sacha.remining.coming.analyzer.Main
Caused by: java.lang.ClassNotFoundException: fr.inria.sacha.remining.coming.analyzer.Main
",1,
/app/data/coming_data/pair_02931,False,"Error: Could not find or load main class fr.inria.sacha.remining.coming.analyzer.Main
Caused by: java.lang.ClassNotFoundException: fr.inria.sacha.remining.coming.analyzer.Main
",1,
/app/data/coming_data/pair_02932,False,"Error: Could not find or load main class fr.inria.sacha.remining.coming.analyzer.Main
Caused by: java.lang.ClassNotFoundException: fr.inria.sacha.remining.coming.analyzer.Main
",1,
/app/data/coming_data/pair_02933,False,"Error: Could not find or load main class fr.inria.sacha.remining.coming.analyzer.Main
Caused by: java.lang.ClassNotFoundException: fr.inria.sacha.remining.coming.analyzer.Main
",1,
/app/data/coming_data/pair_02934,False,"Error: Could not find or load main class fr.inria.sacha.remining.coming.analyzer.Main
Caused by: java.lang.ClassNotFoundException: fr.inria.sacha.remining.coming.analyzer.Main
",1,
/app/data/coming_data/pair_02935,False,"Error: Could not find or load main class fr.inria.sacha.remining.coming.analyzer.Main
Caused by: java.lang.ClassNotFoundException: fr.inria.sacha.remining.coming.analyzer.Main
",1,
/app/data/coming_data/pair_02936,False,"Error: Could not find or load main class fr.inria.sacha.remining.coming.analyzer.Main
Caused by: java.lang.ClassNotFoundException: fr.inria.sacha.remining.coming.analyzer.Main
",1,
/app/data/coming_data/pair_02937,False,"Error: Could not find or load main class fr.inria.sacha.remining.coming.analyzer.Main
Caused by: java.lang.ClassNotFoundException: fr.inria.sacha.remining.coming.analyzer.Main
",1,
/app/data/coming_data/pair_02938,False,"Error: Could not find or load main class fr.inria.sacha.remining.coming.analyzer.Main
Caused by: java.lang.ClassNotFoundException: fr.inria.sacha.remining.coming.analyzer.Main
",1,
/app/data/coming_data/pair_02939,False,"Error: Could not find or load main class fr.inria.sacha.remining.coming.analyzer.Main
Caused by: java.lang.ClassNotFoundException: fr.inria.sacha.remining.coming.analyzer.Main
",1,
/app/data/coming_data/pair_02940,False,"Error: Could not find or load main class fr.inria.sacha.remining.coming.analyzer.Main
Caused by: java.lang.ClassNotFoundException: fr.inria.sacha.remining.coming.analyzer.Main
",1,
/app/data/coming_data/pair_02941,False,"Error: Could not find or load main class fr.inria.sacha.remining.coming.analyzer.Main
Caused by: java.lang.ClassNotFoundException: fr.inria.sacha.remining.coming.analyzer.Main
",1,
/app/data/coming_data/pair_02942,False,"Error: Could not find or load main class fr.inria.sacha.remining.coming.analyzer.Main
Caused by: java.lang.ClassNotFoundException: fr.inria.sacha.remining.coming.analyzer.Main
",1,
/app/data/coming_data/pair_02943,False,"Error: Could not find or load main class fr.inria.sacha.remining.coming.analyzer.Main
Caused by: java.lang.ClassNotFoundException: fr.inria.sacha.remining.coming.analyzer.Main
",1,
/app/data/coming_data/pair_02944,False,"Error: Could not find or load main class fr.inria.sacha.remining.coming.analyzer.Main
Caused by: java.lang.ClassNotFoundException: fr.inria.sacha.remining.coming.analyzer.Main
",1,
/app/data/coming_data/pair_02945,False,"Error: Could not find or load main class fr.inria.sacha.remining.coming.analyzer.Main
Caused by: java.lang.ClassNotFoundException: fr.inria.sacha.remining.coming.analyzer.Main
",1,
/app/data/coming_data/pair_02946,False,"Error: Could not find or load main class fr.inria.sacha.remining.coming.analyzer.Main
Caused by: java.lang.ClassNotFoundException: fr.inria.sacha.remining.coming.analyzer.Main
",1,
/app/data/coming_data/pair_02947,False,"Error: Could not find or load main class fr.inria.sacha.remining.coming.analyzer.Main
Caused by: java.lang.ClassNotFoundException: fr.inria.sacha.remining.coming.analyzer.Main
",1,
/app/data/coming_data/pair_02948,False,"Error: Could not find or load main class fr.inria.sacha.remining.coming.analyzer.Main
Caused by: java.lang.ClassNotFoundException: fr.inria.sacha.remining.coming.analyzer.Main
",1,
/app/data/coming_data/pair_02949,False,"Error: Could not find or load main class fr.inria.sacha.remining.coming.analyzer.Main
Caused by: java.lang.ClassNotFoundException: fr.inria.sacha.remining.coming.analyzer.Main
",1,
/app/data/coming_data/pair_02950,False,"Error: Could not find or load main class fr.inria.sacha.remining.coming.analyzer.Main
Caused by: java.lang.ClassNotFoundException: fr.inria.sacha.remining.coming.analyzer.Main
",1,
/app/data/coming_data/pair_02951,False,"Error: Could not find or load main class fr.inria.sacha.remining.coming.analyzer.Main
Caused by: java.lang.ClassNotFoundException: fr.inria.sacha.remining.coming.analyzer.Main
",1,
/app/data/coming_data/pair_02952,False,"Error: Could not find or load main class fr.inria.sacha.remining.coming.analyzer.Main
Caused by: java.lang.ClassNotFoundException: fr.inria.sacha.remining.coming.analyzer.Main
",1,
/app/data/coming_data/pair_02953,False,"Error: Could not find or load main class fr.inria.sacha.remining.coming.analyzer.Main
Caused by: java.lang.ClassNotFoundException: fr.inria.sacha.remining.coming.analyzer.Main
",1,
/app/data/coming_data/pair_02954,False,"Error: Could not find or load main class fr.inria.sacha.remining.coming.analyzer.Main
Caused by: java.lang.ClassNotFoundException: fr.inria.sacha.remining.coming.analyzer.Main
",1,
/app/data/coming_data/pair_02955,False,"Error: Could not find or load main class fr.inria.sacha.remining.coming.analyzer.Main
Caused by: java.lang.ClassNotFoundException: fr.inria.sacha.remining.coming.analyzer.Main
",1,
/app/data/coming_data/pair_02956,False,"Error: Could not find or load main class fr.inria.sacha.remining.coming.analyzer.Main
Caused by: java.lang.ClassNotFoundException: fr.inria.sacha.remining.coming.analyzer.Main
",1,
/app/data/coming_data/pair_02957,False,"Error: Could not find or load main class fr.inria.sacha.remining.coming.analyzer.Main
Caused by: java.lang.ClassNotFoundException: fr.inria.sacha.remining.coming.analyzer.Main
",1,
/app/data/coming_data/pair_02958,False,"Error: Could not find or load main class fr.inria.sacha.remining.coming.analyzer.Main
Caused by: java.lang.ClassNotFoundException: fr.inria.sacha.remining.coming.analyzer.Main
",1,
/app/data/coming_data/pair_02959,False,"Error: Could not find or load main class fr.inria.sacha.remining.coming.analyzer.Main
Caused by: java.lang.ClassNotFoundException: fr.inria.sacha.remining.coming.analyzer.Main
",1,
/app/data/coming_data/pair_02960,False,"Error: Could not find or load main class fr.inria.sacha.remining.coming.analyzer.Main
Caused by: java.lang.ClassNotFoundException: fr.inria.sacha.remining.coming.analyzer.Main
",1,
/app/data/coming_data/pair_02961,False,"Error: Could not find or load main class fr.inria.sacha.remining.coming.analyzer.Main
Caused by: java.lang.ClassNotFoundException: fr.inria.sacha.remining.coming.analyzer.Main
",1,
/app/data/coming_data/pair_02962,False,"Error: Could not find or load main class fr.inria.sacha.remining.coming.analyzer.Main
Caused by: java.lang.ClassNotFoundException: fr.inria.sacha.remining.coming.analyzer.Main
",1,
/app/data/coming_data/pair_02963,False,"Error: Could not find or load main class fr.inria.sacha.remining.coming.analyzer.Main
Caused by: java.lang.ClassNotFoundException: fr.inria.sacha.remining.coming.analyzer.Main
",1,
/app/data/coming_data/pair_02964,False,"Error: Could not find or load main class fr.inria.sacha.remining.coming.analyzer.Main
Caused by: java.lang.ClassNotFoundException: fr.inria.sacha.remining.coming.analyzer.Main
",1,
/app/data/coming_data/pair_02965,False,"Error: Could not find or load main class fr.inria.sacha.remining.coming.analyzer.Main
Caused by: java.lang.ClassNotFoundException: fr.inria.sacha.remining.coming.analyzer.Main
",1,
/app/data/coming_data/pair_02966,False,"Error: Could not find or load main class fr.inria.sacha.remining.coming.analyzer.Main
Caused by: java.lang.ClassNotFoundException: fr.inria.sacha.remining.coming.analyzer.Main
",1,
/app/data/coming_data/pair_02967,False,"Error: Could not find or load main class fr.inria.sacha.remining.coming.analyzer.Main
Caused by: java.lang.ClassNotFoundException: fr.inria.sacha.remining.coming.analyzer.Main
",1,
/app/data/coming_data/pair_02968,False,"Error: Could not find or load main class fr.inria.sacha.remining.coming.analyzer.Main
Caused by: java.lang.ClassNotFoundException: fr.inria.sacha.remining.coming.analyzer.Main
",1,
/app/data/coming_data/pair_02969,False,"Error: Could not find or load main class fr.inria.sacha.remining.coming.analyzer.Main
Caused by: java.lang.ClassNotFoundException: fr.inria.sacha.remining.coming.analyzer.Main
",1,
/app/data/coming_data/pair_02970,False,"Error: Could not find or load main class fr.inria.sacha.remining.coming.analyzer.Main
Caused by: java.lang.ClassNotFoundException: fr.inria.sacha.remining.coming.analyzer.Main
",1,
/app/data/coming_data/pair_02971,False,"Error: Could not find or load main class fr.inria.sacha.remining.coming.analyzer.Main
Caused by: java.lang.ClassNotFoundException: fr.inria.sacha.remining.coming.analyzer.Main
",1,
/app/data/coming_data/pair_02972,False,"Error: Could not find or load main class fr.inria.sacha.remining.coming.analyzer.Main
Caused by: java.lang.ClassNotFoundException: fr.inria.sacha.remining.coming.analyzer.Main
",1,
/app/data/coming_data/pair_02973,False,"Error: Could not find or load main class fr.inria.sacha.remining.coming.analyzer.Main
Caused by: java.lang.ClassNotFoundException: fr.inria.sacha.remining.coming.analyzer.Main
",1,
/app/data/coming_data/pair_02974,False,"Error: Could not find or load main class fr.inria.sacha.remining.coming.analyzer.Main
Caused by: java.lang.ClassNotFoundException: fr.inria.sacha.remining.coming.analyzer.Main
",1,
/app/data/coming_data/pair_02975,False,"Error: Could not find or load main class fr.inria.sacha.remining.coming.analyzer.Main
Caused by: java.lang.ClassNotFoundException: fr.inria.sacha.remining.coming.analyzer.Main
",1,
/app/data/coming_data/pair_02976,False,"Error: Could not find or load main class fr.inria.sacha.remining.coming.analyzer.Main
Caused by: java.lang.ClassNotFoundException: fr.inria.sacha.remining.coming.analyzer.Main
",1,
/app/data/coming_data/pair_02977,False,"Error: Could not find or load main class fr.inria.sacha.remining.coming.analyzer.Main
Caused by: java.lang.ClassNotFoundException: fr.inria.sacha.remining.coming.analyzer.Main
",1,
/app/data/coming_data/pair_02978,False,"Error: Could not find or load main class fr.inria.sacha.remining.coming.analyzer.Main
Caused by: java.lang.ClassNotFoundException: fr.inria.sacha.remining.coming.analyzer.Main
",1,
/app/data/coming_data/pair_02979,False,"Error: Could not find or load main class fr.inria.sacha.remining.coming.analyzer.Main
Caused by: java.lang.ClassNotFoundException: fr.inria.sacha.remining.coming.analyzer.Main
",1,
/app/data/coming_data/pair_02980,False,"Error: Could not find or load main class fr.inria.sacha.remining.coming.analyzer.Main
Caused by: java.lang.ClassNotFoundException: fr.inria.sacha.remining.coming.analyzer.Main
",1,
/app/data/coming_data/pair_02981,False,"Error: Could not find or load main class fr.inria.sacha.remining.coming.analyzer.Main
Caused by: java.lang.ClassNotFoundException: fr.inria.sacha.remining.coming.analyzer.Main
",1,
/app/data/coming_data/pair_02982,False,"Error: Could not find or load main class fr.inria.sacha.remining.coming.analyzer.Main
Caused by: java.lang.ClassNotFoundException: fr.inria.sacha.remining.coming.analyzer.Main
",1,
/app/data/coming_data/pair_02983,False,"Error: Could not find or load main class fr.inria.sacha.remining.coming.analyzer.Main
Caused by: java.lang.ClassNotFoundException: fr.inria.sacha.remining.coming.analyzer.Main
",1,
/app/data/coming_data/pair_02984,False,"Error: Could not find or load main class fr.inria.sacha.remining.coming.analyzer.Main
Caused by: java.lang.ClassNotFoundException: fr.inria.sacha.remining.coming.analyzer.Main
",1,
/app/data/coming_data/pair_02985,False,"Error: Could not find or load main class fr.inria.sacha.remining.coming.analyzer.Main
Caused by: java.lang.ClassNotFoundException: fr.inria.sacha.remining.coming.analyzer.Main
",1,
/app/data/coming_data/pair_02986,False,"Error: Could not find or load main class fr.inria.sacha.remining.coming.analyzer.Main
Caused by: java.lang.ClassNotFoundException: fr.inria.sacha.remining.coming.analyzer.Main
",1,
/app/data/coming_data/pair_02987,False,"Error: Could not find or load main class fr.inria.sacha.remining.coming.analyzer.Main
Caused by: java.lang.ClassNotFoundException: fr.inria.sacha.remining.coming.analyzer.Main
",1,
/app/data/coming_data/pair_02988,False,"Error: Could not find or load main class fr.inria.sacha.remining.coming.analyzer.Main
Caused by: java.lang.ClassNotFoundException: fr.inria.sacha.remining.coming.analyzer.Main
",1,
/app/data/coming_data/pair_02989,False,"Error: Could not find or load main class fr.inria.sacha.remining.coming.analyzer.Main
Caused by: java.lang.ClassNotFoundException: fr.inria.sacha.remining.coming.analyzer.Main
",1,
/app/data/coming_data/pair_02990,False,"Error: Could not find or load main class fr.inria.sacha.remining.coming.analyzer.Main
Caused by: java.lang.ClassNotFoundException: fr.inria.sacha.remining.coming.analyzer.Main
",1,
/app/data/coming_data/pair_02991,False,"Error: Could not find or load main class fr.inria.sacha.remining.coming.analyzer.Main
Caused by: java.lang.ClassNotFoundException: fr.inria.sacha.remining.coming.analyzer.Main
",1,
/app/data/coming_data/pair_02992,False,"Error: Could not find or load main class fr.inria.sacha.remining.coming.analyzer.Main
Caused by: java.lang.ClassNotFoundException: fr.inria.sacha.remining.coming.analyzer.Main
",1,
/app/data/coming_data/pair_02993,False,"Error: Could not find or load main class fr.inria.sacha.remining.coming.analyzer.Main
Caused by: java.lang.ClassNotFoundException: fr.inria.sacha.remining.coming.analyzer.Main
",1,
/app/data/coming_data/pair_02994,False,"Error: Could not find or load main class fr.inria.sacha.remining.coming.analyzer.Main
Caused by: java.lang.ClassNotFoundException: fr.inria.sacha.remining.coming.analyzer.Main
",1,
/app/data/coming_data/pair_02995,False,"Error: Could not find or load main class fr.inria.sacha.remining.coming.analyzer.Main
Caused by: java.lang.ClassNotFoundException: fr.inria.sacha.remining.coming.analyzer.Main
",1,
/app/data/coming_data/pair_02996,False,"Error: Could not find or load main class fr.inria.sacha.remining.coming.analyzer.Main
Caused by: java.lang.ClassNotFoundException: fr.inria.sacha.remining.coming.analyzer.Main
",1,
/app/data/coming_data/pair_02997,False,"Error: Could not find or load main class fr.inria.sacha.remining.coming.analyzer.Main
Caused by: java.lang.ClassNotFoundException: fr.inria.sacha.remining.coming.analyzer.Main
",1,
/app/data/coming_data/pair_02998,False,"Error: Could not find or load main class fr.inria.sacha.remining.coming.analyzer.Main
Caused by: java.lang.ClassNotFoundException: fr.inria.sacha.remining.coming.analyzer.Main
",1,
/app/data/coming_data/pair_02999,False,"Error: Could not find or load main class fr.inria.sacha.remining.coming.analyzer.Main
Caused by: java.lang.ClassNotFoundException: fr.inria.sacha.remining.coming.analyzer.Main
",1,
/app/data/coming_data/pair_03000,False,"Error: Could not find or load main class fr.inria.sacha.remining.coming.analyzer.Main
Caused by: java.lang.ClassNotFoundException: fr.inria.sacha.remining.coming.analyzer.Main
",1,
/app/data/coming_data/pair_03001,False,"Error: Could not find or load main class fr.inria.sacha.remining.coming.analyzer.Main
Caused by: java.lang.ClassNotFoundException: fr.inria.sacha.remining.coming.analyzer.Main
",1,
/app/data/coming_data/pair_03002,False,"Error: Could not find or load main class fr.inria.sacha.remining.coming.analyzer.Main
Caused by: java.lang.ClassNotFoundException: fr.inria.sacha.remining.coming.analyzer.Main
",1,
/app/data/coming_data/pair_03003,False,"Error: Could not find or load main class fr.inria.sacha.remining.coming.analyzer.Main
Caused by: java.lang.ClassNotFoundException: fr.inria.sacha.remining.coming.analyzer.Main
",1,
/app/data/coming_data/pair_03004,False,"Error: Could not find or load main class fr.inria.sacha.remining.coming.analyzer.Main
Caused by: java.lang.ClassNotFoundException: fr.inria.sacha.remining.coming.analyzer.Main
",1,
/app/data/coming_data/pair_03005,False,"Error: Could not find or load main class fr.inria.sacha.remining.coming.analyzer.Main
Caused by: java.lang.ClassNotFoundException: fr.inria.sacha.remining.coming.analyzer.Main
",1,
/app/data/coming_data/pair_03006,False,"Error: Could not find or load main class fr.inria.sacha.remining.coming.analyzer.Main
Caused by: java.lang.ClassNotFoundException: fr.inria.sacha.remining.coming.analyzer.Main
",1,
/app/data/coming_data/pair_03007,False,"Error: Could not find or load main class fr.inria.sacha.remining.coming.analyzer.Main
Caused by: java.lang.ClassNotFoundException: fr.inria.sacha.remining.coming.analyzer.Main
",1,
/app/data/coming_data/pair_03008,False,"Error: Could not find or load main class fr.inria.sacha.remining.coming.analyzer.Main
Caused by: java.lang.ClassNotFoundException: fr.inria.sacha.remining.coming.analyzer.Main
",1,
/app/data/coming_data/pair_03009,False,"Error: Could not find or load main class fr.inria.sacha.remining.coming.analyzer.Main
Caused by: java.lang.ClassNotFoundException: fr.inria.sacha.remining.coming.analyzer.Main
",1,
/app/data/coming_data/pair_03010,False,"Error: Could not find or load main class fr.inria.sacha.remining.coming.analyzer.Main
Caused by: java.lang.ClassNotFoundException: fr.inria.sacha.remining.coming.analyzer.Main
",1,
/app/data/coming_data/pair_03011,False,"Error: Could not find or load main class fr.inria.sacha.remining.coming.analyzer.Main
Caused by: java.lang.ClassNotFoundException: fr.inria.sacha.remining.coming.analyzer.Main
",1,
/app/data/coming_data/pair_03012,False,"Error: Could not find or load main class fr.inria.sacha.remining.coming.analyzer.Main
Caused by: java.lang.ClassNotFoundException: fr.inria.sacha.remining.coming.analyzer.Main
",1,
/app/data/coming_data/pair_03013,False,"Error: Could not find or load main class fr.inria.sacha.remining.coming.analyzer.Main
Caused by: java.lang.ClassNotFoundException: fr.inria.sacha.remining.coming.analyzer.Main
",1,
/app/data/coming_data/pair_03014,False,"Error: Could not find or load main class fr.inria.sacha.remining.coming.analyzer.Main
Caused by: java.lang.ClassNotFoundException: fr.inria.sacha.remining.coming.analyzer.Main
",1,
/app/data/coming_data/pair_03015,False,"Error: Could not find or load main class fr.inria.sacha.remining.coming.analyzer.Main
Caused by: java.lang.ClassNotFoundException: fr.inria.sacha.remining.coming.analyzer.Main
",1,
/app/data/coming_data/pair_03016,False,"Error: Could not find or load main class fr.inria.sacha.remining.coming.analyzer.Main
Caused by: java.lang.ClassNotFoundException: fr.inria.sacha.remining.coming.analyzer.Main
",1,
/app/data/coming_data/pair_03017,False,"Error: Could not find or load main class fr.inria.sacha.remining.coming.analyzer.Main
Caused by: java.lang.ClassNotFoundException: fr.inria.sacha.remining.coming.analyzer.Main
",1,
/app/data/coming_data/pair_03018,False,"Error: Could not find or load main class fr.inria.sacha.remining.coming.analyzer.Main
Caused by: java.lang.ClassNotFoundException: fr.inria.sacha.remining.coming.analyzer.Main
",1,
/app/data/coming_data/pair_03019,False,"Error: Could not find or load main class fr.inria.sacha.remining.coming.analyzer.Main
Caused by: java.lang.ClassNotFoundException: fr.inria.sacha.remining.coming.analyzer.Main
",1,
/app/data/coming_data/pair_03020,False,"Error: Could not find or load main class fr.inria.sacha.remining.coming.analyzer.Main
Caused by: java.lang.ClassNotFoundException: fr.inria.sacha.remining.coming.analyzer.Main
",1,
/app/data/coming_data/pair_03021,False,"Error: Could not find or load main class fr.inria.sacha.remining.coming.analyzer.Main
Caused by: java.lang.ClassNotFoundException: fr.inria.sacha.remining.coming.analyzer.Main
",1,
/app/data/coming_data/pair_03022,False,"Error: Could not find or load main class fr.inria.sacha.remining.coming.analyzer.Main
Caused by: java.lang.ClassNotFoundException: fr.inria.sacha.remining.coming.analyzer.Main
",1,
/app/data/coming_data/pair_03023,False,"Error: Could not find or load main class fr.inria.sacha.remining.coming.analyzer.Main
Caused by: java.lang.ClassNotFoundException: fr.inria.sacha.remining.coming.analyzer.Main
",1,
/app/data/coming_data/pair_03024,False,"Error: Could not find or load main class fr.inria.sacha.remining.coming.analyzer.Main
Caused by: java.lang.ClassNotFoundException: fr.inria.sacha.remining.coming.analyzer.Main
",1,
/app/data/coming_data/pair_03025,False,"Error: Could not find or load main class fr.inria.sacha.remining.coming.analyzer.Main
Caused by: java.lang.ClassNotFoundException: fr.inria.sacha.remining.coming.analyzer.Main
",1,
/app/data/coming_data/pair_03026,False,"Error: Could not find or load main class fr.inria.sacha.remining.coming.analyzer.Main
Caused by: java.lang.ClassNotFoundException: fr.inria.sacha.remining.coming.analyzer.Main
",1,
/app/data/coming_data/pair_03027,False,"Error: Could not find or load main class fr.inria.sacha.remining.coming.analyzer.Main
Caused by: java.lang.ClassNotFoundException: fr.inria.sacha.remining.coming.analyzer.Main
",1,
/app/data/coming_data/pair_03028,False,"Error: Could not find or load main class fr.inria.sacha.remining.coming.analyzer.Main
Caused by: java.lang.ClassNotFoundException: fr.inria.sacha.remining.coming.analyzer.Main
",1,
/app/data/coming_data/pair_03029,False,"Error: Could not find or load main class fr.inria.sacha.remining.coming.analyzer.Main
Caused by: java.lang.ClassNotFoundException: fr.inria.sacha.remining.coming.analyzer.Main
",1,
/app/data/coming_data/pair_03030,False,"Error: Could not find or load main class fr.inria.sacha.remining.coming.analyzer.Main
Caused by: java.lang.ClassNotFoundException: fr.inria.sacha.remining.coming.analyzer.Main
",1,
/app/data/coming_data/pair_03031,False,"Error: Could not find or load main class fr.inria.sacha.remining.coming.analyzer.Main
Caused by: java.lang.ClassNotFoundException: fr.inria.sacha.remining.coming.analyzer.Main
",1,
/app/data/coming_data/pair_03032,False,"Error: Could not find or load main class fr.inria.sacha.remining.coming.analyzer.Main
Caused by: java.lang.ClassNotFoundException: fr.inria.sacha.remining.coming.analyzer.Main
",1,
/app/data/coming_data/pair_03033,False,"Error: Could not find or load main class fr.inria.sacha.remining.coming.analyzer.Main
Caused by: java.lang.ClassNotFoundException: fr.inria.sacha.remining.coming.analyzer.Main
",1,
/app/data/coming_data/pair_03034,False,"Error: Could not find or load main class fr.inria.sacha.remining.coming.analyzer.Main
Caused by: java.lang.ClassNotFoundException: fr.inria.sacha.remining.coming.analyzer.Main
",1,
/app/data/coming_data/pair_03035,False,"Error: Could not find or load main class fr.inria.sacha.remining.coming.analyzer.Main
Caused by: java.lang.ClassNotFoundException: fr.inria.sacha.remining.coming.analyzer.Main
",1,
/app/data/coming_data/pair_03036,False,"Error: Could not find or load main class fr.inria.sacha.remining.coming.analyzer.Main
Caused by: java.lang.ClassNotFoundException: fr.inria.sacha.remining.coming.analyzer.Main
",1,
/app/data/coming_data/pair_03037,False,"Error: Could not find or load main class fr.inria.sacha.remining.coming.analyzer.Main
Caused by: java.lang.ClassNotFoundException: fr.inria.sacha.remining.coming.analyzer.Main
",1,
/app/data/coming_data/pair_03038,False,"Error: Could not find or load main class fr.inria.sacha.remining.coming.analyzer.Main
Caused by: java.lang.ClassNotFoundException: fr.inria.sacha.remining.coming.analyzer.Main
",1,
/app/data/coming_data/pair_03039,False,"Error: Could not find or load main class fr.inria.sacha.remining.coming.analyzer.Main
Caused by: java.lang.ClassNotFoundException: fr.inria.sacha.remining.coming.analyzer.Main
",1,
/app/data/coming_data/pair_03040,False,"Error: Could not find or load main class fr.inria.sacha.remining.coming.analyzer.Main
Caused by: java.lang.ClassNotFoundException: fr.inria.sacha.remining.coming.analyzer.Main
",1,
/app/data/coming_data/pair_03041,False,"Error: Could not find or load main class fr.inria.sacha.remining.coming.analyzer.Main
Caused by: java.lang.ClassNotFoundException: fr.inria.sacha.remining.coming.analyzer.Main
",1,
/app/data/coming_data/pair_03042,False,"Error: Could not find or load main class fr.inria.sacha.remining.coming.analyzer.Main
Caused by: java.lang.ClassNotFoundException: fr.inria.sacha.remining.coming.analyzer.Main
",1,
/app/data/coming_data/pair_03043,False,"Error: Could not find or load main class fr.inria.sacha.remining.coming.analyzer.Main
Caused by: java.lang.ClassNotFoundException: fr.inria.sacha.remining.coming.analyzer.Main
",1,
/app/data/coming_data/pair_03044,False,"Error: Could not find or load main class fr.inria.sacha.remining.coming.analyzer.Main
Caused by: java.lang.ClassNotFoundException: fr.inria.sacha.remining.coming.analyzer.Main
",1,
/app/data/coming_data/pair_03045,False,"Error: Could not find or load main class fr.inria.sacha.remining.coming.analyzer.Main
Caused by: java.lang.ClassNotFoundException: fr.inria.sacha.remining.coming.analyzer.Main
",1,
/app/data/coming_data/pair_03046,False,"Error: Could not find or load main class fr.inria.sacha.remining.coming.analyzer.Main
Caused by: java.lang.ClassNotFoundException: fr.inria.sacha.remining.coming.analyzer.Main
",1,
/app/data/coming_data/pair_03047,False,"Error: Could not find or load main class fr.inria.sacha.remining.coming.analyzer.Main
Caused by: java.lang.ClassNotFoundException: fr.inria.sacha.remining.coming.analyzer.Main
",1,
/app/data/coming_data/pair_03048,False,"Error: Could not find or load main class fr.inria.sacha.remining.coming.analyzer.Main
Caused by: java.lang.ClassNotFoundException: fr.inria.sacha.remining.coming.analyzer.Main
",1,
/app/data/coming_data/pair_03049,False,"Error: Could not find or load main class fr.inria.sacha.remining.coming.analyzer.Main
Caused by: java.lang.ClassNotFoundException: fr.inria.sacha.remining.coming.analyzer.Main
",1,
/app/data/coming_data/pair_03050,False,"Error: Could not find or load main class fr.inria.sacha.remining.coming.analyzer.Main
Caused by: java.lang.ClassNotFoundException: fr.inria.sacha.remining.coming.analyzer.Main
",1,
/app/data/coming_data/pair_03051,False,"Error: Could not find or load main class fr.inria.sacha.remining.coming.analyzer.Main
Caused by: java.lang.ClassNotFoundException: fr.inria.sacha.remining.coming.analyzer.Main
",1,
/app/data/coming_data/pair_03052,False,"Error: Could not find or load main class fr.inria.sacha.remining.coming.analyzer.Main
Caused by: java.lang.ClassNotFoundException: fr.inria.sacha.remining.coming.analyzer.Main
",1,
/app/data/coming_data/pair_03053,False,"Error: Could not find or load main class fr.inria.sacha.remining.coming.analyzer.Main
Caused by: java.lang.ClassNotFoundException: fr.inria.sacha.remining.coming.analyzer.Main
",1,
/app/data/coming_data/pair_03054,False,"Error: Could not find or load main class fr.inria.sacha.remining.coming.analyzer.Main
Caused by: java.lang.ClassNotFoundException: fr.inria.sacha.remining.coming.analyzer.Main
",1,
/app/data/coming_data/pair_03055,False,"Error: Could not find or load main class fr.inria.sacha.remining.coming.analyzer.Main
Caused by: java.lang.ClassNotFoundException: fr.inria.sacha.remining.coming.analyzer.Main
",1,
/app/data/coming_data/pair_03056,False,"Error: Could not find or load main class fr.inria.sacha.remining.coming.analyzer.Main
Caused by: java.lang.ClassNotFoundException: fr.inria.sacha.remining.coming.analyzer.Main
",1,
/app/data/coming_data/pair_03057,False,"Error: Could not find or load main class fr.inria.sacha.remining.coming.analyzer.Main
Caused by: java.lang.ClassNotFoundException: fr.inria.sacha.remining.coming.analyzer.Main
",1,
/app/data/coming_data/pair_03058,False,"Error: Could not find or load main class fr.inria.sacha.remining.coming.analyzer.Main
Caused by: java.lang.ClassNotFoundException: fr.inria.sacha.remining.coming.analyzer.Main
",1,
/app/data/coming_data/pair_03059,False,"Error: Could not find or load main class fr.inria.sacha.remining.coming.analyzer.Main
Caused by: java.lang.ClassNotFoundException: fr.inria.sacha.remining.coming.analyzer.Main
",1,
/app/data/coming_data/pair_03060,False,"Error: Could not find or load main class fr.inria.sacha.remining.coming.analyzer.Main
Caused by: java.lang.ClassNotFoundException: fr.inria.sacha.remining.coming.analyzer.Main
",1,
/app/data/coming_data/pair_03061,False,"Error: Could not find or load main class fr.inria.sacha.remining.coming.analyzer.Main
Caused by: java.lang.ClassNotFoundException: fr.inria.sacha.remining.coming.analyzer.Main
",1,
/app/data/coming_data/pair_03062,False,"Error: Could not find or load main class fr.inria.sacha.remining.coming.analyzer.Main
Caused by: java.lang.ClassNotFoundException: fr.inria.sacha.remining.coming.analyzer.Main
",1,
/app/data/coming_data/pair_03063,False,"Error: Could not find or load main class fr.inria.sacha.remining.coming.analyzer.Main
Caused by: java.lang.ClassNotFoundException: fr.inria.sacha.remining.coming.analyzer.Main
",1,
/app/data/coming_data/pair_03064,False,"Error: Could not find or load main class fr.inria.sacha.remining.coming.analyzer.Main
Caused by: java.lang.ClassNotFoundException: fr.inria.sacha.remining.coming.analyzer.Main
",1,
/app/data/coming_data/pair_03065,False,"Error: Could not find or load main class fr.inria.sacha.remining.coming.analyzer.Main
Caused by: java.lang.ClassNotFoundException: fr.inria.sacha.remining.coming.analyzer.Main
",1,
/app/data/coming_data/pair_03066,False,"Error: Could not find or load main class fr.inria.sacha.remining.coming.analyzer.Main
Caused by: java.lang.ClassNotFoundException: fr.inria.sacha.remining.coming.analyzer.Main
",1,
/app/data/coming_data/pair_03067,False,"Error: Could not find or load main class fr.inria.sacha.remining.coming.analyzer.Main
Caused by: java.lang.ClassNotFoundException: fr.inria.sacha.remining.coming.analyzer.Main
",1,
/app/data/coming_data/pair_03068,False,"Error: Could not find or load main class fr.inria.sacha.remining.coming.analyzer.Main
Caused by: java.lang.ClassNotFoundException: fr.inria.sacha.remining.coming.analyzer.Main
",1,
/app/data/coming_data/pair_03069,False,"Error: Could not find or load main class fr.inria.sacha.remining.coming.analyzer.Main
Caused by: java.lang.ClassNotFoundException: fr.inria.sacha.remining.coming.analyzer.Main
",1,
/app/data/coming_data/pair_03070,False,"Error: Could not find or load main class fr.inria.sacha.remining.coming.analyzer.Main
Caused by: java.lang.ClassNotFoundException: fr.inria.sacha.remining.coming.analyzer.Main
",1,
/app/data/coming_data/pair_03071,False,"Error: Could not find or load main class fr.inria.sacha.remining.coming.analyzer.Main
Caused by: java.lang.ClassNotFoundException: fr.inria.sacha.remining.coming.analyzer.Main
",1,
/app/data/coming_data/pair_03072,False,"Error: Could not find or load main class fr.inria.sacha.remining.coming.analyzer.Main
Caused by: java.lang.ClassNotFoundException: fr.inria.sacha.remining.coming.analyzer.Main
",1,
/app/data/coming_data/pair_03073,False,"Error: Could not find or load main class fr.inria.sacha.remining.coming.analyzer.Main
Caused by: java.lang.ClassNotFoundException: fr.inria.sacha.remining.coming.analyzer.Main
",1,
/app/data/coming_data/pair_03074,False,"Error: Could not find or load main class fr.inria.sacha.remining.coming.analyzer.Main
Caused by: java.lang.ClassNotFoundException: fr.inria.sacha.remining.coming.analyzer.Main
",1,
/app/data/coming_data/pair_03075,False,"Error: Could not find or load main class fr.inria.sacha.remining.coming.analyzer.Main
Caused by: java.lang.ClassNotFoundException: fr.inria.sacha.remining.coming.analyzer.Main
",1,
/app/data/coming_data/pair_03076,False,"Error: Could not find or load main class fr.inria.sacha.remining.coming.analyzer.Main
Caused by: java.lang.ClassNotFoundException: fr.inria.sacha.remining.coming.analyzer.Main
",1,
/app/data/coming_data/pair_03077,False,"Error: Could not find or load main class fr.inria.sacha.remining.coming.analyzer.Main
Caused by: java.lang.ClassNotFoundException: fr.inria.sacha.remining.coming.analyzer.Main
",1,
/app/data/coming_data/pair_03078,False,"Error: Could not find or load main class fr.inria.sacha.remining.coming.analyzer.Main
Caused by: java.lang.ClassNotFoundException: fr.inria.sacha.remining.coming.analyzer.Main
",1,
/app/data/coming_data/pair_03079,False,"Error: Could not find or load main class fr.inria.sacha.remining.coming.analyzer.Main
Caused by: java.lang.ClassNotFoundException: fr.inria.sacha.remining.coming.analyzer.Main
",1,
/app/data/coming_data/pair_03080,False,"Error: Could not find or load main class fr.inria.sacha.remining.coming.analyzer.Main
Caused by: java.lang.ClassNotFoundException: fr.inria.sacha.remining.coming.analyzer.Main
",1,
/app/data/coming_data/pair_03081,False,"Error: Could not find or load main class fr.inria.sacha.remining.coming.analyzer.Main
Caused by: java.lang.ClassNotFoundException: fr.inria.sacha.remining.coming.analyzer.Main
",1,
/app/data/coming_data/pair_03082,False,"Error: Could not find or load main class fr.inria.sacha.remining.coming.analyzer.Main
Caused by: java.lang.ClassNotFoundException: fr.inria.sacha.remining.coming.analyzer.Main
",1,
/app/data/coming_data/pair_03083,False,"Error: Could not find or load main class fr.inria.sacha.remining.coming.analyzer.Main
Caused by: java.lang.ClassNotFoundException: fr.inria.sacha.remining.coming.analyzer.Main
",1,
/app/data/coming_data/pair_03084,False,"Error: Could not find or load main class fr.inria.sacha.remining.coming.analyzer.Main
Caused by: java.lang.ClassNotFoundException: fr.inria.sacha.remining.coming.analyzer.Main
",1,
/app/data/coming_data/pair_03085,False,"Error: Could not find or load main class fr.inria.sacha.remining.coming.analyzer.Main
Caused by: java.lang.ClassNotFoundException: fr.inria.sacha.remining.coming.analyzer.Main
",1,
/app/data/coming_data/pair_03086,False,"Error: Could not find or load main class fr.inria.sacha.remining.coming.analyzer.Main
Caused by: java.lang.ClassNotFoundException: fr.inria.sacha.remining.coming.analyzer.Main
",1,
/app/data/coming_data/pair_03087,False,"Error: Could not find or load main class fr.inria.sacha.remining.coming.analyzer.Main
Caused by: java.lang.ClassNotFoundException: fr.inria.sacha.remining.coming.analyzer.Main
",1,
/app/data/coming_data/pair_03088,False,"Error: Could not find or load main class fr.inria.sacha.remining.coming.analyzer.Main
Caused by: java.lang.ClassNotFoundException: fr.inria.sacha.remining.coming.analyzer.Main
",1,
/app/data/coming_data/pair_03089,False,"Error: Could not find or load main class fr.inria.sacha.remining.coming.analyzer.Main
Caused by: java.lang.ClassNotFoundException: fr.inria.sacha.remining.coming.analyzer.Main
",1,
/app/data/coming_data/pair_03090,False,"Error: Could not find or load main class fr.inria.sacha.remining.coming.analyzer.Main
Caused by: java.lang.ClassNotFoundException: fr.inria.sacha.remining.coming.analyzer.Main
",1,
/app/data/coming_data/pair_03091,False,"Error: Could not find or load main class fr.inria.sacha.remining.coming.analyzer.Main
Caused by: java.lang.ClassNotFoundException: fr.inria.sacha.remining.coming.analyzer.Main
",1,
/app/data/coming_data/pair_03092,False,"Error: Could not find or load main class fr.inria.sacha.remining.coming.analyzer.Main
Caused by: java.lang.ClassNotFoundException: fr.inria.sacha.remining.coming.analyzer.Main
",1,
/app/data/coming_data/pair_03093,False,"Error: Could not find or load main class fr.inria.sacha.remining.coming.analyzer.Main
Caused by: java.lang.ClassNotFoundException: fr.inria.sacha.remining.coming.analyzer.Main
",1,
/app/data/coming_data/pair_03094,False,"Error: Could not find or load main class fr.inria.sacha.remining.coming.analyzer.Main
Caused by: java.lang.ClassNotFoundException: fr.inria.sacha.remining.coming.analyzer.Main
",1,
/app/data/coming_data/pair_03095,False,"Error: Could not find or load main class fr.inria.sacha.remining.coming.analyzer.Main
Caused by: java.lang.ClassNotFoundException: fr.inria.sacha.remining.coming.analyzer.Main
",1,
/app/data/coming_data/pair_03096,False,"Error: Could not find or load main class fr.inria.sacha.remining.coming.analyzer.Main
Caused by: java.lang.ClassNotFoundException: fr.inria.sacha.remining.coming.analyzer.Main
",1,
/app/data/coming_data/pair_03097,False,"Error: Could not find or load main class fr.inria.sacha.remining.coming.analyzer.Main
Caused by: java.lang.ClassNotFoundException: fr.inria.sacha.remining.coming.analyzer.Main
",1,
/app/data/coming_data/pair_03098,False,"Error: Could not find or load main class fr.inria.sacha.remining.coming.analyzer.Main
Caused by: java.lang.ClassNotFoundException: fr.inria.sacha.remining.coming.analyzer.Main
",1,
/app/data/coming_data/pair_03099,False,"Error: Could not find or load main class fr.inria.sacha.remining.coming.analyzer.Main
Caused by: java.lang.ClassNotFoundException: fr.inria.sacha.remining.coming.analyzer.Main
",1,
/app/data/coming_data/pair_03100,False,"Error: Could not find or load main class fr.inria.sacha.remining.coming.analyzer.Main
Caused by: java.lang.ClassNotFoundException: fr.inria.sacha.remining.coming.analyzer.Main
",1,
/app/data/coming_data/pair_03101,False,"Error: Could not find or load main class fr.inria.sacha.remining.coming.analyzer.Main
Caused by: java.lang.ClassNotFoundException: fr.inria.sacha.remining.coming.analyzer.Main
",1,
/app/data/coming_data/pair_03102,False,"Error: Could not find or load main class fr.inria.sacha.remining.coming.analyzer.Main
Caused by: java.lang.ClassNotFoundException: fr.inria.sacha.remining.coming.analyzer.Main
",1,
/app/data/coming_data/pair_03103,False,"Error: Could not find or load main class fr.inria.sacha.remining.coming.analyzer.Main
Caused by: java.lang.ClassNotFoundException: fr.inria.sacha.remining.coming.analyzer.Main
",1,
/app/data/coming_data/pair_03104,False,"Error: Could not find or load main class fr.inria.sacha.remining.coming.analyzer.Main
Caused by: java.lang.ClassNotFoundException: fr.inria.sacha.remining.coming.analyzer.Main
",1,
/app/data/coming_data/pair_03105,False,"Error: Could not find or load main class fr.inria.sacha.remining.coming.analyzer.Main
Caused by: java.lang.ClassNotFoundException: fr.inria.sacha.remining.coming.analyzer.Main
",1,
/app/data/coming_data/pair_03106,False,"Error: Could not find or load main class fr.inria.sacha.remining.coming.analyzer.Main
Caused by: java.lang.ClassNotFoundException: fr.inria.sacha.remining.coming.analyzer.Main
",1,
/app/data/coming_data/pair_03107,False,"Error: Could not find or load main class fr.inria.sacha.remining.coming.analyzer.Main
Caused by: java.lang.ClassNotFoundException: fr.inria.sacha.remining.coming.analyzer.Main
",1,
/app/data/coming_data/pair_03108,False,"Error: Could not find or load main class fr.inria.sacha.remining.coming.analyzer.Main
Caused by: java.lang.ClassNotFoundException: fr.inria.sacha.remining.coming.analyzer.Main
",1,
/app/data/coming_data/pair_03109,False,"Error: Could not find or load main class fr.inria.sacha.remining.coming.analyzer.Main
Caused by: java.lang.ClassNotFoundException: fr.inria.sacha.remining.coming.analyzer.Main
",1,
/app/data/coming_data/pair_03110,False,"Error: Could not find or load main class fr.inria.sacha.remining.coming.analyzer.Main
Caused by: java.lang.ClassNotFoundException: fr.inria.sacha.remining.coming.analyzer.Main
",1,
/app/data/coming_data/pair_03111,False,"Error: Could not find or load main class fr.inria.sacha.remining.coming.analyzer.Main
Caused by: java.lang.ClassNotFoundException: fr.inria.sacha.remining.coming.analyzer.Main
",1,
/app/data/coming_data/pair_03112,False,"Error: Could not find or load main class fr.inria.sacha.remining.coming.analyzer.Main
Caused by: java.lang.ClassNotFoundException: fr.inria.sacha.remining.coming.analyzer.Main
",1,
/app/data/coming_data/pair_03113,False,"Error: Could not find or load main class fr.inria.sacha.remining.coming.analyzer.Main
Caused by: java.lang.ClassNotFoundException: fr.inria.sacha.remining.coming.analyzer.Main
",1,
/app/data/coming_data/pair_03114,False,"Error: Could not find or load main class fr.inria.sacha.remining.coming.analyzer.Main
Caused by: java.lang.ClassNotFoundException: fr.inria.sacha.remining.coming.analyzer.Main
",1,
/app/data/coming_data/pair_03115,False,"Error: Could not find or load main class fr.inria.sacha.remining.coming.analyzer.Main
Caused by: java.lang.ClassNotFoundException: fr.inria.sacha.remining.coming.analyzer.Main
",1,
/app/data/coming_data/pair_03116,False,"Error: Could not find or load main class fr.inria.sacha.remining.coming.analyzer.Main
Caused by: java.lang.ClassNotFoundException: fr.inria.sacha.remining.coming.analyzer.Main
",1,
/app/data/coming_data/pair_03117,False,"Error: Could not find or load main class fr.inria.sacha.remining.coming.analyzer.Main
Caused by: java.lang.ClassNotFoundException: fr.inria.sacha.remining.coming.analyzer.Main
",1,
/app/data/coming_data/pair_03118,False,"Error: Could not find or load main class fr.inria.sacha.remining.coming.analyzer.Main
Caused by: java.lang.ClassNotFoundException: fr.inria.sacha.remining.coming.analyzer.Main
",1,
/app/data/coming_data/pair_03119,False,"Error: Could not find or load main class fr.inria.sacha.remining.coming.analyzer.Main
Caused by: java.lang.ClassNotFoundException: fr.inria.sacha.remining.coming.analyzer.Main
",1,
/app/data/coming_data/pair_03120,False,"Error: Could not find or load main class fr.inria.sacha.remining.coming.analyzer.Main
Caused by: java.lang.ClassNotFoundException: fr.inria.sacha.remining.coming.analyzer.Main
",1,
/app/data/coming_data/pair_03121,False,"Error: Could not find or load main class fr.inria.sacha.remining.coming.analyzer.Main
Caused by: java.lang.ClassNotFoundException: fr.inria.sacha.remining.coming.analyzer.Main
",1,
/app/data/coming_data/pair_03122,False,"Error: Could not find or load main class fr.inria.sacha.remining.coming.analyzer.Main
Caused by: java.lang.ClassNotFoundException: fr.inria.sacha.remining.coming.analyzer.Main
",1,
/app/data/coming_data/pair_03123,False,"Error: Could not find or load main class fr.inria.sacha.remining.coming.analyzer.Main
Caused by: java.lang.ClassNotFoundException: fr.inria.sacha.remining.coming.analyzer.Main
",1,
/app/data/coming_data/pair_03124,False,"Error: Could not find or load main class fr.inria.sacha.remining.coming.analyzer.Main
Caused by: java.lang.ClassNotFoundException: fr.inria.sacha.remining.coming.analyzer.Main
",1,
/app/data/coming_data/pair_03125,False,"Error: Could not find or load main class fr.inria.sacha.remining.coming.analyzer.Main
Caused by: java.lang.ClassNotFoundException: fr.inria.sacha.remining.coming.analyzer.Main
",1,
/app/data/coming_data/pair_03126,False,"Error: Could not find or load main class fr.inria.sacha.remining.coming.analyzer.Main
Caused by: java.lang.ClassNotFoundException: fr.inria.sacha.remining.coming.analyzer.Main
",1,
/app/data/coming_data/pair_03127,False,"Error: Could not find or load main class fr.inria.sacha.remining.coming.analyzer.Main
Caused by: java.lang.ClassNotFoundException: fr.inria.sacha.remining.coming.analyzer.Main
",1,
/app/data/coming_data/pair_03128,False,"Error: Could not find or load main class fr.inria.sacha.remining.coming.analyzer.Main
Caused by: java.lang.ClassNotFoundException: fr.inria.sacha.remining.coming.analyzer.Main
",1,
/app/data/coming_data/pair_03129,False,"Error: Could not find or load main class fr.inria.sacha.remining.coming.analyzer.Main
Caused by: java.lang.ClassNotFoundException: fr.inria.sacha.remining.coming.analyzer.Main
",1,
/app/data/coming_data/pair_03130,False,"Error: Could not find or load main class fr.inria.sacha.remining.coming.analyzer.Main
Caused by: java.lang.ClassNotFoundException: fr.inria.sacha.remining.coming.analyzer.Main
",1,
/app/data/coming_data/pair_03131,False,"Error: Could not find or load main class fr.inria.sacha.remining.coming.analyzer.Main
Caused by: java.lang.ClassNotFoundException: fr.inria.sacha.remining.coming.analyzer.Main
",1,
/app/data/coming_data/pair_03132,False,"Error: Could not find or load main class fr.inria.sacha.remining.coming.analyzer.Main
Caused by: java.lang.ClassNotFoundException: fr.inria.sacha.remining.coming.analyzer.Main
",1,
/app/data/coming_data/pair_03133,False,"Error: Could not find or load main class fr.inria.sacha.remining.coming.analyzer.Main
Caused by: java.lang.ClassNotFoundException: fr.inria.sacha.remining.coming.analyzer.Main
",1,
/app/data/coming_data/pair_03134,False,"Error: Could not find or load main class fr.inria.sacha.remining.coming.analyzer.Main
Caused by: java.lang.ClassNotFoundException: fr.inria.sacha.remining.coming.analyzer.Main
",1,
/app/data/coming_data/pair_03135,False,"Error: Could not find or load main class fr.inria.sacha.remining.coming.analyzer.Main
Caused by: java.lang.ClassNotFoundException: fr.inria.sacha.remining.coming.analyzer.Main
",1,
/app/data/coming_data/pair_03136,False,"Error: Could not find or load main class fr.inria.sacha.remining.coming.analyzer.Main
Caused by: java.lang.ClassNotFoundException: fr.inria.sacha.remining.coming.analyzer.Main
",1,
/app/data/coming_data/pair_03137,False,"Error: Could not find or load main class fr.inria.sacha.remining.coming.analyzer.Main
Caused by: java.lang.ClassNotFoundException: fr.inria.sacha.remining.coming.analyzer.Main
",1,
/app/data/coming_data/pair_03138,False,"Error: Could not find or load main class fr.inria.sacha.remining.coming.analyzer.Main
Caused by: java.lang.ClassNotFoundException: fr.inria.sacha.remining.coming.analyzer.Main
",1,
/app/data/coming_data/pair_03139,False,"Error: Could not find or load main class fr.inria.sacha.remining.coming.analyzer.Main
Caused by: java.lang.ClassNotFoundException: fr.inria.sacha.remining.coming.analyzer.Main
",1,
/app/data/coming_data/pair_03140,False,"Error: Could not find or load main class fr.inria.sacha.remining.coming.analyzer.Main
Caused by: java.lang.ClassNotFoundException: fr.inria.sacha.remining.coming.analyzer.Main
",1,
/app/data/coming_data/pair_03141,False,"Error: Could not find or load main class fr.inria.sacha.remining.coming.analyzer.Main
Caused by: java.lang.ClassNotFoundException: fr.inria.sacha.remining.coming.analyzer.Main
",1,
/app/data/coming_data/pair_03142,False,"Error: Could not find or load main class fr.inria.sacha.remining.coming.analyzer.Main
Caused by: java.lang.ClassNotFoundException: fr.inria.sacha.remining.coming.analyzer.Main
",1,
/app/data/coming_data/pair_03143,False,"Error: Could not find or load main class fr.inria.sacha.remining.coming.analyzer.Main
Caused by: java.lang.ClassNotFoundException: fr.inria.sacha.remining.coming.analyzer.Main
",1,
/app/data/coming_data/pair_03144,False,"Error: Could not find or load main class fr.inria.sacha.remining.coming.analyzer.Main
Caused by: java.lang.ClassNotFoundException: fr.inria.sacha.remining.coming.analyzer.Main
",1,
/app/data/coming_data/pair_03145,False,"Error: Could not find or load main class fr.inria.sacha.remining.coming.analyzer.Main
Caused by: java.lang.ClassNotFoundException: fr.inria.sacha.remining.coming.analyzer.Main
",1,
/app/data/coming_data/pair_03146,False,"Error: Could not find or load main class fr.inria.sacha.remining.coming.analyzer.Main
Caused by: java.lang.ClassNotFoundException: fr.inria.sacha.remining.coming.analyzer.Main
",1,
/app/data/coming_data/pair_03147,False,"Error: Could not find or load main class fr.inria.sacha.remining.coming.analyzer.Main
Caused by: java.lang.ClassNotFoundException: fr.inria.sacha.remining.coming.analyzer.Main
",1,
/app/data/coming_data/pair_03148,False,"Error: Could not find or load main class fr.inria.sacha.remining.coming.analyzer.Main
Caused by: java.lang.ClassNotFoundException: fr.inria.sacha.remining.coming.analyzer.Main
",1,
/app/data/coming_data/pair_03149,False,"Error: Could not find or load main class fr.inria.sacha.remining.coming.analyzer.Main
Caused by: java.lang.ClassNotFoundException: fr.inria.sacha.remining.coming.analyzer.Main
",1,
/app/data/coming_data/pair_03150,False,"Error: Could not find or load main class fr.inria.sacha.remining.coming.analyzer.Main
Caused by: java.lang.ClassNotFoundException: fr.inria.sacha.remining.coming.analyzer.Main
",1,
/app/data/coming_data/pair_03151,False,"Error: Could not find or load main class fr.inria.sacha.remining.coming.analyzer.Main
Caused by: java.lang.ClassNotFoundException: fr.inria.sacha.remining.coming.analyzer.Main
",1,
/app/data/coming_data/pair_03152,False,"Error: Could not find or load main class fr.inria.sacha.remining.coming.analyzer.Main
Caused by: java.lang.ClassNotFoundException: fr.inria.sacha.remining.coming.analyzer.Main
",1,
/app/data/coming_data/pair_03153,False,"Error: Could not find or load main class fr.inria.sacha.remining.coming.analyzer.Main
Caused by: java.lang.ClassNotFoundException: fr.inria.sacha.remining.coming.analyzer.Main
",1,
/app/data/coming_data/pair_03154,False,"Error: Could not find or load main class fr.inria.sacha.remining.coming.analyzer.Main
Caused by: java.lang.ClassNotFoundException: fr.inria.sacha.remining.coming.analyzer.Main
",1,
/app/data/coming_data/pair_03155,False,"Error: Could not find or load main class fr.inria.sacha.remining.coming.analyzer.Main
Caused by: java.lang.ClassNotFoundException: fr.inria.sacha.remining.coming.analyzer.Main
",1,
/app/data/coming_data/pair_03156,False,"Error: Could not find or load main class fr.inria.sacha.remining.coming.analyzer.Main
Caused by: java.lang.ClassNotFoundException: fr.inria.sacha.remining.coming.analyzer.Main
",1,
/app/data/coming_data/pair_03157,False,"Error: Could not find or load main class fr.inria.sacha.remining.coming.analyzer.Main
Caused by: java.lang.ClassNotFoundException: fr.inria.sacha.remining.coming.analyzer.Main
",1,
/app/data/coming_data/pair_03158,False,"Error: Could not find or load main class fr.inria.sacha.remining.coming.analyzer.Main
Caused by: java.lang.ClassNotFoundException: fr.inria.sacha.remining.coming.analyzer.Main
",1,
/app/data/coming_data/pair_03159,False,"Error: Could not find or load main class fr.inria.sacha.remining.coming.analyzer.Main
Caused by: java.lang.ClassNotFoundException: fr.inria.sacha.remining.coming.analyzer.Main
",1,
/app/data/coming_data/pair_03160,False,"Error: Could not find or load main class fr.inria.sacha.remining.coming.analyzer.Main
Caused by: java.lang.ClassNotFoundException: fr.inria.sacha.remining.coming.analyzer.Main
",1,
/app/data/coming_data/pair_03161,False,"Error: Could not find or load main class fr.inria.sacha.remining.coming.analyzer.Main
Caused by: java.lang.ClassNotFoundException: fr.inria.sacha.remining.coming.analyzer.Main
",1,
/app/data/coming_data/pair_03162,False,"Error: Could not find or load main class fr.inria.sacha.remining.coming.analyzer.Main
Caused by: java.lang.ClassNotFoundException: fr.inria.sacha.remining.coming.analyzer.Main
",1,
/app/data/coming_data/pair_03163,False,"Error: Could not find or load main class fr.inria.sacha.remining.coming.analyzer.Main
Caused by: java.lang.ClassNotFoundException: fr.inria.sacha.remining.coming.analyzer.Main
",1,
/app/data/coming_data/pair_03164,False,"Error: Could not find or load main class fr.inria.sacha.remining.coming.analyzer.Main
Caused by: java.lang.ClassNotFoundException: fr.inria.sacha.remining.coming.analyzer.Main
",1,
/app/data/coming_data/pair_03165,False,"Error: Could not find or load main class fr.inria.sacha.remining.coming.analyzer.Main
Caused by: java.lang.ClassNotFoundException: fr.inria.sacha.remining.coming.analyzer.Main
",1,
/app/data/coming_data/pair_03166,False,"Error: Could not find or load main class fr.inria.sacha.remining.coming.analyzer.Main
Caused by: java.lang.ClassNotFoundException: fr.inria.sacha.remining.coming.analyzer.Main
",1,
/app/data/coming_data/pair_03167,False,"Error: Could not find or load main class fr.inria.sacha.remining.coming.analyzer.Main
Caused by: java.lang.ClassNotFoundException: fr.inria.sacha.remining.coming.analyzer.Main
",1,
/app/data/coming_data/pair_03168,False,"Error: Could not find or load main class fr.inria.sacha.remining.coming.analyzer.Main
Caused by: java.lang.ClassNotFoundException: fr.inria.sacha.remining.coming.analyzer.Main
",1,
/app/data/coming_data/pair_03169,False,"Error: Could not find or load main class fr.inria.sacha.remining.coming.analyzer.Main
Caused by: java.lang.ClassNotFoundException: fr.inria.sacha.remining.coming.analyzer.Main
",1,
/app/data/coming_data/pair_03170,False,"Error: Could not find or load main class fr.inria.sacha.remining.coming.analyzer.Main
Caused by: java.lang.ClassNotFoundException: fr.inria.sacha.remining.coming.analyzer.Main
",1,
/app/data/coming_data/pair_03171,False,"Error: Could not find or load main class fr.inria.sacha.remining.coming.analyzer.Main
Caused by: java.lang.ClassNotFoundException: fr.inria.sacha.remining.coming.analyzer.Main
",1,
/app/data/coming_data/pair_03172,False,"Error: Could not find or load main class fr.inria.sacha.remining.coming.analyzer.Main
Caused by: java.lang.ClassNotFoundException: fr.inria.sacha.remining.coming.analyzer.Main
",1,
/app/data/coming_data/pair_03173,False,"Error: Could not find or load main class fr.inria.sacha.remining.coming.analyzer.Main
Caused by: java.lang.ClassNotFoundException: fr.inria.sacha.remining.coming.analyzer.Main
",1,
/app/data/coming_data/pair_03174,False,"Error: Could not find or load main class fr.inria.sacha.remining.coming.analyzer.Main
Caused by: java.lang.ClassNotFoundException: fr.inria.sacha.remining.coming.analyzer.Main
",1,
/app/data/coming_data/pair_03175,False,"Error: Could not find or load main class fr.inria.sacha.remining.coming.analyzer.Main
Caused by: java.lang.ClassNotFoundException: fr.inria.sacha.remining.coming.analyzer.Main
",1,
/app/data/coming_data/pair_03176,False,"Error: Could not find or load main class fr.inria.sacha.remining.coming.analyzer.Main
Caused by: java.lang.ClassNotFoundException: fr.inria.sacha.remining.coming.analyzer.Main
",1,
/app/data/coming_data/pair_03177,False,"Error: Could not find or load main class fr.inria.sacha.remining.coming.analyzer.Main
Caused by: java.lang.ClassNotFoundException: fr.inria.sacha.remining.coming.analyzer.Main
",1,
/app/data/coming_data/pair_03178,False,"Error: Could not find or load main class fr.inria.sacha.remining.coming.analyzer.Main
Caused by: java.lang.ClassNotFoundException: fr.inria.sacha.remining.coming.analyzer.Main
",1,
/app/data/coming_data/pair_03179,False,"Error: Could not find or load main class fr.inria.sacha.remining.coming.analyzer.Main
Caused by: java.lang.ClassNotFoundException: fr.inria.sacha.remining.coming.analyzer.Main
",1,
/app/data/coming_data/pair_03180,False,"Error: Could not find or load main class fr.inria.sacha.remining.coming.analyzer.Main
Caused by: java.lang.ClassNotFoundException: fr.inria.sacha.remining.coming.analyzer.Main
",1,
/app/data/coming_data/pair_03181,False,"Error: Could not find or load main class fr.inria.sacha.remining.coming.analyzer.Main
Caused by: java.lang.ClassNotFoundException: fr.inria.sacha.remining.coming.analyzer.Main
",1,
/app/data/coming_data/pair_03182,False,"Error: Could not find or load main class fr.inria.sacha.remining.coming.analyzer.Main
Caused by: java.lang.ClassNotFoundException: fr.inria.sacha.remining.coming.analyzer.Main
",1,
/app/data/coming_data/pair_03183,False,"Error: Could not find or load main class fr.inria.sacha.remining.coming.analyzer.Main
Caused by: java.lang.ClassNotFoundException: fr.inria.sacha.remining.coming.analyzer.Main
",1,
/app/data/coming_data/pair_03184,False,"Error: Could not find or load main class fr.inria.sacha.remining.coming.analyzer.Main
Caused by: java.lang.ClassNotFoundException: fr.inria.sacha.remining.coming.analyzer.Main
",1,
/app/data/coming_data/pair_03185,False,"Error: Could not find or load main class fr.inria.sacha.remining.coming.analyzer.Main
Caused by: java.lang.ClassNotFoundException: fr.inria.sacha.remining.coming.analyzer.Main
",1,
/app/data/coming_data/pair_03186,False,"Error: Could not find or load main class fr.inria.sacha.remining.coming.analyzer.Main
Caused by: java.lang.ClassNotFoundException: fr.inria.sacha.remining.coming.analyzer.Main
",1,
/app/data/coming_data/pair_03187,False,"Error: Could not find or load main class fr.inria.sacha.remining.coming.analyzer.Main
Caused by: java.lang.ClassNotFoundException: fr.inria.sacha.remining.coming.analyzer.Main
",1,
/app/data/coming_data/pair_03188,False,"Error: Could not find or load main class fr.inria.sacha.remining.coming.analyzer.Main
Caused by: java.lang.ClassNotFoundException: fr.inria.sacha.remining.coming.analyzer.Main
",1,
/app/data/coming_data/pair_03189,False,"Error: Could not find or load main class fr.inria.sacha.remining.coming.analyzer.Main
Caused by: java.lang.ClassNotFoundException: fr.inria.sacha.remining.coming.analyzer.Main
",1,
/app/data/coming_data/pair_03190,False,"Error: Could not find or load main class fr.inria.sacha.remining.coming.analyzer.Main
Caused by: java.lang.ClassNotFoundException: fr.inria.sacha.remining.coming.analyzer.Main
",1,
/app/data/coming_data/pair_03191,False,"Error: Could not find or load main class fr.inria.sacha.remining.coming.analyzer.Main
Caused by: java.lang.ClassNotFoundException: fr.inria.sacha.remining.coming.analyzer.Main
",1,
/app/data/coming_data/pair_03192,False,"Error: Could not find or load main class fr.inria.sacha.remining.coming.analyzer.Main
Caused by: java.lang.ClassNotFoundException: fr.inria.sacha.remining.coming.analyzer.Main
",1,
/app/data/coming_data/pair_03193,False,"Error: Could not find or load main class fr.inria.sacha.remining.coming.analyzer.Main
Caused by: java.lang.ClassNotFoundException: fr.inria.sacha.remining.coming.analyzer.Main
",1,
/app/data/coming_data/pair_03194,False,"Error: Could not find or load main class fr.inria.sacha.remining.coming.analyzer.Main
Caused by: java.lang.ClassNotFoundException: fr.inria.sacha.remining.coming.analyzer.Main
",1,
/app/data/coming_data/pair_03195,False,"Error: Could not find or load main class fr.inria.sacha.remining.coming.analyzer.Main
Caused by: java.lang.ClassNotFoundException: fr.inria.sacha.remining.coming.analyzer.Main
",1,
/app/data/coming_data/pair_03196,False,"Error: Could not find or load main class fr.inria.sacha.remining.coming.analyzer.Main
Caused by: java.lang.ClassNotFoundException: fr.inria.sacha.remining.coming.analyzer.Main
",1,
/app/data/coming_data/pair_03197,False,"Error: Could not find or load main class fr.inria.sacha.remining.coming.analyzer.Main
Caused by: java.lang.ClassNotFoundException: fr.inria.sacha.remining.coming.analyzer.Main
",1,
/app/data/coming_data/pair_03198,False,"Error: Could not find or load main class fr.inria.sacha.remining.coming.analyzer.Main
Caused by: java.lang.ClassNotFoundException: fr.inria.sacha.remining.coming.analyzer.Main
",1,
/app/data/coming_data/pair_03199,False,"Error: Could not find or load main class fr.inria.sacha.remining.coming.analyzer.Main
Caused by: java.lang.ClassNotFoundException: fr.inria.sacha.remining.coming.analyzer.Main
",1,
/app/data/coming_data/pair_03200,False,"Error: Could not find or load main class fr.inria.sacha.remining.coming.analyzer.Main
Caused by: java.lang.ClassNotFoundException: fr.inria.sacha.remining.coming.analyzer.Main
",1,
/app/data/coming_data/pair_03201,False,"Error: Could not find or load main class fr.inria.sacha.remining.coming.analyzer.Main
Caused by: java.lang.ClassNotFoundException: fr.inria.sacha.remining.coming.analyzer.Main
",1,
/app/data/coming_data/pair_03202,False,"Error: Could not find or load main class fr.inria.sacha.remining.coming.analyzer.Main
Caused by: java.lang.ClassNotFoundException: fr.inria.sacha.remining.coming.analyzer.Main
",1,
/app/data/coming_data/pair_03203,False,"Error: Could not find or load main class fr.inria.sacha.remining.coming.analyzer.Main
Caused by: java.lang.ClassNotFoundException: fr.inria.sacha.remining.coming.analyzer.Main
",1,
/app/data/coming_data/pair_03204,False,"Error: Could not find or load main class fr.inria.sacha.remining.coming.analyzer.Main
Caused by: java.lang.ClassNotFoundException: fr.inria.sacha.remining.coming.analyzer.Main
",1,
/app/data/coming_data/pair_03205,False,"Error: Could not find or load main class fr.inria.sacha.remining.coming.analyzer.Main
Caused by: java.lang.ClassNotFoundException: fr.inria.sacha.remining.coming.analyzer.Main
",1,
/app/data/coming_data/pair_03206,False,"Error: Could not find or load main class fr.inria.sacha.remining.coming.analyzer.Main
Caused by: java.lang.ClassNotFoundException: fr.inria.sacha.remining.coming.analyzer.Main
",1,
/app/data/coming_data/pair_03207,False,"Error: Could not find or load main class fr.inria.sacha.remining.coming.analyzer.Main
Caused by: java.lang.ClassNotFoundException: fr.inria.sacha.remining.coming.analyzer.Main
",1,
/app/data/coming_data/pair_03208,False,"Error: Could not find or load main class fr.inria.sacha.remining.coming.analyzer.Main
Caused by: java.lang.ClassNotFoundException: fr.inria.sacha.remining.coming.analyzer.Main
",1,
/app/data/coming_data/pair_03209,False,"Error: Could not find or load main class fr.inria.sacha.remining.coming.analyzer.Main
Caused by: java.lang.ClassNotFoundException: fr.inria.sacha.remining.coming.analyzer.Main
",1,
/app/data/coming_data/pair_03210,False,"Error: Could not find or load main class fr.inria.sacha.remining.coming.analyzer.Main
Caused by: java.lang.ClassNotFoundException: fr.inria.sacha.remining.coming.analyzer.Main
",1,
/app/data/coming_data/pair_03211,False,"Error: Could not find or load main class fr.inria.sacha.remining.coming.analyzer.Main
Caused by: java.lang.ClassNotFoundException: fr.inria.sacha.remining.coming.analyzer.Main
",1,
/app/data/coming_data/pair_03212,False,"Error: Could not find or load main class fr.inria.sacha.remining.coming.analyzer.Main
Caused by: java.lang.ClassNotFoundException: fr.inria.sacha.remining.coming.analyzer.Main
",1,
/app/data/coming_data/pair_03213,False,"Error: Could not find or load main class fr.inria.sacha.remining.coming.analyzer.Main
Caused by: java.lang.ClassNotFoundException: fr.inria.sacha.remining.coming.analyzer.Main
",1,
/app/data/coming_data/pair_03214,False,"Error: Could not find or load main class fr.inria.sacha.remining.coming.analyzer.Main
Caused by: java.lang.ClassNotFoundException: fr.inria.sacha.remining.coming.analyzer.Main
",1,
/app/data/coming_data/pair_03215,False,"Error: Could not find or load main class fr.inria.sacha.remining.coming.analyzer.Main
Caused by: java.lang.ClassNotFoundException: fr.inria.sacha.remining.coming.analyzer.Main
",1,
/app/data/coming_data/pair_03216,False,"Error: Could not find or load main class fr.inria.sacha.remining.coming.analyzer.Main
Caused by: java.lang.ClassNotFoundException: fr.inria.sacha.remining.coming.analyzer.Main
",1,
/app/data/coming_data/pair_03217,False,"Error: Could not find or load main class fr.inria.sacha.remining.coming.analyzer.Main
Caused by: java.lang.ClassNotFoundException: fr.inria.sacha.remining.coming.analyzer.Main
",1,
/app/data/coming_data/pair_03218,False,"Error: Could not find or load main class fr.inria.sacha.remining.coming.analyzer.Main
Caused by: java.lang.ClassNotFoundException: fr.inria.sacha.remining.coming.analyzer.Main
",1,
/app/data/coming_data/pair_03219,False,"Error: Could not find or load main class fr.inria.sacha.remining.coming.analyzer.Main
Caused by: java.lang.ClassNotFoundException: fr.inria.sacha.remining.coming.analyzer.Main
",1,
/app/data/coming_data/pair_03220,False,"Error: Could not find or load main class fr.inria.sacha.remining.coming.analyzer.Main
Caused by: java.lang.ClassNotFoundException: fr.inria.sacha.remining.coming.analyzer.Main
",1,
/app/data/coming_data/pair_03221,False,"Error: Could not find or load main class fr.inria.sacha.remining.coming.analyzer.Main
Caused by: java.lang.ClassNotFoundException: fr.inria.sacha.remining.coming.analyzer.Main
",1,
/app/data/coming_data/pair_03222,False,"Error: Could not find or load main class fr.inria.sacha.remining.coming.analyzer.Main
Caused by: java.lang.ClassNotFoundException: fr.inria.sacha.remining.coming.analyzer.Main
",1,
/app/data/coming_data/pair_03223,False,"Error: Could not find or load main class fr.inria.sacha.remining.coming.analyzer.Main
Caused by: java.lang.ClassNotFoundException: fr.inria.sacha.remining.coming.analyzer.Main
",1,
/app/data/coming_data/pair_03224,False,"Error: Could not find or load main class fr.inria.sacha.remining.coming.analyzer.Main
Caused by: java.lang.ClassNotFoundException: fr.inria.sacha.remining.coming.analyzer.Main
",1,
/app/data/coming_data/pair_03225,False,"Error: Could not find or load main class fr.inria.sacha.remining.coming.analyzer.Main
Caused by: java.lang.ClassNotFoundException: fr.inria.sacha.remining.coming.analyzer.Main
",1,
/app/data/coming_data/pair_03226,False,"Error: Could not find or load main class fr.inria.sacha.remining.coming.analyzer.Main
Caused by: java.lang.ClassNotFoundException: fr.inria.sacha.remining.coming.analyzer.Main
",1,
/app/data/coming_data/pair_03227,False,"Error: Could not find or load main class fr.inria.sacha.remining.coming.analyzer.Main
Caused by: java.lang.ClassNotFoundException: fr.inria.sacha.remining.coming.analyzer.Main
",1,
/app/data/coming_data/pair_03228,False,"Error: Could not find or load main class fr.inria.sacha.remining.coming.analyzer.Main
Caused by: java.lang.ClassNotFoundException: fr.inria.sacha.remining.coming.analyzer.Main
",1,
/app/data/coming_data/pair_03229,False,"Error: Could not find or load main class fr.inria.sacha.remining.coming.analyzer.Main
Caused by: java.lang.ClassNotFoundException: fr.inria.sacha.remining.coming.analyzer.Main
",1,
/app/data/coming_data/pair_03230,False,"Error: Could not find or load main class fr.inria.sacha.remining.coming.analyzer.Main
Caused by: java.lang.ClassNotFoundException: fr.inria.sacha.remining.coming.analyzer.Main
",1,
/app/data/coming_data/pair_03231,False,"Error: Could not find or load main class fr.inria.sacha.remining.coming.analyzer.Main
Caused by: java.lang.ClassNotFoundException: fr.inria.sacha.remining.coming.analyzer.Main
",1,
/app/data/coming_data/pair_03232,False,"Error: Could not find or load main class fr.inria.sacha.remining.coming.analyzer.Main
Caused by: java.lang.ClassNotFoundException: fr.inria.sacha.remining.coming.analyzer.Main
",1,
/app/data/coming_data/pair_03233,False,"Error: Could not find or load main class fr.inria.sacha.remining.coming.analyzer.Main
Caused by: java.lang.ClassNotFoundException: fr.inria.sacha.remining.coming.analyzer.Main
",1,
/app/data/coming_data/pair_03234,False,"Error: Could not find or load main class fr.inria.sacha.remining.coming.analyzer.Main
Caused by: java.lang.ClassNotFoundException: fr.inria.sacha.remining.coming.analyzer.Main
",1,
/app/data/coming_data/pair_03235,False,"Error: Could not find or load main class fr.inria.sacha.remining.coming.analyzer.Main
Caused by: java.lang.ClassNotFoundException: fr.inria.sacha.remining.coming.analyzer.Main
",1,
/app/data/coming_data/pair_03236,False,"Error: Could not find or load main class fr.inria.sacha.remining.coming.analyzer.Main
Caused by: java.lang.ClassNotFoundException: fr.inria.sacha.remining.coming.analyzer.Main
",1,
/app/data/coming_data/pair_03237,False,"Error: Could not find or load main class fr.inria.sacha.remining.coming.analyzer.Main
Caused by: java.lang.ClassNotFoundException: fr.inria.sacha.remining.coming.analyzer.Main
",1,
/app/data/coming_data/pair_03238,False,"Error: Could not find or load main class fr.inria.sacha.remining.coming.analyzer.Main
Caused by: java.lang.ClassNotFoundException: fr.inria.sacha.remining.coming.analyzer.Main
",1,
/app/data/coming_data/pair_03239,False,"Error: Could not find or load main class fr.inria.sacha.remining.coming.analyzer.Main
Caused by: java.lang.ClassNotFoundException: fr.inria.sacha.remining.coming.analyzer.Main
",1,
/app/data/coming_data/pair_03240,False,"Error: Could not find or load main class fr.inria.sacha.remining.coming.analyzer.Main
Caused by: java.lang.ClassNotFoundException: fr.inria.sacha.remining.coming.analyzer.Main
",1,
/app/data/coming_data/pair_03241,False,"Error: Could not find or load main class fr.inria.sacha.remining.coming.analyzer.Main
Caused by: java.lang.ClassNotFoundException: fr.inria.sacha.remining.coming.analyzer.Main
",1,
/app/data/coming_data/pair_03242,False,"Error: Could not find or load main class fr.inria.sacha.remining.coming.analyzer.Main
Caused by: java.lang.ClassNotFoundException: fr.inria.sacha.remining.coming.analyzer.Main
",1,
/app/data/coming_data/pair_03243,False,"Error: Could not find or load main class fr.inria.sacha.remining.coming.analyzer.Main
Caused by: java.lang.ClassNotFoundException: fr.inria.sacha.remining.coming.analyzer.Main
",1,
/app/data/coming_data/pair_03244,False,"Error: Could not find or load main class fr.inria.sacha.remining.coming.analyzer.Main
Caused by: java.lang.ClassNotFoundException: fr.inria.sacha.remining.coming.analyzer.Main
",1,
/app/data/coming_data/pair_03245,False,"Error: Could not find or load main class fr.inria.sacha.remining.coming.analyzer.Main
Caused by: java.lang.ClassNotFoundException: fr.inria.sacha.remining.coming.analyzer.Main
",1,
/app/data/coming_data/pair_03246,False,"Error: Could not find or load main class fr.inria.sacha.remining.coming.analyzer.Main
Caused by: java.lang.ClassNotFoundException: fr.inria.sacha.remining.coming.analyzer.Main
",1,
/app/data/coming_data/pair_03247,False,"Error: Could not find or load main class fr.inria.sacha.remining.coming.analyzer.Main
Caused by: java.lang.ClassNotFoundException: fr.inria.sacha.remining.coming.analyzer.Main
",1,
/app/data/coming_data/pair_03248,False,"Error: Could not find or load main class fr.inria.sacha.remining.coming.analyzer.Main
Caused by: java.lang.ClassNotFoundException: fr.inria.sacha.remining.coming.analyzer.Main
",1,
/app/data/coming_data/pair_03249,False,"Error: Could not find or load main class fr.inria.sacha.remining.coming.analyzer.Main
Caused by: java.lang.ClassNotFoundException: fr.inria.sacha.remining.coming.analyzer.Main
",1,
/app/data/coming_data/pair_03250,False,"Error: Could not find or load main class fr.inria.sacha.remining.coming.analyzer.Main
Caused by: java.lang.ClassNotFoundException: fr.inria.sacha.remining.coming.analyzer.Main
",1,
/app/data/coming_data/pair_03251,False,"Error: Could not find or load main class fr.inria.sacha.remining.coming.analyzer.Main
Caused by: java.lang.ClassNotFoundException: fr.inria.sacha.remining.coming.analyzer.Main
",1,
/app/data/coming_data/pair_03252,False,"Error: Could not find or load main class fr.inria.sacha.remining.coming.analyzer.Main
Caused by: java.lang.ClassNotFoundException: fr.inria.sacha.remining.coming.analyzer.Main
",1,
/app/data/coming_data/pair_03253,False,"Error: Could not find or load main class fr.inria.sacha.remining.coming.analyzer.Main
Caused by: java.lang.ClassNotFoundException: fr.inria.sacha.remining.coming.analyzer.Main
",1,
/app/data/coming_data/pair_03254,False,"Error: Could not find or load main class fr.inria.sacha.remining.coming.analyzer.Main
Caused by: java.lang.ClassNotFoundException: fr.inria.sacha.remining.coming.analyzer.Main
",1,
/app/data/coming_data/pair_03255,False,"Error: Could not find or load main class fr.inria.sacha.remining.coming.analyzer.Main
Caused by: java.lang.ClassNotFoundException: fr.inria.sacha.remining.coming.analyzer.Main
",1,
/app/data/coming_data/pair_03256,False,"Error: Could not find or load main class fr.inria.sacha.remining.coming.analyzer.Main
Caused by: java.lang.ClassNotFoundException: fr.inria.sacha.remining.coming.analyzer.Main
",1,
/app/data/coming_data/pair_03257,False,"Error: Could not find or load main class fr.inria.sacha.remining.coming.analyzer.Main
Caused by: java.lang.ClassNotFoundException: fr.inria.sacha.remining.coming.analyzer.Main
",1,
/app/data/coming_data/pair_03258,False,"Error: Could not find or load main class fr.inria.sacha.remining.coming.analyzer.Main
Caused by: java.lang.ClassNotFoundException: fr.inria.sacha.remining.coming.analyzer.Main
",1,
/app/data/coming_data/pair_03259,False,"Error: Could not find or load main class fr.inria.sacha.remining.coming.analyzer.Main
Caused by: java.lang.ClassNotFoundException: fr.inria.sacha.remining.coming.analyzer.Main
",1,
/app/data/coming_data/pair_03260,False,"Error: Could not find or load main class fr.inria.sacha.remining.coming.analyzer.Main
Caused by: java.lang.ClassNotFoundException: fr.inria.sacha.remining.coming.analyzer.Main
",1,
/app/data/coming_data/pair_03261,False,"Error: Could not find or load main class fr.inria.sacha.remining.coming.analyzer.Main
Caused by: java.lang.ClassNotFoundException: fr.inria.sacha.remining.coming.analyzer.Main
",1,
/app/data/coming_data/pair_03262,False,"Error: Could not find or load main class fr.inria.sacha.remining.coming.analyzer.Main
Caused by: java.lang.ClassNotFoundException: fr.inria.sacha.remining.coming.analyzer.Main
",1,
/app/data/coming_data/pair_03263,False,"Error: Could not find or load main class fr.inria.sacha.remining.coming.analyzer.Main
Caused by: java.lang.ClassNotFoundException: fr.inria.sacha.remining.coming.analyzer.Main
",1,
/app/data/coming_data/pair_03264,False,"Error: Could not find or load main class fr.inria.sacha.remining.coming.analyzer.Main
Caused by: java.lang.ClassNotFoundException: fr.inria.sacha.remining.coming.analyzer.Main
",1,
/app/data/coming_data/pair_03265,False,"Error: Could not find or load main class fr.inria.sacha.remining.coming.analyzer.Main
Caused by: java.lang.ClassNotFoundException: fr.inria.sacha.remining.coming.analyzer.Main
",1,
/app/data/coming_data/pair_03266,False,"Error: Could not find or load main class fr.inria.sacha.remining.coming.analyzer.Main
Caused by: java.lang.ClassNotFoundException: fr.inria.sacha.remining.coming.analyzer.Main
",1,
/app/data/coming_data/pair_03267,False,"Error: Could not find or load main class fr.inria.sacha.remining.coming.analyzer.Main
Caused by: java.lang.ClassNotFoundException: fr.inria.sacha.remining.coming.analyzer.Main
",1,
/app/data/coming_data/pair_03268,False,"Error: Could not find or load main class fr.inria.sacha.remining.coming.analyzer.Main
Caused by: java.lang.ClassNotFoundException: fr.inria.sacha.remining.coming.analyzer.Main
",1,
/app/data/coming_data/pair_03269,False,"Error: Could not find or load main class fr.inria.sacha.remining.coming.analyzer.Main
Caused by: java.lang.ClassNotFoundException: fr.inria.sacha.remining.coming.analyzer.Main
",1,
/app/data/coming_data/pair_03270,False,"Error: Could not find or load main class fr.inria.sacha.remining.coming.analyzer.Main
Caused by: java.lang.ClassNotFoundException: fr.inria.sacha.remining.coming.analyzer.Main
",1,
/app/data/coming_data/pair_03271,False,"Error: Could not find or load main class fr.inria.sacha.remining.coming.analyzer.Main
Caused by: java.lang.ClassNotFoundException: fr.inria.sacha.remining.coming.analyzer.Main
",1,
/app/data/coming_data/pair_03272,False,"Error: Could not find or load main class fr.inria.sacha.remining.coming.analyzer.Main
Caused by: java.lang.ClassNotFoundException: fr.inria.sacha.remining.coming.analyzer.Main
",1,
/app/data/coming_data/pair_03273,False,"Error: Could not find or load main class fr.inria.sacha.remining.coming.analyzer.Main
Caused by: java.lang.ClassNotFoundException: fr.inria.sacha.remining.coming.analyzer.Main
",1,
/app/data/coming_data/pair_03274,False,"Error: Could not find or load main class fr.inria.sacha.remining.coming.analyzer.Main
Caused by: java.lang.ClassNotFoundException: fr.inria.sacha.remining.coming.analyzer.Main
",1,
/app/data/coming_data/pair_03275,False,"Error: Could not find or load main class fr.inria.sacha.remining.coming.analyzer.Main
Caused by: java.lang.ClassNotFoundException: fr.inria.sacha.remining.coming.analyzer.Main
",1,
/app/data/coming_data/pair_03276,False,"Error: Could not find or load main class fr.inria.sacha.remining.coming.analyzer.Main
Caused by: java.lang.ClassNotFoundException: fr.inria.sacha.remining.coming.analyzer.Main
",1,
/app/data/coming_data/pair_03277,False,"Error: Could not find or load main class fr.inria.sacha.remining.coming.analyzer.Main
Caused by: java.lang.ClassNotFoundException: fr.inria.sacha.remining.coming.analyzer.Main
",1,
/app/data/coming_data/pair_03278,False,"Error: Could not find or load main class fr.inria.sacha.remining.coming.analyzer.Main
Caused by: java.lang.ClassNotFoundException: fr.inria.sacha.remining.coming.analyzer.Main
",1,
/app/data/coming_data/pair_03279,False,"Error: Could not find or load main class fr.inria.sacha.remining.coming.analyzer.Main
Caused by: java.lang.ClassNotFoundException: fr.inria.sacha.remining.coming.analyzer.Main
",1,
/app/data/coming_data/pair_03280,False,"Error: Could not find or load main class fr.inria.sacha.remining.coming.analyzer.Main
Caused by: java.lang.ClassNotFoundException: fr.inria.sacha.remining.coming.analyzer.Main
",1,
/app/data/coming_data/pair_03281,False,"Error: Could not find or load main class fr.inria.sacha.remining.coming.analyzer.Main
Caused by: java.lang.ClassNotFoundException: fr.inria.sacha.remining.coming.analyzer.Main
",1,
/app/data/coming_data/pair_03282,False,"Error: Could not find or load main class fr.inria.sacha.remining.coming.analyzer.Main
Caused by: java.lang.ClassNotFoundException: fr.inria.sacha.remining.coming.analyzer.Main
",1,
/app/data/coming_data/pair_03283,False,"Error: Could not find or load main class fr.inria.sacha.remining.coming.analyzer.Main
Caused by: java.lang.ClassNotFoundException: fr.inria.sacha.remining.coming.analyzer.Main
",1,
/app/data/coming_data/pair_03284,False,"Error: Could not find or load main class fr.inria.sacha.remining.coming.analyzer.Main
Caused by: java.lang.ClassNotFoundException: fr.inria.sacha.remining.coming.analyzer.Main
",1,
/app/data/coming_data/pair_03285,False,"Error: Could not find or load main class fr.inria.sacha.remining.coming.analyzer.Main
Caused by: java.lang.ClassNotFoundException: fr.inria.sacha.remining.coming.analyzer.Main
",1,
/app/data/coming_data/pair_03286,False,"Error: Could not find or load main class fr.inria.sacha.remining.coming.analyzer.Main
Caused by: java.lang.ClassNotFoundException: fr.inria.sacha.remining.coming.analyzer.Main
",1,
/app/data/coming_data/pair_03287,False,"Error: Could not find or load main class fr.inria.sacha.remining.coming.analyzer.Main
Caused by: java.lang.ClassNotFoundException: fr.inria.sacha.remining.coming.analyzer.Main
",1,
/app/data/coming_data/pair_03288,False,"Error: Could not find or load main class fr.inria.sacha.remining.coming.analyzer.Main
Caused by: java.lang.ClassNotFoundException: fr.inria.sacha.remining.coming.analyzer.Main
",1,
/app/data/coming_data/pair_03289,False,"Error: Could not find or load main class fr.inria.sacha.remining.coming.analyzer.Main
Caused by: java.lang.ClassNotFoundException: fr.inria.sacha.remining.coming.analyzer.Main
",1,
/app/data/coming_data/pair_03290,False,"Error: Could not find or load main class fr.inria.sacha.remining.coming.analyzer.Main
Caused by: java.lang.ClassNotFoundException: fr.inria.sacha.remining.coming.analyzer.Main
",1,
/app/data/coming_data/pair_03291,False,"Error: Could not find or load main class fr.inria.sacha.remining.coming.analyzer.Main
Caused by: java.lang.ClassNotFoundException: fr.inria.sacha.remining.coming.analyzer.Main
",1,
/app/data/coming_data/pair_03292,False,"Error: Could not find or load main class fr.inria.sacha.remining.coming.analyzer.Main
Caused by: java.lang.ClassNotFoundException: fr.inria.sacha.remining.coming.analyzer.Main
",1,
/app/data/coming_data/pair_03293,False,"Error: Could not find or load main class fr.inria.sacha.remining.coming.analyzer.Main
Caused by: java.lang.ClassNotFoundException: fr.inria.sacha.remining.coming.analyzer.Main
",1,
/app/data/coming_data/pair_03294,False,"Error: Could not find or load main class fr.inria.sacha.remining.coming.analyzer.Main
Caused by: java.lang.ClassNotFoundException: fr.inria.sacha.remining.coming.analyzer.Main
",1,
/app/data/coming_data/pair_03295,False,"Error: Could not find or load main class fr.inria.sacha.remining.coming.analyzer.Main
Caused by: java.lang.ClassNotFoundException: fr.inria.sacha.remining.coming.analyzer.Main
",1,
/app/data/coming_data/pair_03296,False,"Error: Could not find or load main class fr.inria.sacha.remining.coming.analyzer.Main
Caused by: java.lang.ClassNotFoundException: fr.inria.sacha.remining.coming.analyzer.Main
",1,
/app/data/coming_data/pair_03297,False,"Error: Could not find or load main class fr.inria.sacha.remining.coming.analyzer.Main
Caused by: java.lang.ClassNotFoundException: fr.inria.sacha.remining.coming.analyzer.Main
",1,
/app/data/coming_data/pair_03298,False,"Error: Could not find or load main class fr.inria.sacha.remining.coming.analyzer.Main
Caused by: java.lang.ClassNotFoundException: fr.inria.sacha.remining.coming.analyzer.Main
",1,
/app/data/coming_data/pair_03299,False,"Error: Could not find or load main class fr.inria.sacha.remining.coming.analyzer.Main
Caused by: java.lang.ClassNotFoundException: fr.inria.sacha.remining.coming.analyzer.Main
",1,
/app/data/coming_data/pair_03300,False,"Error: Could not find or load main class fr.inria.sacha.remining.coming.analyzer.Main
Caused by: java.lang.ClassNotFoundException: fr.inria.sacha.remining.coming.analyzer.Main
",1,
/app/data/coming_data/pair_03301,False,"Error: Could not find or load main class fr.inria.sacha.remining.coming.analyzer.Main
Caused by: java.lang.ClassNotFoundException: fr.inria.sacha.remining.coming.analyzer.Main
",1,
/app/data/coming_data/pair_03302,False,"Error: Could not find or load main class fr.inria.sacha.remining.coming.analyzer.Main
Caused by: java.lang.ClassNotFoundException: fr.inria.sacha.remining.coming.analyzer.Main
",1,
/app/data/coming_data/pair_03303,False,"Error: Could not find or load main class fr.inria.sacha.remining.coming.analyzer.Main
Caused by: java.lang.ClassNotFoundException: fr.inria.sacha.remining.coming.analyzer.Main
",1,
/app/data/coming_data/pair_03304,False,"Error: Could not find or load main class fr.inria.sacha.remining.coming.analyzer.Main
Caused by: java.lang.ClassNotFoundException: fr.inria.sacha.remining.coming.analyzer.Main
",1,
/app/data/coming_data/pair_03305,False,"Error: Could not find or load main class fr.inria.sacha.remining.coming.analyzer.Main
Caused by: java.lang.ClassNotFoundException: fr.inria.sacha.remining.coming.analyzer.Main
",1,
/app/data/coming_data/pair_03306,False,"Error: Could not find or load main class fr.inria.sacha.remining.coming.analyzer.Main
Caused by: java.lang.ClassNotFoundException: fr.inria.sacha.remining.coming.analyzer.Main
",1,
/app/data/coming_data/pair_03307,False,"Error: Could not find or load main class fr.inria.sacha.remining.coming.analyzer.Main
Caused by: java.lang.ClassNotFoundException: fr.inria.sacha.remining.coming.analyzer.Main
",1,
/app/data/coming_data/pair_03308,False,"Error: Could not find or load main class fr.inria.sacha.remining.coming.analyzer.Main
Caused by: java.lang.ClassNotFoundException: fr.inria.sacha.remining.coming.analyzer.Main
",1,
/app/data/coming_data/pair_03309,False,"Error: Could not find or load main class fr.inria.sacha.remining.coming.analyzer.Main
Caused by: java.lang.ClassNotFoundException: fr.inria.sacha.remining.coming.analyzer.Main
",1,
/app/data/coming_data/pair_03310,False,"Error: Could not find or load main class fr.inria.sacha.remining.coming.analyzer.Main
Caused by: java.lang.ClassNotFoundException: fr.inria.sacha.remining.coming.analyzer.Main
",1,
/app/data/coming_data/pair_03311,False,"Error: Could not find or load main class fr.inria.sacha.remining.coming.analyzer.Main
Caused by: java.lang.ClassNotFoundException: fr.inria.sacha.remining.coming.analyzer.Main
",1,
/app/data/coming_data/pair_03312,False,"Error: Could not find or load main class fr.inria.sacha.remining.coming.analyzer.Main
Caused by: java.lang.ClassNotFoundException: fr.inria.sacha.remining.coming.analyzer.Main
",1,
/app/data/coming_data/pair_03313,False,"Error: Could not find or load main class fr.inria.sacha.remining.coming.analyzer.Main
Caused by: java.lang.ClassNotFoundException: fr.inria.sacha.remining.coming.analyzer.Main
",1,
/app/data/coming_data/pair_03314,False,"Error: Could not find or load main class fr.inria.sacha.remining.coming.analyzer.Main
Caused by: java.lang.ClassNotFoundException: fr.inria.sacha.remining.coming.analyzer.Main
",1,
/app/data/coming_data/pair_03315,False,"Error: Could not find or load main class fr.inria.sacha.remining.coming.analyzer.Main
Caused by: java.lang.ClassNotFoundException: fr.inria.sacha.remining.coming.analyzer.Main
",1,
/app/data/coming_data/pair_03316,False,"Error: Could not find or load main class fr.inria.sacha.remining.coming.analyzer.Main
Caused by: java.lang.ClassNotFoundException: fr.inria.sacha.remining.coming.analyzer.Main
",1,
/app/data/coming_data/pair_03317,False,"Error: Could not find or load main class fr.inria.sacha.remining.coming.analyzer.Main
Caused by: java.lang.ClassNotFoundException: fr.inria.sacha.remining.coming.analyzer.Main
",1,
/app/data/coming_data/pair_03318,False,"Error: Could not find or load main class fr.inria.sacha.remining.coming.analyzer.Main
Caused by: java.lang.ClassNotFoundException: fr.inria.sacha.remining.coming.analyzer.Main
",1,
/app/data/coming_data/pair_03319,False,"Error: Could not find or load main class fr.inria.sacha.remining.coming.analyzer.Main
Caused by: java.lang.ClassNotFoundException: fr.inria.sacha.remining.coming.analyzer.Main
",1,
/app/data/coming_data/pair_03320,False,"Error: Could not find or load main class fr.inria.sacha.remining.coming.analyzer.Main
Caused by: java.lang.ClassNotFoundException: fr.inria.sacha.remining.coming.analyzer.Main
",1,
/app/data/coming_data/pair_03321,False,"Error: Could not find or load main class fr.inria.sacha.remining.coming.analyzer.Main
Caused by: java.lang.ClassNotFoundException: fr.inria.sacha.remining.coming.analyzer.Main
",1,
/app/data/coming_data/pair_03322,False,"Error: Could not find or load main class fr.inria.sacha.remining.coming.analyzer.Main
Caused by: java.lang.ClassNotFoundException: fr.inria.sacha.remining.coming.analyzer.Main
",1,
/app/data/coming_data/pair_03323,False,"Error: Could not find or load main class fr.inria.sacha.remining.coming.analyzer.Main
Caused by: java.lang.ClassNotFoundException: fr.inria.sacha.remining.coming.analyzer.Main
",1,
/app/data/coming_data/pair_03324,False,"Error: Could not find or load main class fr.inria.sacha.remining.coming.analyzer.Main
Caused by: java.lang.ClassNotFoundException: fr.inria.sacha.remining.coming.analyzer.Main
",1,
/app/data/coming_data/pair_03325,False,"Error: Could not find or load main class fr.inria.sacha.remining.coming.analyzer.Main
Caused by: java.lang.ClassNotFoundException: fr.inria.sacha.remining.coming.analyzer.Main
",1,
/app/data/coming_data/pair_03326,False,"Error: Could not find or load main class fr.inria.sacha.remining.coming.analyzer.Main
Caused by: java.lang.ClassNotFoundException: fr.inria.sacha.remining.coming.analyzer.Main
",1,
/app/data/coming_data/pair_03327,False,"Error: Could not find or load main class fr.inria.sacha.remining.coming.analyzer.Main
Caused by: java.lang.ClassNotFoundException: fr.inria.sacha.remining.coming.analyzer.Main
",1,
/app/data/coming_data/pair_03328,False,"Error: Could not find or load main class fr.inria.sacha.remining.coming.analyzer.Main
Caused by: java.lang.ClassNotFoundException: fr.inria.sacha.remining.coming.analyzer.Main
",1,
/app/data/coming_data/pair_03329,False,"Error: Could not find or load main class fr.inria.sacha.remining.coming.analyzer.Main
Caused by: java.lang.ClassNotFoundException: fr.inria.sacha.remining.coming.analyzer.Main
",1,
/app/data/coming_data/pair_03330,False,"Error: Could not find or load main class fr.inria.sacha.remining.coming.analyzer.Main
Caused by: java.lang.ClassNotFoundException: fr.inria.sacha.remining.coming.analyzer.Main
",1,
/app/data/coming_data/pair_03331,False,"Error: Could not find or load main class fr.inria.sacha.remining.coming.analyzer.Main
Caused by: java.lang.ClassNotFoundException: fr.inria.sacha.remining.coming.analyzer.Main
",1,
/app/data/coming_data/pair_03332,False,"Error: Could not find or load main class fr.inria.sacha.remining.coming.analyzer.Main
Caused by: java.lang.ClassNotFoundException: fr.inria.sacha.remining.coming.analyzer.Main
",1,
/app/data/coming_data/pair_03333,False,"Error: Could not find or load main class fr.inria.sacha.remining.coming.analyzer.Main
Caused by: java.lang.ClassNotFoundException: fr.inria.sacha.remining.coming.analyzer.Main
",1,
/app/data/coming_data/pair_03334,False,"Error: Could not find or load main class fr.inria.sacha.remining.coming.analyzer.Main
Caused by: java.lang.ClassNotFoundException: fr.inria.sacha.remining.coming.analyzer.Main
",1,
/app/data/coming_data/pair_03335,False,"Error: Could not find or load main class fr.inria.sacha.remining.coming.analyzer.Main
Caused by: java.lang.ClassNotFoundException: fr.inria.sacha.remining.coming.analyzer.Main
",1,
